run_id,label,success,fault_turn
r_e8cbd1c0ed74,duplicated_work,1,24
r_611b6210f9db,deadlock,0,17
r_226dbc180225,clean,1,-1
r_cf71c98873ae,goal_drift,0,1
r_7f863cc08319,runaway_loop,1,4
r_c168b679f0fe,conflict,0,20
r_ed9a0265d7cf,conflict,0,38
r_d73c99e49533,goal_drift,0,2
r_c2cad52b6c07,dropped_handoff,0,10
r_6b3a79d9474e,deadlock,0,2
r_abcea0120bcc,duplicated_work,1,53
r_e470fe40acca,deadlock,0,2
r_e158b3f04a20,dropped_handoff,0,0
r_833c83949d7f,goal_drift,0,0
r_5fba3cb3b495,goal_drift,0,16
r_905a93728e9e,clean,1,-1
r_0542bee27004,dropped_handoff,0,15
r_4b4d93c9bd83,dropped_handoff,0,13
r_adfd58c2960e,clean,1,-1
r_165bcb6e59c3,clean,0,-1
r_acd0ae9aefd1,dropped_handoff,0,3
r_1973d5b3d400,runaway_loop,0,4
r_96fdc9df6fb7,conflict,1,18
r_d979af732601,runaway_loop,0,3
r_3c65deacc84a,goal_drift,0,7
r_c905ae706ed0,conflict,0,100
r_e729a7733fd7,conflict,0,18
r_b4c4ef251034,clean,1,-1
r_4acf19922ce0,conflict,0,21
r_accca8906b14,conflict,1,42
r_5fb64c81e678,clean,1,-1
r_44c0fcbe1042,runaway_loop,1,0
r_88599e3f150c,clean,1,-1
r_933045d90bbb,clean,1,-1
r_0f8e81af6eb9,clean,1,-1
r_72fca5a7cb45,clean,1,-1
r_799d26eec235,runaway_loop,1,3
r_6eeacf5371e0,goal_drift,0,2
r_75d475dc282d,runaway_loop,0,4
r_0cc480f0dd58,runaway_loop,0,3
r_b4bdbc7eaf87,runaway_loop,1,3
r_15278e7db1f9,runaway_loop,1,2
r_ec829f09deb0,goal_drift,0,4
r_78bd407e4004,clean,1,-1
r_14a512c94596,conflict,0,29
r_03c5118fe7ef,clean,1,-1
r_51412a9f23bf,deadlock,0,2
r_d0b8a9a9dbac,clean,1,-1
r_28ab4d7d95db,duplicated_work,0,34
r_599ab678e4bf,clean,1,-1
r_756a9118e33d,goal_drift,0,12
r_c52ead993f49,duplicated_work,0,34
r_f797ade0fc16,clean,1,-1
r_6c8f7f27e8d9,clean,1,-1
r_ade75032bbe4,clean,1,-1
r_d3a00f0761b7,deadlock,0,2
r_375a663e2334,dropped_handoff,1,1
r_2754fa318dba,deadlock,0,3
r_4011befe6e33,conflict,1,35
r_3dd33cee4ac6,deadlock,0,6
r_b671670e115a,clean,1,-1
r_e9310b32f468,duplicated_work,1,21
r_5cd9ef341a70,duplicated_work,1,39
r_2915847da748,clean,1,-1
r_e438d66dc171,clean,1,-1
r_ef5a6e2a7671,goal_drift,0,6
r_642600745ee4,goal_drift,0,2
r_385f29005a6a,goal_drift,1,3
r_d89d7309985f,dropped_handoff,0,2
r_3e879ca74c70,goal_drift,0,7
r_31db021e4c0d,runaway_loop,0,1
r_3eed30a1a7d3,clean,1,-1
r_9aabeaa2cd3f,clean,1,-1
r_23e96e846344,clean,1,-1
r_3ed564cc93cf,duplicated_work,1,41
r_bd1b0839e0b6,runaway_loop,0,4
r_4ea18e809f2b,clean,1,-1
r_066d156631d2,goal_drift,0,18
r_24e0494552b9,clean,1,-1
r_d27c45e5982b,goal_drift,0,22
r_89fc4e4effb4,goal_drift,0,0
r_7dff53d38ba4,duplicated_work,1,11
r_6ff682acfa76,clean,1,-1
r_256eba333e93,duplicated_work,0,22
r_841968638ea5,duplicated_work,0,25
r_29003b9c4c3d,clean,1,-1
r_a2e0b551f020,conflict,0,49
r_d418c95faacb,clean,1,-1
r_87ecd5f77509,conflict,0,42
r_9ca6359a25e7,goal_drift,0,7
r_2f05a40dbcfc,duplicated_work,1,86
r_457d011144af,duplicated_work,1,25
r_38b403b6667e,clean,1,-1
r_9caeea0710f7,goal_drift,0,5
r_6ac39dc88017,clean,1,-1
r_9d08fee12a0a,goal_drift,0,5
r_802838dae1a3,duplicated_work,1,77
r_3d429f6d6450,runaway_loop,0,0
r_b34e9f5a5d76,dropped_handoff,0,10
r_4fb3433a1036,clean,1,-1
r_2d72398948a1,conflict,0,34
r_09f3710ff7a0,clean,0,-1
r_5de62a726803,dropped_handoff,0,29
r_d2f9a49ce81b,goal_drift,0,2
r_cb2540844e72,dropped_handoff,1,2
r_7112b19fcf3f,dropped_handoff,0,0
r_f4925d67fb02,conflict,1,16
r_d3acb963750d,runaway_loop,0,2
r_ad7c9a836242,conflict,0,25
r_ed5b851a6eca,runaway_loop,0,2
r_cc2c41fa5fcc,dropped_handoff,0,5
r_bb1c2b8d4d18,clean,1,-1
r_695b810ef79b,deadlock,0,7
r_45ac1b563f50,duplicated_work,1,45
r_39c9ecc9ac02,conflict,0,20
r_576d22edc306,goal_drift,0,10
r_2be864c4b983,deadlock,0,5
r_82663886e8ca,clean,1,-1
r_27513f3a4975,runaway_loop,0,0
r_725ae416d3ce,clean,1,-1
r_7bbb5a5b3e45,clean,1,-1
r_ff337841ab42,clean,1,-1
r_ffc040f69a46,clean,1,-1
r_61c71e338598,clean,1,-1
r_309f3d14c950,clean,1,-1
r_bd40d69f0d19,goal_drift,0,2
r_9cb436f64328,goal_drift,0,7
r_d8dfcead6681,clean,1,-1
r_717579359319,clean,0,-1
r_15e5f251aae6,goal_drift,0,1
r_e659957f67b0,conflict,1,23
r_6b0f3b68c573,deadlock,0,1
r_c12ea90d49e5,conflict,0,36
r_2a02cd047545,clean,1,-1
r_70f3263cce8c,deadlock,0,4
r_3a35d7261480,clean,1,-1
r_d86c8a6d1e61,goal_drift,0,1
r_1db2a3622541,deadlock,0,4
r_58aa6fb1c56e,runaway_loop,1,0
r_2c8072bb1be6,runaway_loop,0,6
r_ddc8b83d41fb,conflict,0,16
r_4d2059f9cb75,duplicated_work,1,26
r_2f6cfaea70dd,duplicated_work,0,37
r_23319de79cd0,deadlock,0,19
r_a3ffc0a3f948,duplicated_work,0,34
r_7b11f182f008,runaway_loop,0,5
r_d6ec55500674,clean,1,-1
r_5f6301bda7ce,runaway_loop,0,1
r_078ba514792d,conflict,0,23
r_5e8f4e955759,runaway_loop,0,0
r_03a5020a6308,deadlock,0,15
r_3e6a44290643,clean,0,-1
r_84c0133df709,conflict,1,45
r_a1aee166d4a1,clean,1,-1
r_77c9efcdec5a,clean,1,-1
r_d4a29a21bc90,conflict,0,22
r_945d15f076dd,conflict,1,51
r_00506b071509,clean,0,-1
r_544ad313c2ea,dropped_handoff,0,21
r_a0a4fdc3b348,conflict,0,10
r_e14145301a3d,runaway_loop,1,2
r_8bb37f7aa3ec,runaway_loop,1,4
r_bbda3e0eb5da,goal_drift,0,5
r_95e14de84e3d,clean,1,-1
r_fa3db1357787,clean,1,-1
r_e42fe0cbe25d,clean,1,-1
r_46273538789c,dropped_handoff,1,8
r_e4ec947f28ae,goal_drift,0,2
r_1a1f1f1d4845,clean,1,-1
r_c51f01aa583e,clean,1,-1
r_3576ea4bfc94,conflict,1,21
r_4920ed778c85,clean,1,-1
r_69b87bab5dcb,goal_drift,0,3
r_5356c7f7688a,duplicated_work,1,43
r_7a70ef2a95a5,goal_drift,0,1
r_d564cf80c0da,conflict,0,35
r_842f847ad716,clean,1,-1
r_15cfb101655a,deadlock,0,12
r_2d393964691c,clean,1,-1
r_d8df5b1de301,conflict,0,67
r_70b55de97d13,runaway_loop,1,2
r_a48f57f557b5,duplicated_work,1,23
r_296a7ac3c388,clean,1,-1
r_396964c500e2,dropped_handoff,0,2
r_f278c97686d8,runaway_loop,0,1
r_3bd3460c9c0f,goal_drift,0,1
r_ad760796def2,deadlock,1,1
r_b7b1fe49e9ae,duplicated_work,1,31
r_f32745a1388f,duplicated_work,0,18
r_7ff9743424ba,conflict,0,17
r_c3e5f8c9e188,clean,1,-1
r_9cbfc4ebbf65,dropped_handoff,1,9
r_752f810bfb68,clean,0,-1
r_d3d017c509dc,clean,1,-1
r_a294c1978f8d,deadlock,0,26
r_73d62144bdcd,deadlock,1,2
r_94d1a5e9e45a,deadlock,0,14
r_9bdbdcaf2b76,goal_drift,1,8
r_eb7a1981bfaf,deadlock,0,0
r_6b181a14da91,duplicated_work,1,42
r_c885af802de5,duplicated_work,1,30
r_2669f2e42d51,clean,1,-1
r_c46aa0e343d3,clean,1,-1
r_c36257af4a28,deadlock,0,4
r_cfececc20cf2,clean,1,-1
r_a88089d301a3,deadlock,0,2
r_cb73f350dd36,dropped_handoff,1,6
r_9d160d290899,dropped_handoff,0,10
r_bcbc2a150def,clean,1,-1
r_5c24e95008d9,goal_drift,0,6
r_21decee4f907,goal_drift,0,8
r_1377b1529231,clean,1,-1
r_14691ba7465d,clean,1,-1
r_07a60048ebb1,runaway_loop,0,1
r_582929ad7524,goal_drift,0,5
r_2e70bea2640c,clean,1,-1
r_406652bdb458,clean,0,-1
r_cf423e8753bd,dropped_handoff,0,11
r_bebc8df9a3fa,clean,1,-1
r_589e3fb1072d,goal_drift,0,1
r_d29630eabbe6,conflict,0,52
r_7c11797795a5,duplicated_work,1,24
r_0a6548c867b2,duplicated_work,1,22
r_13847d99fa89,conflict,0,13
r_d8d0d3554caa,deadlock,0,15
r_3e4e89975dce,clean,0,-1
r_e8644fcc1383,goal_drift,0,3
r_5dadf87db3ee,dropped_handoff,0,10
r_2200dcb3dd64,duplicated_work,1,24
r_ad2119fda1c6,runaway_loop,0,0
r_2ae45004faea,clean,0,-1
r_43a90de50a06,duplicated_work,0,31
r_926a343d98fe,deadlock,0,7
r_1519ceafeb92,clean,1,-1
r_8cae2d808c79,dropped_handoff,1,15
r_ae99c5f233de,goal_drift,0,2
r_4a320629e46c,duplicated_work,1,39
r_7801d6b88848,runaway_loop,0,1
r_dd79d7c77f5e,clean,1,-1
r_b3e3f8a64d3d,clean,1,-1
r_28fda687055d,duplicated_work,1,21
r_4f9b3d6b38fa,clean,1,-1
r_a8788561e5f9,clean,1,-1
r_e9bd3f600aa3,runaway_loop,0,4
r_5de7cfa6be00,duplicated_work,0,26
r_ef0c8c142b95,goal_drift,0,1
r_58911f1ae17c,deadlock,0,6
r_2e91300b3556,dropped_handoff,0,3
r_15b607f18604,clean,1,-1
r_9856a0bd1c6b,clean,1,-1
r_d36b16fe3fee,duplicated_work,1,51
r_688c94d5d519,runaway_loop,0,3
r_3abf2aad6c90,clean,0,-1
r_52fc9975df8c,goal_drift,0,10
r_772865128a12,runaway_loop,0,2
r_070c5e6313df,runaway_loop,0,9
r_5ba4db913b5b,runaway_loop,0,2
r_dd87b6daa643,clean,1,-1
r_33ad190d202c,deadlock,0,6
r_2eea96bd89df,goal_drift,1,0
r_987ddfd3d109,clean,1,-1
r_21ac24b456f8,runaway_loop,0,0
r_b119a2973d77,clean,1,-1
r_c29c0c713f9e,conflict,0,10
r_3b9fc6041547,goal_drift,1,5
r_91b39a13a053,goal_drift,0,3
r_892c65ae43f6,dropped_handoff,0,3
r_32ced0fd7a43,clean,1,-1
r_f0be831e0d75,clean,1,-1
r_54504c2f7a8c,dropped_handoff,1,7
r_4ce41e205900,clean,1,-1
r_0b67e51fbf0e,deadlock,0,3
r_4c3fbaea87b6,conflict,0,46
r_416a9d6a01a6,clean,1,-1
r_063bd9b5662c,runaway_loop,0,2
r_bf4ee9bd5426,clean,1,-1
r_aae2f608fca8,deadlock,0,1
r_c244e298d990,clean,1,-1
r_ea01103dc003,deadlock,0,6
r_49397f33432b,runaway_loop,0,2
r_d9c1cc29a2d5,goal_drift,0,6
r_0d3e2b2b47be,goal_drift,1,12
r_80a82692d8a8,conflict,1,48
r_9048990b6f77,goal_drift,0,7
r_0f2fbb1ab675,conflict,0,9
r_83bd5c2df66a,clean,0,-1
r_6858d8a2c2f0,clean,1,-1
r_36030d5815e9,goal_drift,0,14
r_b7640c474ec4,runaway_loop,1,2
r_993d7cb475a5,conflict,1,15
r_92d13e8cb366,dropped_handoff,1,2
r_d88541f3139d,duplicated_work,1,32
r_4a4b12d24c40,conflict,0,19
r_2114b2c5f5a9,runaway_loop,0,3
r_2cb8cee601f8,deadlock,0,6
r_6efb5bbce306,clean,1,-1
r_a81b4b5f317a,dropped_handoff,0,2
r_814fee4fb6a7,runaway_loop,1,4
r_15dc41705726,goal_drift,0,4
r_992e72db9e9c,runaway_loop,0,1
r_358819e572dc,duplicated_work,1,20
r_94e51011522a,deadlock,0,7
r_bebc4c54bbfb,conflict,0,34
r_2793e0a41cb6,goal_drift,0,4
r_77d7fc363430,clean,1,-1
r_7dedafd47093,clean,1,-1
r_3ef38ff192f8,conflict,1,28
r_3fcfffe3129d,duplicated_work,1,37
r_2101214b6d4d,duplicated_work,1,29
r_187650b7580c,clean,1,-1
r_1e33f69ec53a,deadlock,0,2
r_e41e3e15f078,conflict,0,28
r_3ede27728ede,conflict,0,45
r_c095d663e855,deadlock,0,2
r_c88cf1014114,goal_drift,0,2
r_ec5f0e82879e,clean,1,-1
r_b628532e8c7a,clean,1,-1
r_ea5b7c6b3488,dropped_handoff,0,5
r_811e6ebe7224,conflict,0,20
r_14313787dd7b,runaway_loop,0,3
r_14c69266b91a,goal_drift,1,4
r_1b1d5a64b826,conflict,0,33
r_be914d6eb0a1,clean,1,-1
r_f712edede7b2,clean,1,-1
r_b3f5d25aa89b,runaway_loop,0,1
r_2ab046b77850,runaway_loop,1,2
r_2f932d667391,conflict,0,20
r_8ea9a2425bc9,deadlock,0,4
r_c3ad07f28fad,conflict,1,13
r_b3d0aef398ca,clean,0,-1
r_dad5f0fff37c,deadlock,0,12
r_348a0a28450f,clean,1,-1
r_04e2c5188d5d,dropped_handoff,1,1
r_188c67fb8587,clean,1,-1
r_19b56af31e07,runaway_loop,1,3
r_2c148dcc4c1b,clean,1,-1
r_98059f80df45,conflict,0,17
r_da2f5e4d04b5,clean,1,-1
r_1a461dd49184,clean,0,-1
r_a359bd2c6913,clean,1,-1
r_9b43dffd3ad5,runaway_loop,0,0
r_cdb69e3d51f4,runaway_loop,0,3
r_ce5afe71c0af,deadlock,0,0
r_50297cbf3bec,clean,1,-1
r_a0bf15b7c180,clean,1,-1
r_a18c2050ba4f,duplicated_work,1,7
r_ad805b8a8699,goal_drift,1,7
r_ea4c31208c2b,conflict,1,100
r_fb3428ab8f74,clean,1,-1
r_a0c0f84eb9dc,goal_drift,0,3
r_871c598ba03b,clean,0,-1
r_cf3e625d6f0d,dropped_handoff,1,8
r_6d058d228fa2,clean,1,-1
r_47aeedea4401,dropped_handoff,1,20
r_9d5fd7e01fcb,conflict,1,17
r_0bba75d2e03c,duplicated_work,1,20
r_bf6118e78706,runaway_loop,0,5
r_449e532527d4,clean,1,-1
r_9e1b3556ae55,clean,1,-1
r_cc5078b58590,conflict,1,14
r_23da8f881a65,conflict,1,49
r_b8ee43579098,goal_drift,0,6
r_811a4a3bd771,goal_drift,0,18
r_f4007814f9bf,clean,1,-1
r_493d9ef1027c,duplicated_work,0,55
r_1d41367afeb2,runaway_loop,0,3
r_a032b8dddbf4,duplicated_work,1,56
r_1f228000f1cf,dropped_handoff,0,8
r_9cd4c636ef51,goal_drift,1,2
r_973232f33c34,dropped_handoff,0,3
r_365647fa15ca,conflict,1,13
r_8e1d88b378cb,duplicated_work,1,29
r_4b85afdd22dd,clean,1,-1
r_e4af4aab89da,runaway_loop,0,8
r_890948e16bb5,goal_drift,0,3
r_d3ca30f7731c,clean,1,-1
r_d4e20fa381ce,clean,1,-1
r_7a1fc5163696,duplicated_work,1,31
r_bc2d94b2372a,clean,0,-1
r_1d80857aaf78,goal_drift,0,11
r_a224e0790cf8,dropped_handoff,0,5
r_6d3be0877f36,deadlock,0,1
r_7119dccb2952,clean,1,-1
r_77765376331e,dropped_handoff,1,40
r_ae2075271fbb,clean,1,-1
r_690f2c00b3bc,duplicated_work,1,46
r_0fd386cbeb4a,runaway_loop,0,12
r_f5ab54814ec9,clean,0,-1
r_bfea08f51cf2,runaway_loop,0,2
r_c94c17a8385f,deadlock,0,4
r_5ea740226ca7,duplicated_work,0,56
r_d67a74c71e0b,conflict,0,20
r_1429e5dcd959,conflict,1,14
r_35ab3affd4bb,dropped_handoff,0,2
r_98eb5ca2e88f,clean,1,-1
r_847ae31431a7,clean,1,-1
r_e5a5fc9b10e6,duplicated_work,0,35
r_fe1b699f4fd1,dropped_handoff,1,4
r_ae36caa57c7c,goal_drift,0,4
r_8fd161f39ead,runaway_loop,0,4
r_b12beee0dcb0,deadlock,1,4
r_93ecec23cf5d,goal_drift,0,2
r_471c92bf0f4e,deadlock,1,9
r_25dfc2ba54b3,duplicated_work,1,30
r_3acd558456f5,dropped_handoff,0,1
r_7d076edabfd1,clean,1,-1
r_2b0bc923c2fe,duplicated_work,1,17
r_0217b4adb81a,duplicated_work,0,25
r_fbc2f48c800c,runaway_loop,0,3
r_1ff8df4048bc,conflict,1,18
r_9a4d017b1562,goal_drift,0,5
r_019d8be0a5ee,goal_drift,0,2
r_7f5c6863469e,conflict,0,20
r_109623138b08,clean,1,-1
r_adad4de2214e,conflict,0,17
r_e68726a887ac,clean,1,-1
r_f34fa7d8f84c,goal_drift,0,2
r_cfb1d1fa67b9,deadlock,0,2
r_d8f3a2682512,clean,0,-1
r_1cae39130c50,dropped_handoff,0,2
r_bb09d40f3448,deadlock,0,4
r_3554aac65f0f,clean,1,-1
r_d100e75b10bc,deadlock,0,18
r_f1b08914a798,clean,1,-1
r_8b1e526f7d8c,clean,1,-1
r_7754aefc5616,goal_drift,0,3
r_590590659e68,clean,1,-1
r_fea7802c44a1,clean,0,-1
r_d46ccde66250,conflict,1,9
r_83f19a98f0fe,duplicated_work,1,45
r_632de1feebf5,clean,0,-1
r_f0cd67c6c74c,goal_drift,0,1
r_995e6eed8035,deadlock,0,5
r_4b793a06d009,conflict,0,46
r_6a20a1b17c17,goal_drift,0,1
r_665e88e7f439,clean,1,-1
r_e894f0d25e97,duplicated_work,1,28
r_2c80afae0c12,conflict,0,27
r_619e3e6f12b8,conflict,0,23
r_d7bb6ac93cf4,clean,1,-1
r_0a9a54eabcf8,duplicated_work,1,34
r_5bb25de660e3,runaway_loop,0,8
r_c448216acbcf,dropped_handoff,0,0
r_e4e77a4d9145,deadlock,0,2
r_739a3e0ce472,dropped_handoff,0,0
r_df4978a80c8d,dropped_handoff,0,4
r_73047a6a38e6,clean,0,-1
r_3af35033a93e,runaway_loop,0,3
r_05cb9bec80ec,goal_drift,0,4
r_015bae2ffcdb,duplicated_work,1,15
r_b3185e0f4142,runaway_loop,1,1
r_032e9eb94049,goal_drift,1,4
r_1689fa5d9cc2,runaway_loop,0,1
r_4e98c6fe37c9,conflict,0,7
r_e1ec8f153133,conflict,0,10
r_34c6829d2cc0,clean,1,-1
r_ca20f589b449,conflict,0,70
r_098ccc1c54b7,duplicated_work,0,33
r_6c1c3ac8b314,conflict,0,16
r_896bdfc9f8fe,dropped_handoff,0,6
r_9be583524b2e,runaway_loop,0,4
r_ce11f575b0d1,dropped_handoff,1,5
r_c8aab57c3eec,clean,1,-1
r_b2ff136781e2,duplicated_work,1,22
r_db4d2ecac58e,dropped_handoff,0,11
r_2bbd496ac0fd,conflict,1,20
r_8519d5452d3e,runaway_loop,0,4
r_363a25b7f4a9,runaway_loop,0,3
r_342d65ba917f,dropped_handoff,1,10
r_19d646edced8,clean,1,-1
r_d02432452722,conflict,0,9
r_e93b7803a948,duplicated_work,0,70
r_7c420d603b70,clean,1,-1
r_75803e9e38e5,clean,1,-1
r_87ecbb857ae8,goal_drift,0,2
r_4f57382f794c,goal_drift,0,1
r_9c34c94bf512,deadlock,0,6
r_cd26e69d1336,goal_drift,0,10
r_604f41307959,goal_drift,0,0
r_14e368a7bb8c,clean,0,-1
r_2c99f12bc80e,runaway_loop,1,2
r_abcf938e6f46,dropped_handoff,0,1
r_afea6aab954e,goal_drift,0,3
r_afcffcb73624,conflict,1,13
r_67f706e8009a,conflict,0,11
r_cdae677b29a2,deadlock,0,5
r_f6dcc582b9cc,runaway_loop,0,2
r_c0ab0bf1e51e,clean,0,-1
r_a8e9c48cd57e,clean,1,-1
r_f97fe14799ff,goal_drift,0,1
r_290cf2439bba,conflict,0,25
r_10b487928d8c,runaway_loop,0,5
r_70aef32580d0,runaway_loop,0,1
r_52f839b40362,goal_drift,0,1
r_95b603e94431,runaway_loop,0,0
r_040030b4ca8f,deadlock,0,7
r_05d7f951aefd,goal_drift,0,4
r_6230c5aa8ff3,deadlock,0,5
r_2e1500eb1236,dropped_handoff,1,3
r_c7f7f1e8d098,runaway_loop,0,4
r_90c2c45f39bf,clean,1,-1
r_14153ff3883b,deadlock,0,2
r_8f10f73dd269,duplicated_work,1,35
r_b3095327d68e,deadlock,0,7
r_f4d14c0f0b20,runaway_loop,1,14
r_dedbc5de442c,dropped_handoff,1,2
r_6681e33e044c,goal_drift,0,32
r_3354ff6dd354,goal_drift,0,18
r_a3796d1d6ba6,dropped_handoff,1,16
r_6c922f7bd2e8,conflict,0,22
r_264c056a34ef,conflict,1,16
r_9352620ec826,conflict,0,50
r_8e63a205bea3,clean,1,-1
r_e21c32ac6287,goal_drift,0,3
r_5143aed5e3c2,clean,1,-1
r_f21a34b818ff,goal_drift,0,15
r_be99ef62a60b,goal_drift,0,12
r_adadef0e4ec5,conflict,0,23
r_fb51e7785bb2,clean,1,-1
r_6077dcf85708,clean,1,-1
r_c1226a4069cf,clean,1,-1
r_78a665b939b1,deadlock,0,2
r_bad44b357e7e,deadlock,0,4
r_217a91889c28,clean,1,-1
r_8ab241542317,deadlock,0,3
r_39cfff274702,clean,1,-1
r_67ef758a4d8f,clean,0,-1
r_77b42d5a93df,runaway_loop,0,1
r_7b6569ca433b,duplicated_work,1,45
r_f5176b8d832d,goal_drift,0,7
r_1bd5dc082137,goal_drift,0,0
r_db48ac56c075,conflict,0,5
r_c5c22184665f,conflict,1,19
r_80fc28d9e01d,clean,1,-1
r_200052e854df,duplicated_work,1,47
r_140427252a36,runaway_loop,1,0
r_3f7348d366d3,conflict,0,57
r_b3b6d3e94a0a,conflict,0,21
r_d5a410fbb578,conflict,0,55
r_e974a0e16739,conflict,0,19
r_85b6c58ea48f,clean,0,-1
r_aae9cf4e7cf3,conflict,1,12
r_d4550aa41305,duplicated_work,1,21
r_7b5dc4114d30,duplicated_work,1,25
r_a013f81b309d,conflict,0,30
r_2e64c9cf9952,conflict,1,33
r_0734557e50ef,goal_drift,0,1
r_30a17554047f,runaway_loop,1,1
r_eac49d4e2339,runaway_loop,0,2
r_112deaba5f53,duplicated_work,1,67
r_08055ba0d4fc,clean,1,-1
r_5abdb7941625,clean,1,-1
r_31c7ef53b639,dropped_handoff,0,7
r_32ab89a1d2f4,runaway_loop,0,0
r_4af8c0bef2a3,clean,1,-1
r_17b524d76af2,dropped_handoff,0,13
r_346bdcbdd26e,deadlock,0,3
r_4b458967fe9f,clean,1,-1
r_573d1f41e8c4,dropped_handoff,0,13
r_6f236190dbb4,conflict,0,54
r_e094316f9da1,deadlock,0,4
r_36949ccdc6ff,clean,1,-1
r_63c62415b9e9,duplicated_work,1,18
r_cd60666f85fc,conflict,0,12
r_f2977c8a8228,goal_drift,0,4
r_c85906ca67fc,goal_drift,1,5
r_ce4af1868543,conflict,1,12
r_25c7ce3b8985,deadlock,1,2
r_44847580d3ec,deadlock,0,32
r_8e4f31f80f72,clean,1,-1
r_71217f5d7274,clean,1,-1
r_b2cbd0160152,goal_drift,0,5
r_8ef029c61c84,dropped_handoff,0,1
r_a9ccd963c458,goal_drift,0,7
r_7df6585d901d,dropped_handoff,0,24
r_c766478a93db,goal_drift,1,4
r_e49f11873663,goal_drift,0,6
r_7bd0a57b6142,goal_drift,0,3
r_1c299a4b95e4,clean,1,-1
r_234cd1770d7a,runaway_loop,0,0
r_56fcf1e7d8c1,runaway_loop,1,2
r_2276ac6f425f,clean,1,-1
r_ad458395fb18,conflict,0,21
r_700bbdcafdb1,dropped_handoff,1,0
r_99b3f4426e19,conflict,1,25
r_99efd86d0f51,runaway_loop,0,1
r_feb609feee4e,clean,1,-1
r_093ccef586f7,conflict,1,14
r_57fc2d3d16fc,clean,0,-1
r_c8d527409d14,clean,1,-1
r_0008810e6b38,goal_drift,0,1
r_3ad6b0a36f17,goal_drift,0,15
r_2da73c4100e0,deadlock,0,10
r_7b8e5f871abc,goal_drift,0,8
r_1950368c368a,dropped_handoff,0,4
r_7c64dcee7d2d,deadlock,0,1
r_b19d07069571,duplicated_work,1,19
r_47298ccf3d04,clean,1,-1
r_8573e8a70633,deadlock,1,5
r_1357c09a8f4e,clean,1,-1
r_2dffd0e280c1,conflict,0,10
r_02f257c064ef,goal_drift,0,7
r_f4e21db76176,goal_drift,0,1
r_8edaa847a45a,duplicated_work,0,57
r_4cbc347b7ae4,runaway_loop,1,4
r_fe43b165d62f,runaway_loop,0,14
r_e0b2e2b3fe03,clean,1,-1
r_46a62ff8fb5b,runaway_loop,1,1
r_298b918c3271,conflict,0,10
r_167c93c70365,conflict,0,30
r_0a000c4208e4,clean,0,-1
r_33f1e1bd1f7d,conflict,0,32
r_9bb59cf08b50,clean,1,-1
r_81d94f17dc65,conflict,0,12
r_81d118a7855f,clean,1,-1
r_195c6c840110,clean,1,-1
r_a0c9a1dc7bc5,duplicated_work,1,24
r_c3bf0df79cc4,runaway_loop,0,2
r_8540549c6884,duplicated_work,1,35
r_be12499b436a,clean,1,-1
r_e9af67d7a49a,clean,1,-1
r_981382ffb540,conflict,0,18
r_e568d5678f1a,goal_drift,0,7
r_0be175b09d62,deadlock,0,15
r_6b7b761c12e5,deadlock,0,0
r_ad332d9fd854,clean,1,-1
r_15ef3126edbc,clean,1,-1
r_25979f96977e,dropped_handoff,1,0
r_f0de8e53f15d,clean,1,-1
r_5730c18b04d1,runaway_loop,0,0
r_bcc8a9c37183,conflict,0,22
r_d241e8779203,goal_drift,0,3
r_ee8ac0b86fdf,runaway_loop,0,2
r_d27ee7e81977,deadlock,0,3
r_d1d24d64b74c,goal_drift,0,6
r_94fcbe1aee3a,deadlock,0,2
r_2eeb8d0a0f77,clean,1,-1
r_eed5d0d66f5f,duplicated_work,1,38
r_c0061d5c33df,conflict,0,8
r_fceb4c7d7996,dropped_handoff,1,6
r_3cdb4dfea0d4,dropped_handoff,1,0
r_7062b5cd1c4a,duplicated_work,1,34
r_bda51d0dd6b0,clean,1,-1
r_e523ce2553d4,duplicated_work,1,23
r_6f6d9111e2a4,duplicated_work,1,22
r_2b9da0611d7f,runaway_loop,0,2
r_0181ec9d192d,goal_drift,0,16
r_e61ead229dc6,goal_drift,0,5
r_26c26a5cb196,clean,0,-1
r_316a2011708a,clean,0,-1
r_7b72666d65ab,conflict,0,13
r_c79c93b1d1c5,dropped_handoff,0,30
r_0dc207f987b8,deadlock,0,11
r_e3c8d992d7f2,dropped_handoff,0,0
r_002b1670f4db,clean,1,-1
r_52bbdca9f8b3,clean,1,-1
r_c4eed4bbf6f7,goal_drift,0,2
r_244911f369de,clean,0,-1
r_1dff01149d9e,clean,1,-1
r_ee792f8e8129,clean,1,-1
r_671da3a96d81,clean,1,-1
r_94e34fb4487a,dropped_handoff,0,27
r_6c92b58bfaf5,clean,1,-1
r_115f3b019e51,deadlock,0,0
r_eb9ecd35ded1,runaway_loop,0,3
r_04ec3daeeec7,dropped_handoff,1,8
r_017086214b6b,clean,1,-1
r_624418a296d0,goal_drift,0,2
r_6e05f5f23960,goal_drift,0,3
r_b90669e0f0b8,dropped_handoff,0,13
r_b2c2c93296e0,goal_drift,0,2
r_df688353cc14,dropped_handoff,0,2
r_86d65d51b1e7,runaway_loop,1,2
r_9396d089ae15,dropped_handoff,1,21
r_33b9d6217ecb,deadlock,0,7
r_ee3ded6e949c,goal_drift,0,2
r_3962e691a7a2,duplicated_work,0,74
r_54ef29a5bbb2,goal_drift,0,2
r_102d6e440fbb,clean,1,-1
r_6bac8488b2fb,duplicated_work,1,16
r_d17b5da95c42,clean,1,-1
r_f388a4a30c0c,clean,1,-1
r_2f97f07d8d8f,conflict,1,31
r_2e6ad91a3067,conflict,0,31
r_739d1f25be64,clean,1,-1
r_fe61b702f5f6,goal_drift,0,5
r_6309fb615777,dropped_handoff,1,38
r_917f965bb39c,clean,1,-1
r_77d27073c2ac,clean,1,-1
r_685f289bc1fb,deadlock,0,21
r_1670060ebaed,clean,0,-1
r_e9c2749f2015,dropped_handoff,1,17
r_b65abda3fe6c,clean,0,-1
r_8a70d663a685,runaway_loop,0,4
r_0e7442d984be,deadlock,0,3
r_c3e3adbdf868,dropped_handoff,0,2
r_79495044c703,dropped_handoff,1,9
r_b29bab252f72,conflict,0,17
r_85c5f56bbe26,deadlock,0,7
r_ee805648c21f,deadlock,0,9
r_b0e0b016642d,duplicated_work,1,16
r_f46a53216eca,duplicated_work,0,28
r_bc928c78af14,dropped_handoff,0,10
r_e66867a6b60f,conflict,0,11
r_32873bc0585d,runaway_loop,1,0
r_37382bc6c2a1,duplicated_work,0,57
r_eced8a084b8e,clean,1,-1
r_9b57707df5a6,runaway_loop,1,2
r_3975d3f9c806,clean,1,-1
r_33ccc3196252,deadlock,0,8
r_2f55945075fd,duplicated_work,1,15
r_8c566cb19045,runaway_loop,1,2
r_36bb82611102,dropped_handoff,0,6
r_9028085f1c1c,runaway_loop,1,2
r_d09c91e49bff,conflict,0,27
r_66cf655c8d92,conflict,0,8
r_29b94124e530,clean,1,-1
r_abdcfc17a8ef,duplicated_work,0,57
r_f36bd8afceea,clean,1,-1
r_094a8591d381,goal_drift,1,4
r_e55733a46be9,duplicated_work,1,30
r_be0688f7e3d0,clean,1,-1
r_84c94fb7ee59,goal_drift,0,11
r_ac5b0b114a9f,goal_drift,0,2
r_8e106a84aed9,clean,1,-1
r_eb02f904b4a4,goal_drift,0,8
r_b7875d052ec2,deadlock,0,33
r_5e9a68f9a477,dropped_handoff,0,13
r_f5ba8700c3a6,runaway_loop,0,2
r_8f8cf548be3d,clean,1,-1
r_6d0aabe68505,dropped_handoff,0,21
r_403afb2d180e,goal_drift,0,1
r_50b9cb1c0136,dropped_handoff,1,3
r_e18890904dca,clean,1,-1
r_bcea11cb556a,goal_drift,0,0
r_62029a67ea5e,clean,1,-1
r_cd408fe215ce,clean,1,-1
r_24b5e69439a5,goal_drift,0,8
r_31338e8d76e2,conflict,0,35
r_5b8a50238e3e,conflict,1,31
r_47190f8c19af,clean,1,-1
r_0ad1ea489b59,dropped_handoff,0,2
r_1a484c4fab6f,runaway_loop,0,1
r_6c90ed54491e,conflict,0,16
r_c78b940d6240,runaway_loop,0,1
r_81ffb66a548e,clean,1,-1
r_5e2f41b170c1,dropped_handoff,0,9
r_68914edaec9b,duplicated_work,1,24
r_8a7f8a5416bf,clean,1,-1
r_628b4463eada,clean,0,-1
r_d83895754f16,clean,1,-1
r_97fd89188218,clean,1,-1
r_b27f6f731940,runaway_loop,0,3
r_c0729a88e459,clean,1,-1
r_bcf84368f4d2,duplicated_work,1,36
r_2e4d105e71b5,duplicated_work,1,34
r_29fb7366e1c4,duplicated_work,1,9
r_720570639795,clean,0,-1
r_841e5e8f6026,deadlock,0,0
r_33a9cc80f22e,clean,0,-1
r_9afd645f8f6f,duplicated_work,0,10
r_ec1f3782b0c4,clean,1,-1
r_0f1c51af20b5,clean,0,-1
r_def7bbecc9dc,runaway_loop,0,2
r_42b41d6c92bb,runaway_loop,1,1
r_548a638c1b90,duplicated_work,1,20
r_06fec2ad52e1,clean,0,-1
r_3c560d355f1d,duplicated_work,1,36
r_15104487a3e3,goal_drift,0,1
r_ca70db7463b4,dropped_handoff,1,7
r_2ef2ef9db983,goal_drift,0,6
r_dabdb3bda220,duplicated_work,1,45
r_c150fa7ae21a,clean,1,-1
r_1d4b76e314b6,conflict,0,15
r_757c93c3bc71,clean,1,-1
r_d8c06d01e031,clean,1,-1
r_768755d8eee6,clean,1,-1
r_20d5dd769a82,clean,1,-1
r_9d446a95126e,runaway_loop,1,2
r_eeefd844e685,dropped_handoff,0,23
r_3924c171d9d8,deadlock,0,2
r_3165fb38aa4b,dropped_handoff,0,1
r_c4a7b4b096e0,runaway_loop,0,0
r_1ab95b08d7f4,clean,1,-1
r_f11d9172632e,goal_drift,0,8
r_a24e710ba9c6,conflict,0,39
r_3385c0562413,duplicated_work,1,21
r_2d56b3906dbf,conflict,1,23
r_5a9c5db832ba,clean,0,-1
r_2f11acb020a3,clean,0,-1
r_fe549c59d225,conflict,0,10
r_c2d8ed9e9a9a,dropped_handoff,1,3
r_600c530a9e20,clean,1,-1
r_566e1590454f,runaway_loop,0,2
r_c49e3bc90212,runaway_loop,1,1
r_4317f36a1ef8,clean,1,-1
r_54d14c908911,runaway_loop,0,11
r_090caf89bfc5,runaway_loop,1,2
r_c55de7a5f974,clean,1,-1
r_b1fb1a6639f9,conflict,1,20
r_77319b8eb930,clean,1,-1
r_bb7aa8098ea4,clean,0,-1
r_e30e5a4550fb,conflict,1,33
r_36dd36554ed8,runaway_loop,0,6
r_d369c0f430e2,clean,1,-1
r_bf007f9012b0,goal_drift,0,1
r_10a82adb48e6,clean,1,-1
r_708d023899fe,dropped_handoff,0,5
r_8a3133fd87fe,dropped_handoff,0,26
r_dfef83843796,duplicated_work,1,39
r_9d6a28d3db83,runaway_loop,1,3
r_079f57d99a17,clean,0,-1
r_e56d6eaa6476,clean,1,-1
r_0be81a48e860,dropped_handoff,1,9
r_95f457ab4e2b,duplicated_work,0,48
r_64c2eafc7dac,clean,1,-1
r_836cab839a61,deadlock,0,3
r_28f746d24db5,deadlock,0,3
r_062a1653a333,clean,1,-1
r_27833131c3ae,duplicated_work,1,66
r_11cc6920490c,conflict,1,16
r_70e0bae46b8e,duplicated_work,1,24
r_591992a223e1,clean,1,-1
r_9a04cff8bbae,goal_drift,0,2
r_9ee0ac9eac8c,goal_drift,0,16
r_3270c09e223f,conflict,1,33
r_ba214522b79e,clean,1,-1
r_63ef63916186,goal_drift,0,2
r_631ec9fb113b,dropped_handoff,0,9
r_26a06f76b6a8,dropped_handoff,0,11
r_037b3626d853,clean,1,-1
r_d810ba33780e,clean,1,-1
r_646108405e38,goal_drift,0,4
r_3fbd3807fcb2,deadlock,0,6
r_75bf74fba42e,deadlock,0,5
r_518eb1b5edd0,duplicated_work,1,46
r_c08c828e591c,duplicated_work,1,27
r_38b0cbb33b21,goal_drift,0,4
r_98bde8ea6d18,clean,0,-1
r_b4e120ca869c,conflict,1,61
r_97aa492d440d,runaway_loop,0,0
r_260675ec6853,deadlock,0,2
r_3566b307434e,duplicated_work,1,26
r_9b2fb9316fd1,runaway_loop,0,2
r_6da1b0663df9,goal_drift,1,8
r_d1e5414da7d0,duplicated_work,0,8
r_5571fc4b8ebf,runaway_loop,0,2
r_88fca394c15f,clean,1,-1
r_16e2e5f08680,dropped_handoff,0,0
r_7d1bb5208b79,goal_drift,1,17
r_455032581849,duplicated_work,1,30
r_36c2e57a5d44,dropped_handoff,1,8
r_b7d5db81591e,deadlock,0,12
r_767735d3093b,runaway_loop,0,1
r_750c4678cab1,deadlock,1,0
r_6253bf276406,clean,1,-1
r_7fec478fc01c,clean,1,-1
r_eb930d7bb5da,clean,0,-1
r_1e3c227b97dd,conflict,0,7
r_0bf9d266a5be,conflict,0,56
r_bca1ec7c2bce,conflict,0,2
r_4aaec12adc55,clean,1,-1
r_f7b977fb2fc4,clean,1,-1
r_d7001b0f0953,duplicated_work,1,38
r_4dd5a6d42f59,goal_drift,0,1
r_699c80f178c6,conflict,1,24
r_e185d4430cb0,clean,1,-1
r_604f41a591ce,goal_drift,0,2
r_bd5108f68644,duplicated_work,0,64
r_6a50220e8fcc,clean,1,-1
r_f9cc66363400,duplicated_work,0,22
r_ec6edb10e94b,duplicated_work,0,21
r_fa6e29ef4886,conflict,0,22
r_091bbfda45df,clean,0,-1
r_608d1646c286,deadlock,0,8
r_5a9e36661eb8,deadlock,0,11
r_b8aa6547901c,runaway_loop,0,2
r_90ba206eac4a,duplicated_work,1,17
r_53e712118bdb,dropped_handoff,0,2
r_20ce8eaf2d4c,runaway_loop,0,0
r_1db14b97c7cc,runaway_loop,0,0
r_d36819c0b8b8,goal_drift,0,10
r_71e4d53d8d9a,conflict,0,26
r_92572006f143,clean,1,-1
r_100115b9a9b6,clean,1,-1
r_e9528116b3a5,conflict,0,70
r_12f81191f60e,dropped_handoff,0,11
r_6c3b7ff8f571,goal_drift,0,8
r_16ea15c86d3b,goal_drift,0,2
r_c1879d3cde97,dropped_handoff,0,13
r_00a2899b6329,dropped_handoff,1,15
r_5c4909bed5d3,duplicated_work,1,50
r_ad86e5efb75b,goal_drift,0,1
r_c3918ba8b92f,conflict,0,8
r_b73498cc8c23,conflict,0,14
r_dd119c51355b,duplicated_work,0,26
r_21642767f6bd,conflict,0,39
r_a1230c74c055,clean,1,-1
r_599ef56adb77,clean,0,-1
r_f00d02dc8286,conflict,1,50
r_5fc5dca34422,clean,1,-1
r_568de3159a5e,runaway_loop,1,2
r_b9341d480b87,conflict,0,32
r_78dd61975f02,runaway_loop,0,2
r_757ae6c41d5f,clean,1,-1
r_50a20fe42728,runaway_loop,1,1
r_793563af4d81,conflict,0,13
r_9889ea1d3f10,goal_drift,0,10
r_d0352b09b986,goal_drift,0,5
r_9236b17e956d,clean,1,-1
r_c9e740877f66,conflict,0,16
r_223bf6c7b344,clean,1,-1
r_86e592b74f65,runaway_loop,0,6
r_35b0f48f938a,conflict,1,38
r_8f00b7bb547d,clean,1,-1
r_e705b2f8d1d9,clean,1,-1
r_88c0ccd973d2,deadlock,1,5
r_2e5e3055af57,runaway_loop,0,4
r_bd32011a90cc,clean,1,-1
r_f3d5cc6c8b65,dropped_handoff,1,17
r_fddb9535e475,clean,1,-1
r_284bfe870771,clean,0,-1
r_254f4ab03826,clean,1,-1
r_2db004561704,dropped_handoff,0,0
r_937c6d3e6717,conflict,1,28
r_62afdc50e250,deadlock,0,3
r_95bb89ab3408,goal_drift,0,2
r_bda400556383,duplicated_work,1,53
r_07c03f985750,dropped_handoff,0,25
r_81b847dd7dca,deadlock,0,3
r_635b23b9793c,clean,1,-1
r_f0da826ad242,conflict,0,67
r_2b062fa1df2e,runaway_loop,1,3
r_a19544cc9500,clean,1,-1
r_2e662fa5ca76,dropped_handoff,0,4
r_2e9945202444,goal_drift,0,7
r_d7448d0592d9,deadlock,0,0
r_f4b193495fe1,duplicated_work,1,88
r_4486def69d19,runaway_loop,0,0
r_2eeb511107c9,goal_drift,0,11
r_af4861295c88,conflict,1,12
r_e25d426baf6d,conflict,0,7
r_447a9bba826a,deadlock,0,1
r_d140596c02c5,goal_drift,1,7
r_3c8f88f136a0,goal_drift,0,5
r_0058834b8de7,runaway_loop,1,1
r_e2d9f99a17ba,clean,0,-1
r_617d49155ad3,goal_drift,0,13
r_3ab72bb1f26c,conflict,0,46
r_b93475cb556b,clean,1,-1
r_b0b3e789a5f7,clean,0,-1
r_cad6a024d6cc,conflict,0,6
r_2f9fcd25d3e4,runaway_loop,0,1
r_8f905f82ac07,clean,1,-1
r_11b54d860417,goal_drift,1,0
r_f4f352a778aa,clean,1,-1
r_72d6da4a1c57,dropped_handoff,0,2
r_89088c6a2b05,deadlock,0,2
r_f974215c3367,deadlock,0,1
r_229b7f7646af,clean,1,-1
r_5ed50d0a56c4,clean,1,-1
r_d6c374b529be,clean,0,-1
r_91c1e2d6f590,clean,1,-1
r_c51bd45b806b,conflict,0,20
r_c1135d324e7f,runaway_loop,0,2
r_f95e44bd07f8,clean,1,-1
r_8ade09f63e4e,clean,1,-1
r_02bc538f6128,clean,1,-1
r_335d2dcff172,goal_drift,1,9
r_4da5f812f17f,deadlock,1,1
r_e63949f5fb80,clean,1,-1
r_a5f8f124400b,goal_drift,0,7
r_d5f99becdc7d,clean,0,-1
r_d6012d856bf1,clean,1,-1
r_26c5484f8771,duplicated_work,0,21
r_669f5e8069f5,runaway_loop,0,1
r_ed00eea62694,conflict,0,12
r_e16fa9f1be74,clean,0,-1
r_f7c4dee98474,goal_drift,0,1
r_48bb5db6f67d,conflict,0,24
r_bb42327067cc,clean,1,-1
r_910b722925e9,clean,1,-1
r_849d5c4da8fc,clean,1,-1
r_c047f5d49d89,conflict,0,21
r_5c685b5e9563,deadlock,0,1
r_a1178b241d6b,clean,1,-1
r_9949ce135d1e,deadlock,0,1
r_85d2d3ffbb34,deadlock,0,0
r_e8c399cd7511,deadlock,0,16
r_a6ca7726bb73,goal_drift,1,8
r_cd99d817c852,clean,1,-1
r_6390835bce14,conflict,1,29
r_6ccfd2ecb688,clean,1,-1
r_d021bd06b2ca,goal_drift,0,1
r_d25f3891c1d9,goal_drift,1,3
r_c008236e7672,clean,1,-1
r_db49095f116b,runaway_loop,1,13
r_ab981e04b05c,clean,1,-1
r_cfdd4cf58260,dropped_handoff,0,2
r_48435bb99d1f,dropped_handoff,0,0
r_b97e44bcfbba,runaway_loop,1,0
r_196eca027ac5,dropped_handoff,0,1
r_262462fbf6f6,clean,0,-1
r_cb6978ed2446,clean,1,-1
r_1649d665c9b9,clean,0,-1
r_963e869c8f85,duplicated_work,1,31
r_314fbdd9cbf9,conflict,0,10
r_5ebbe8eacf7c,clean,1,-1
r_23703f354e58,runaway_loop,0,2
r_7d8184e226e8,duplicated_work,0,23
r_72b99d0e7c8a,goal_drift,0,5
r_3b0bea83f75c,clean,1,-1
r_4fdfb709cfaf,dropped_handoff,0,13
r_18731766be93,dropped_handoff,0,13
r_aa9089c2f3e9,goal_drift,0,7
r_0be097f9894f,goal_drift,0,0
r_c55f17191a36,runaway_loop,1,1
r_8342eb96749f,conflict,0,8
r_1cbbda956afc,dropped_handoff,0,1
r_31ceb922890e,clean,1,-1
r_57b89aa19a33,dropped_handoff,0,12
r_195ad14fd2d0,clean,1,-1
r_15be2efc0614,clean,1,-1
r_76373273d9da,dropped_handoff,0,6
r_5c877a912f2a,clean,1,-1
r_8dd1116e1c15,goal_drift,0,3
r_401b7dce80fd,deadlock,0,10
r_d16a45c0d17c,clean,0,-1
r_16d9edbf00c0,clean,1,-1
r_946623c1c74f,conflict,1,67
r_2aaee2fa874f,clean,1,-1
r_ad74871fb8f9,conflict,0,11
r_621bbe37cd18,deadlock,0,11
r_8799aace1b75,goal_drift,0,1
r_db66a36fe6f2,goal_drift,0,3
r_92b719f37769,runaway_loop,0,1
r_d49c68d04420,goal_drift,0,5
r_202ec40c45e7,conflict,0,12
r_fd33c3bb95cb,conflict,0,25
r_2bc245dd3e8e,clean,1,-1
r_de965f054d25,duplicated_work,1,49
r_53e656cd14ba,clean,1,-1
r_a7425115009f,conflict,0,18
r_808cbf312221,conflict,0,30
r_0fd3b874f3e6,runaway_loop,0,6
r_550a1ae573db,goal_drift,0,8
r_f2b714c49430,goal_drift,0,5
r_f2d11cbd0573,conflict,1,18
r_a50703cbe9e8,clean,0,-1
r_f23a380955d1,duplicated_work,1,24
r_bedba7a3a518,deadlock,0,2
r_1577f67185fd,clean,1,-1
r_16d916cb9512,deadlock,0,1
r_51ad12827402,goal_drift,0,3
r_f5445310fb4c,conflict,0,14
r_d9b71b110ff4,duplicated_work,1,40
r_f9b76ac9a814,goal_drift,0,3
r_b60172b6d13c,clean,1,-1
r_69381ebdbfcd,clean,1,-1
r_7903b5d96cf1,duplicated_work,0,29
r_79e0b3d07d3f,deadlock,0,6
r_d363af8a32e2,conflict,0,30
r_7efe87ce2906,clean,1,-1
r_b05b3461c3fa,clean,1,-1
r_96da7820e1d4,dropped_handoff,0,5
r_88f4353b21f9,deadlock,0,4
r_97ebf45b40de,goal_drift,0,3
r_bb77e036c582,clean,1,-1
r_a41372691427,conflict,0,25
r_b749d0f7f700,conflict,0,25
r_3ec79e7058d6,conflict,0,49
r_9501f7168bc7,runaway_loop,0,0
r_0046ce4258e1,dropped_handoff,1,1
r_daea10fecdc1,deadlock,0,3
r_7f558c3d4f02,clean,1,-1
r_7c8b9c439522,clean,1,-1
r_122ed2f0649d,clean,0,-1
r_e8b77278f3a5,conflict,1,30
r_0d2b30708f2b,clean,0,-1
r_98db6752325f,deadlock,0,25
r_81e48be13bbf,deadlock,0,1
r_e4b21086df13,goal_drift,0,1
r_fc37f7def282,clean,1,-1
r_473ed223ee50,deadlock,0,3
r_87fd8f5f5efc,runaway_loop,0,4
r_e31390510521,conflict,0,14
r_cbeeaa48e5e3,deadlock,0,6
r_5b13f2f5cf35,clean,1,-1
r_08d4ff0be80e,conflict,1,24
r_dfca2f2eb845,clean,1,-1
r_9bfb9c1f4528,duplicated_work,1,46
r_ea00e255b619,dropped_handoff,0,0
r_412d12bba551,deadlock,1,3
r_128d0630b8ad,dropped_handoff,0,4
r_fcc3f6b124e4,dropped_handoff,0,7
r_edc10aa08a3e,duplicated_work,0,13
r_472386ffb05f,clean,1,-1
r_af7e6c0302e4,clean,1,-1
r_681b52ab914c,duplicated_work,1,23
r_d72f31c9e2a3,deadlock,0,2
r_d74e3f20460c,duplicated_work,1,45
r_8342054f19e8,conflict,0,39
r_3cf2e7126e83,deadlock,0,10
r_945235fbd309,conflict,0,23
r_2a31fb199e05,duplicated_work,1,17
r_57268e9486d3,conflict,0,17
r_9d0657b5ecbf,clean,1,-1
r_9196e00b27d2,clean,1,-1
r_ee17bc8cdd43,deadlock,0,5
r_41ef1ecb40c5,dropped_handoff,0,10
r_9ef779808e98,clean,1,-1
r_d2293a947930,runaway_loop,0,4
r_fdcbd8982aa8,clean,1,-1
r_2c2f517f4f89,runaway_loop,0,3
r_30fec35ec93d,clean,0,-1
r_6e6c51217896,conflict,0,6
r_ed29dff45a02,clean,1,-1
r_69f28a0a5759,runaway_loop,0,3
r_9d29f95ceeea,conflict,0,14
r_7bff67f6bdca,goal_drift,0,5
r_0dee542fbea6,dropped_handoff,0,3
r_8ec66d7af93a,duplicated_work,0,64
r_98d5baa79395,conflict,0,6
r_c06c2b09946a,clean,1,-1
r_79a5c29d011d,runaway_loop,0,4
r_2c053526b341,duplicated_work,1,24
r_33dac4214fc8,clean,1,-1
r_57c5dcb0dc98,deadlock,0,1
r_d67f80e8ea51,runaway_loop,0,3
r_ca42bb96f7ec,goal_drift,0,5
r_96c3fc1fb456,clean,1,-1
r_99f833438334,dropped_handoff,1,7
r_4a649e1cc3b9,deadlock,0,4
r_6d82d0d6b1fb,clean,1,-1
r_dae208bd129b,conflict,1,27
r_d8624fffe7c2,duplicated_work,0,21
r_46193a2cd020,runaway_loop,0,3
r_0e01df252a81,clean,1,-1
r_de16309b518f,duplicated_work,1,42
r_044f74a320e4,conflict,0,27
r_41435e7e07aa,clean,0,-1
r_b988d4dc3889,runaway_loop,1,9
r_61b3a162bd47,goal_drift,0,5
r_9e5c1bd4a3fe,runaway_loop,0,4
r_455322e2d91b,runaway_loop,0,2
r_a71f8c636041,runaway_loop,0,6
r_09b411b062ab,conflict,1,67
r_ec609b6943f1,runaway_loop,1,3
r_e3266ab17a5a,goal_drift,1,2
r_cd5a595a5f33,duplicated_work,0,27
r_db72d45f09b7,dropped_handoff,0,1
r_8d5ba664460b,goal_drift,0,1
r_9f3841cddaba,runaway_loop,0,2
r_e8f6f9873289,clean,1,-1
r_a3a4343a330a,conflict,1,79
r_5a729175bef6,clean,1,-1
r_6b29def0669b,deadlock,0,2
r_cf71dd300405,clean,1,-1
r_b0b95e2ee38e,duplicated_work,0,29
r_6fb5ddfda8af,runaway_loop,1,2
r_301d7ca6e4d0,conflict,0,8
r_4f57172b3506,clean,1,-1
r_c5637bc0e309,conflict,0,20
r_65bb9b637f19,clean,1,-1
r_308c6787d1f4,clean,0,-1
r_1352afb9f604,dropped_handoff,0,5
r_74f43638f9c6,clean,0,-1
r_56618c18913d,runaway_loop,0,3
r_3215bb8f6fa7,clean,1,-1
r_45ce76aa24c5,deadlock,0,18
r_8b7d67e87fbe,goal_drift,0,2
r_f7dfee913523,dropped_handoff,1,11
r_a2196f02a0bc,duplicated_work,1,24
r_37488abc3ab9,runaway_loop,1,1
r_a7d08e20c1a9,dropped_handoff,0,14
r_721aabb8915f,duplicated_work,1,27
r_81bda70077a1,goal_drift,0,2
r_e30e5a05391f,deadlock,0,8
r_b95d650a311b,duplicated_work,1,49
r_eb43f2457411,runaway_loop,0,5
r_158d066b3171,duplicated_work,1,30
r_080ce439fbc4,conflict,0,27
r_d157edbabb00,dropped_handoff,0,0
r_c95d14e86d4c,runaway_loop,0,2
r_dc278f7c1340,deadlock,0,4
r_d7a576b09c74,duplicated_work,1,18
r_022636c7a0d9,clean,1,-1
r_add0662fc9d4,deadlock,0,13
r_4ee889fc6bd8,runaway_loop,0,1
r_c18631a305b7,runaway_loop,0,1
r_a8383bbe6967,clean,1,-1
r_7c3919f36f79,duplicated_work,0,29
r_a2f7a055264b,runaway_loop,0,2
r_7f627d138700,conflict,1,30
r_a88845a18898,runaway_loop,0,2
r_471bf28af92d,clean,1,-1
r_4d23120a5338,conflict,0,22
r_3490075bfddc,deadlock,0,10
r_1f40c510a7fd,duplicated_work,1,41
r_42c57f50f07b,conflict,1,25
r_95f241cf9926,conflict,0,24
r_7743918ef18b,dropped_handoff,0,0
r_d27703a6ba71,duplicated_work,1,34
r_cf2ea85f7eb8,goal_drift,0,4
r_757594d5e68c,conflict,0,5
r_b835a23c0d82,clean,0,-1
r_8758f70511f7,dropped_handoff,0,0
r_571de036624d,clean,1,-1
r_a9dcbb3b99e2,goal_drift,0,4
r_308321c97ba3,runaway_loop,0,2
r_6d028c7ce5c9,conflict,0,30
r_e0bf0f47a042,conflict,0,18
r_8d7dbccc2adf,clean,1,-1
r_459d09141bad,goal_drift,0,2
r_7a2190d65036,clean,1,-1
r_0d983599c741,goal_drift,0,0
r_940d7ad2ae42,runaway_loop,0,5
r_2b9bbef1aee0,clean,0,-1
r_827b1b850822,conflict,0,37
r_b338f257508a,goal_drift,1,12
r_bd07ef7821b1,duplicated_work,0,41
r_cf728520bdf4,goal_drift,0,3
r_c63fa230e205,clean,0,-1
r_e616106459a0,clean,0,-1
r_3412ecdda00e,clean,0,-1
r_70db3c4826be,conflict,0,7
r_9e73916fd56b,clean,0,-1
r_06ee94a775e6,dropped_handoff,1,14
r_83e6c8d765a1,clean,1,-1
r_2400b07e789f,conflict,1,8
r_4fda76107063,conflict,0,64
r_90c89b04987d,clean,1,-1
r_ba3191ff2ff7,clean,1,-1
r_6200d92e2ce8,clean,0,-1
r_3728f5e4ef6c,goal_drift,0,8
r_7f8cae10a354,duplicated_work,1,20
r_f5d99df32a6c,conflict,1,39
r_5b90d07587eb,runaway_loop,0,3
r_dc3d769dd5b0,goal_drift,0,5
r_6c76ab4401b1,duplicated_work,0,62
r_5475e40f9e6b,runaway_loop,1,2
r_52d23777aa46,goal_drift,1,10
r_958f991c6b41,duplicated_work,1,35
r_3dda46d32e55,goal_drift,1,3
r_c60a61d232ce,goal_drift,0,2
r_c81ac282e6aa,dropped_handoff,0,2
r_e406e943176b,duplicated_work,0,58
r_828ab4f2bb7d,clean,1,-1
r_f254be04dbf3,clean,1,-1
r_bef1faf38a04,clean,1,-1
r_a0756d24c52f,clean,0,-1
r_a395a7b9ee9d,clean,1,-1
r_2d1df4ce04da,deadlock,0,7
r_bd1fdd6b5379,conflict,0,29
r_c6002469ad41,clean,1,-1
r_1262ec314bec,goal_drift,0,0
r_f0381a6bcab1,runaway_loop,0,2
r_6d6ae6624653,dropped_handoff,0,11
r_fe61994446c8,dropped_handoff,0,3
r_ad7fde06a9a5,clean,1,-1
r_3a4bda329a8f,dropped_handoff,1,12
r_d672d8291b38,goal_drift,1,3
r_dea34a0be481,dropped_handoff,0,1
r_14b3b8a152ef,clean,1,-1
r_f86a446aabab,clean,1,-1
r_da0e25c6d607,conflict,1,12
r_76e5ec6d594c,clean,1,-1
r_a802ccbc53c4,dropped_handoff,0,10
r_34dfbc65c89f,dropped_handoff,0,5
r_c5e414a51f84,clean,1,-1
r_d4c3900af4a5,dropped_handoff,1,22
r_a23449d44e02,duplicated_work,1,44
r_0b2535d42532,clean,1,-1
r_dab20c67354f,deadlock,0,7
r_f6354c60ef38,duplicated_work,1,12
r_b8fe6546a6f7,runaway_loop,0,2
r_d5cc8a71d9aa,duplicated_work,1,23
r_4afc0c86ca07,goal_drift,0,6
r_d21f0279d513,clean,1,-1
r_089c9c613969,dropped_handoff,0,14
r_56b662dfc7f6,clean,1,-1
r_a8b594b3a5da,dropped_handoff,0,3
r_a380af48a2b4,duplicated_work,1,68
r_df1a86b6dfa7,clean,1,-1
r_9bf61bb57b41,deadlock,0,10
r_e18e53f30bfc,deadlock,0,5
r_3f2d8b8ab5eb,dropped_handoff,0,1
r_8c49cf2f853a,clean,1,-1
r_b9a26d89db18,dropped_handoff,0,2
r_96d6dbd8a07b,deadlock,0,3
r_633f2aad98dc,conflict,0,25
r_27e455d744cf,runaway_loop,0,3
r_13412666eae9,clean,1,-1
r_293acc9f1432,goal_drift,0,18
r_cd4d2d2552de,deadlock,1,2
r_2985093b14ea,duplicated_work,1,13
r_3b6cb880a0a6,duplicated_work,1,29
r_9d2220c117ad,clean,1,-1
r_d8b5649505f0,runaway_loop,0,1
r_dc029b155274,dropped_handoff,1,31
r_d2a1b9664683,runaway_loop,1,0
r_cb9efdc326f6,runaway_loop,0,1
r_cbc9804c4fff,clean,1,-1
r_00073a886197,dropped_handoff,1,1
r_12a0ffe41514,duplicated_work,1,20
r_e2c41e21aa81,clean,1,-1
r_07ec860936b9,clean,1,-1
r_32c1c42e1e7e,clean,1,-1
r_e6dd116565c5,duplicated_work,1,11
r_b9255cfd496f,clean,1,-1
r_f2b709164470,clean,1,-1
r_fc648d4028e2,conflict,0,8
r_8de17ed3b882,duplicated_work,1,38
r_bf8622f6bd0c,conflict,0,9
r_56881160d3c2,goal_drift,0,0
r_764f88e3f9a2,dropped_handoff,1,2
r_04b8c5714fef,conflict,1,23
r_25bbdc6524ba,goal_drift,0,0
r_eaf1fee40fc0,clean,1,-1
r_7434f75e47ce,goal_drift,0,5
r_20ae74ece60f,deadlock,0,8
r_d9228b2a40cc,duplicated_work,1,13
r_d9656bf0578f,deadlock,0,9
r_718a504c18c1,conflict,1,18
r_b51f69339bec,conflict,0,39
r_bf9e03ce9579,conflict,1,49
r_d973fb1c4848,clean,0,-1
r_067d88d1a0de,clean,1,-1
r_3712a040df62,duplicated_work,1,29
r_b9e2ae3b5d24,goal_drift,0,8
r_8ff184255ee6,runaway_loop,0,1
r_6a62cffcef39,duplicated_work,0,13
r_868f41c22137,clean,1,-1
r_c21279faaa2b,duplicated_work,0,16
r_2a87fa2ed74c,goal_drift,0,2
r_cebfa4fcd58b,duplicated_work,1,42
r_8b4c85ebd6b4,runaway_loop,1,1
r_6b3d8cf92edf,runaway_loop,0,1
r_be05af658f68,duplicated_work,0,25
r_c4cc48255ad2,runaway_loop,1,1
r_1ea20ec51743,dropped_handoff,0,4
r_142047d9d09e,deadlock,0,9
r_1dae1750332a,clean,1,-1
r_45f76bdc0e46,goal_drift,1,1
r_e52a62a9b1dd,conflict,0,18
r_f1175a94f37f,runaway_loop,0,16
r_df7c09cd70ce,goal_drift,0,4
r_fac30c5eefa0,deadlock,0,5
r_c8910d0c1fc6,clean,0,-1
r_cb5eee36cc91,deadlock,0,7
r_07eddd7452b7,conflict,1,38
r_f31306169036,clean,1,-1
r_3374fd689ac5,clean,1,-1
r_bc997fa27142,clean,1,-1
r_41d1583ed816,runaway_loop,0,2
r_1087c96bc1af,conflict,0,50
r_acec8c159855,clean,1,-1
r_e43997c5ba7f,goal_drift,0,3
r_ebd43867f6a7,goal_drift,1,1
r_b34e7d0ea3dd,duplicated_work,0,16
r_173b6519bcb3,clean,1,-1
r_6d0e37bf1f89,goal_drift,0,4
r_6e066707dae3,conflict,1,12
r_a9093988c75f,conflict,0,23
r_db89a98ec8de,clean,0,-1
r_d1d44dfc2e5a,clean,1,-1
r_a54de62516cc,conflict,1,95
r_0d0ad81a4676,clean,1,-1
r_29d38b84e4dc,clean,1,-1
r_7db9f3b85307,duplicated_work,1,35
r_efaa6ee2b0cd,deadlock,0,20
r_d69d02cddce1,conflict,0,40
r_2d5dc59a3121,conflict,0,58
r_6e339d9ae6f3,runaway_loop,0,2
r_89f6286ebd72,clean,1,-1
r_3637ec73469d,goal_drift,0,3
r_5b30fd131775,clean,1,-1
r_5bb452e421a3,clean,1,-1
r_9c063e234812,deadlock,0,14
r_a257e6841947,clean,1,-1
r_447b1d88158d,dropped_handoff,0,0
r_8b7106102338,runaway_loop,0,1
r_37d94ceffd52,goal_drift,1,2
r_8811a88e75c7,duplicated_work,1,23
r_df5c80208e97,runaway_loop,0,2
r_24c6f3e5e444,runaway_loop,0,5
r_8c59f64c4bc4,clean,1,-1
r_a0e7e195e1dd,clean,1,-1
r_281065fea89e,deadlock,0,9
r_6e5a9c2fbe7b,deadlock,0,18
r_913206d98ddf,clean,1,-1
r_3b381db737d7,runaway_loop,1,0
r_1aaef22e986d,conflict,1,32
r_e765aead3bef,duplicated_work,0,12
r_0c550f9e537d,dropped_handoff,1,3
r_315938c08006,goal_drift,0,2
r_c74a44c4de6f,goal_drift,0,4
r_2ccdc431dfe0,runaway_loop,0,5
r_af6503eddffb,conflict,1,59
r_efa638626a2d,runaway_loop,0,15
r_e4464bc1cdb8,runaway_loop,0,9
r_0ed6eea65248,clean,0,-1
r_2283a67c1dbf,conflict,1,15
r_ffa5950a37d4,clean,0,-1
r_42b0f771ec6d,clean,1,-1
r_3504eaae7fde,clean,1,-1
r_1d520beef475,duplicated_work,0,69
r_4b0c50c51425,clean,1,-1
r_8a78994a6ff5,goal_drift,0,4
r_f724ffaf9987,duplicated_work,1,31
r_1b1fa036fbf5,runaway_loop,1,2
r_b1e3aa21294d,deadlock,0,2
r_524cdf9747f4,clean,1,-1
r_1a61b3526cfd,clean,1,-1
r_0ede12180226,goal_drift,1,7
r_0618531a2509,deadlock,0,16
r_9c21030f00ef,duplicated_work,1,45
r_1545aee7ee24,clean,1,-1
r_1f00573afd44,clean,1,-1
r_c9121cdc8cb1,runaway_loop,1,3
r_acc49cb71716,clean,0,-1
r_44abc9bd9b67,clean,1,-1
r_ea3e2238c438,runaway_loop,0,3
r_ebff07b05cf3,clean,1,-1
r_f89af7fbaf0a,goal_drift,0,0
r_119380e334a9,clean,1,-1
r_1aa1398f6cf9,clean,1,-1
r_b01ce1e34a5e,goal_drift,0,5
r_c6787d8845f6,dropped_handoff,1,0
r_e23383a4a38f,clean,1,-1
r_e305477090ff,clean,1,-1
r_e28c1ee559ba,clean,1,-1
r_99ca8635e052,goal_drift,0,0
r_0c9c560c4366,clean,0,-1
r_32e4be361d1e,deadlock,0,4
r_cfba33ede3b5,clean,1,-1
r_e0a3690da3d4,duplicated_work,1,13
r_3a3556b7236f,goal_drift,0,10
r_e7ec6fc136a3,goal_drift,0,8
r_b0a70c07e2ff,clean,1,-1
r_e6930a519f9a,clean,1,-1
r_dc4e095e49f1,clean,1,-1
r_7025e281bba1,goal_drift,0,1
r_70b19bac834b,runaway_loop,0,3
r_5b4791876b63,runaway_loop,0,2
r_528005662c06,duplicated_work,0,42
r_89751a5d1bbc,runaway_loop,0,5
r_92092e1921bc,goal_drift,0,6
r_49824456fdc0,deadlock,0,5
r_0c469ee241bc,conflict,0,7
r_7933b20f8268,clean,1,-1
r_49601cbd7627,duplicated_work,1,59
r_5b0673da9f12,goal_drift,0,6
r_800b353a652f,goal_drift,0,3
r_3129610c08ca,conflict,0,47
r_881569431292,clean,0,-1
r_25179edd74aa,clean,1,-1
r_574ccc5642fd,deadlock,0,15
r_1c2c1dfb34e6,conflict,1,54
r_35380d98920f,runaway_loop,0,1
r_1a0364eafb07,dropped_handoff,0,5
r_ed5ad333f027,clean,1,-1
r_f34528278251,duplicated_work,1,21
r_4234bee7bab9,runaway_loop,0,9
r_0116b5d538e4,runaway_loop,0,8
r_c8993e8d656a,dropped_handoff,1,5
r_1d68f6c62df3,goal_drift,0,41
r_51baec582c36,runaway_loop,0,3
r_da010a4dea7e,clean,1,-1
r_7d673d2eaba0,dropped_handoff,0,15
r_e3a28f78b82a,deadlock,0,6
r_87552f5a4135,dropped_handoff,0,11
r_b5fa99bb8ad2,conflict,0,35
r_fdcd23c6c169,conflict,1,31
r_bd574f502a15,runaway_loop,1,4
r_80c846a0d77a,clean,0,-1
r_1297df48bd9a,conflict,0,7
r_b2b8967c4aa9,duplicated_work,1,39
r_7a388c88fb6c,clean,0,-1
r_c5ee8aa7eb81,clean,0,-1
r_fcfe4bf043d3,dropped_handoff,0,1
r_e9110abe757c,clean,1,-1
r_24a1634997ad,runaway_loop,1,5
r_8539e77680c0,runaway_loop,1,4
r_38c03bd2be48,clean,1,-1
r_6764b62900da,clean,1,-1
r_fd7af0b9fe2e,conflict,1,26
r_fa88b7a8e1db,clean,1,-1
r_8c1873d7cb36,conflict,0,27
r_42dd87139a84,clean,1,-1
r_2f158fde4469,goal_drift,0,2
r_ba8bffb24247,goal_drift,0,5
r_d55275d1d4b0,deadlock,0,3
r_9c02c60b5653,dropped_handoff,0,1
r_6ee93b916838,deadlock,0,12
r_8f3387ac329c,deadlock,0,18
r_9494093a6cff,clean,1,-1
r_c64c6f1ee406,goal_drift,0,19
r_3eea6a8f91c8,clean,1,-1
r_5c9b593cf62f,clean,1,-1
r_d1c7bb5af940,dropped_handoff,0,20
r_03923c7e06cb,clean,1,-1
r_ec11d3626df5,clean,0,-1
r_6ccaeab5cb31,deadlock,0,0
r_b785d614a5c5,goal_drift,1,7
r_3ff0ba831a32,clean,1,-1
r_c1d127d7d834,runaway_loop,0,1
r_d0515f34ef44,conflict,0,10
r_377dd3a7baa5,goal_drift,1,20
r_5763799559cf,clean,1,-1
r_d9e081f39aa8,conflict,0,13
r_ce568784d202,clean,1,-1
r_2baf11355767,goal_drift,0,5
r_113370b6d775,deadlock,0,2
r_7a2e1ca1253b,duplicated_work,1,11
r_4503af5473bd,clean,1,-1
r_75650d8db2b5,deadlock,0,22
r_b2dad1fa5aa6,duplicated_work,1,9
r_a07289bc42cd,clean,1,-1
r_bcc3685ba3a3,dropped_handoff,0,12
r_a833f8ee3614,conflict,0,62
r_fa6085117ad0,clean,1,-1
r_6680965db642,clean,1,-1
r_401f468652a2,deadlock,0,9
r_7d65beb4ab26,clean,1,-1
r_14c106f3a66f,clean,1,-1
r_a08344e2190a,deadlock,0,22
r_40e0fc7c9338,goal_drift,0,2
r_dba8fc96305b,clean,1,-1
r_8aec5ba019da,goal_drift,0,22
r_ece603f97d70,duplicated_work,1,47
r_256074d6dbb2,clean,1,-1
r_8f4815d10eda,clean,1,-1
r_8ed646cd3dfd,goal_drift,0,3
r_a9010cd1fecb,clean,1,-1
r_bc3871e1cd22,goal_drift,0,2
r_811aa5bbeff9,clean,0,-1
r_8678f03775ed,goal_drift,0,2
r_b08ade90e6fb,dropped_handoff,1,0
r_a774148d1153,runaway_loop,0,2
r_7866f8463ed9,clean,1,-1
r_19e5414a92a5,deadlock,0,0
r_942a83c0e7b8,clean,1,-1
r_a62cde5590bc,conflict,0,18
r_10b87e2bf402,clean,1,-1
r_058dbf2fbe5e,conflict,0,23
r_7d880c16224b,runaway_loop,1,8
r_f72c60adaef0,duplicated_work,1,30
r_63d59fad1dc0,clean,1,-1
r_536d6edd3336,runaway_loop,0,2
r_048c2be83987,conflict,1,78
r_39125e2f5cc6,goal_drift,0,5
r_12181395fdd7,dropped_handoff,0,4
r_ca4723edc9b5,conflict,0,33
r_8d4ca1872099,goal_drift,0,11
r_ed76433ba6f3,duplicated_work,1,14
r_2224d11a3c6a,clean,1,-1
r_d4f6be80d32e,duplicated_work,0,30
r_9060516674f5,conflict,0,25
r_b90b8e74df8c,dropped_handoff,0,4
r_1528bba52b2a,clean,0,-1
r_396126c03312,deadlock,0,26
r_5d592a459fc3,deadlock,0,7
r_ccbcc1b922c0,clean,1,-1
r_0fa36f84425c,duplicated_work,1,24
r_0cc906a0d53e,deadlock,0,13
r_738148acb9df,goal_drift,0,10
r_401d162422c2,goal_drift,0,7
r_0252c66bd461,goal_drift,0,2
r_2427a894bb02,dropped_handoff,0,21
r_79c94987d48b,deadlock,0,2
r_d644c817adb4,clean,1,-1
r_2272fd34ad10,runaway_loop,0,2
r_48df33524109,clean,1,-1
r_3153eb1eecde,deadlock,0,1
r_ec05342a05d4,clean,1,-1
r_30b602dd1891,goal_drift,0,9
r_524bca6a38df,conflict,1,25
r_66538091dd11,conflict,1,42
r_04de193a6740,dropped_handoff,0,9
r_7ef6f094b7ab,deadlock,0,24
r_9da6e0e890dd,duplicated_work,1,80
r_c7f46802a394,conflict,0,34
r_1e7d024498a5,duplicated_work,0,38
r_b530f9c951c6,deadlock,0,1
r_ed2613353feb,clean,1,-1
r_a910e033fcfd,deadlock,0,4
r_d2231812cdce,conflict,1,46
r_78a02ce5260c,conflict,1,11
r_53ca598b8dcf,clean,1,-1
r_b4a3b14e9630,conflict,1,27
r_a5c666a4b1aa,goal_drift,0,6
r_c653f622989f,runaway_loop,0,7
r_f91b383f3362,conflict,0,16
r_0166807e5d2f,clean,1,-1
r_be310850459f,dropped_handoff,0,2
r_1428f006fdc8,duplicated_work,1,49
r_df796dd76268,goal_drift,0,21
r_b3352128186e,conflict,1,20
r_2497f93abc17,deadlock,0,2
r_d359cc10c3c3,duplicated_work,0,13
r_e5bb6893f6d5,dropped_handoff,0,17
r_8765b3e15c8d,clean,0,-1
r_cf7b0951de42,duplicated_work,1,14
r_1de2fbe83805,duplicated_work,1,14
r_49b7720c00f5,deadlock,0,8
r_47022be13c08,clean,1,-1
r_f1f6d83032e7,goal_drift,0,3
r_c66b636b9414,runaway_loop,0,3
r_b7e7cdd15203,runaway_loop,0,2
r_21521155f21d,runaway_loop,1,2
r_d23c455e9496,dropped_handoff,0,5
r_b306260812b8,clean,1,-1
r_46454a48e7ec,clean,1,-1
r_8bcd68dd9736,deadlock,0,1
r_a453be1c1a98,clean,1,-1
r_a9bc0a1bcd55,dropped_handoff,0,8
r_b4069ab34867,clean,1,-1
r_27aa3bdd4225,conflict,1,12
r_c1d4f3672214,deadlock,0,2
r_63d9c8f03609,clean,1,-1
r_6fdab7de0857,goal_drift,0,2
r_857b003e2a78,conflict,0,26
r_c5a02a12692b,clean,1,-1
r_9da069a601fe,conflict,1,48
r_4c731065a419,conflict,1,34
r_6cb77a6e323b,clean,1,-1
r_4c318ae6ebd0,clean,1,-1
r_1c8b652845ae,conflict,0,5
r_7acdd6922416,dropped_handoff,1,8
r_98d50110bc17,clean,1,-1
r_ec02b5e0e0a3,goal_drift,0,14
r_23832c44e239,conflict,1,38
r_2bca91754892,clean,1,-1
r_46cc0111e29c,clean,1,-1
r_2a9163f854ca,clean,1,-1
r_ab922a78f582,duplicated_work,1,57
r_fd267c428b2c,runaway_loop,0,0
r_32de556552ed,clean,1,-1
r_e08525a2e185,duplicated_work,1,26
r_2fe62b88bd26,deadlock,0,8
r_ae002eb3baed,goal_drift,0,4
r_8546ad4fe613,runaway_loop,1,5
r_bcefab832a43,clean,0,-1
r_ff28483b56b9,dropped_handoff,0,6
r_7c07158464ad,dropped_handoff,0,2
r_12cbcf337213,dropped_handoff,1,3
r_0a77acff6c2d,duplicated_work,0,19
r_0f2d5748e434,conflict,0,50
r_3370ee99ed58,runaway_loop,1,1
r_2c54bd73a345,goal_drift,1,11
r_b30d566ceaf8,goal_drift,0,9
r_49ef4a664e0b,clean,1,-1
r_bdafdfee6a94,conflict,0,82
r_ff436ee7f57d,clean,1,-1
r_87d8a4263b79,duplicated_work,1,48
r_a26c4a9ee68b,clean,1,-1
r_58004cdce830,clean,1,-1
r_50c34ea3aefa,conflict,1,27
r_969d89dc26fa,deadlock,0,5
r_37d0f88b7c62,runaway_loop,1,0
r_5a7d4cae01a2,deadlock,0,4
r_719507496836,clean,0,-1
r_954aa73d1c17,clean,1,-1
r_a38d8acefd8d,dropped_handoff,0,45
r_edc144454889,goal_drift,0,17
r_962bf36da6ad,clean,0,-1
r_ab0edb7ca716,conflict,0,13
r_853909170ac2,conflict,0,13
r_a086343582be,deadlock,0,1
r_9833013688de,deadlock,0,3
r_3b6c6c640d14,conflict,1,15
r_15a1c56ad61b,duplicated_work,1,26
r_cf0a2a384893,dropped_handoff,0,16
r_0c2b90f18e1e,clean,1,-1
r_69b8d47d3162,conflict,0,38
r_e74e4e83fdbb,clean,1,-1
r_37184ae8e313,goal_drift,0,6
r_dc75cb515109,duplicated_work,0,75
r_c154402c7405,conflict,0,57
r_76182456f428,deadlock,0,15
r_346b5d917a53,conflict,0,35
r_20ffc545e217,conflict,0,11
r_f2686a3434eb,duplicated_work,1,22
r_c78bda8d4c2f,deadlock,0,0
r_9da6329ff469,clean,1,-1
r_4cc68ad796fc,clean,0,-1
r_e4b6cd68bee7,clean,1,-1
r_c4be2cdac12b,clean,0,-1
r_4446c92dbb0e,deadlock,0,8
r_5853ef8dec08,deadlock,0,5
r_afedaa6405ae,dropped_handoff,0,6
r_189aecb878e8,dropped_handoff,1,0
r_e9e6846ffdd7,duplicated_work,1,43
r_57c38fa920f2,clean,1,-1
r_5b69bbc83af7,duplicated_work,0,19
r_06e993af359a,clean,1,-1
r_f2c6f3ad5683,clean,1,-1
r_08fd9f74d1b1,goal_drift,0,2
r_598c2e1d5afd,duplicated_work,1,64
r_40f947638f3c,deadlock,0,7
r_ff8208f36020,clean,1,-1
r_e6d939b0546e,conflict,0,18
r_cb50e909fa57,goal_drift,1,1
r_29802823212d,clean,1,-1
r_560882cd4f3a,goal_drift,0,7
r_556698823df5,clean,1,-1
r_3aa8923a0957,clean,1,-1
r_1aaf3cc8f42b,conflict,0,20
r_c664fac53724,goal_drift,1,3
r_71c4ac54adbc,dropped_handoff,0,0
r_4627db00a8fa,duplicated_work,1,21
r_8ad1cfb6c9da,clean,1,-1
r_ddc39784bcac,deadlock,0,7
r_487993b4443e,conflict,0,20
r_f679e0cccbb8,goal_drift,0,13
r_5cdd3de9f260,duplicated_work,1,48
r_970da133b7b4,deadlock,0,7
r_a5b902b24df2,clean,1,-1
r_b2d1031255b1,runaway_loop,0,1
r_4a3af4b34a8d,clean,1,-1
r_c762718ffada,conflict,0,34
r_4b7344680955,deadlock,0,0
r_2f64578494b7,goal_drift,0,5
r_840f00bcf327,clean,0,-1
r_a9b68712438c,clean,1,-1
r_cfb855ffdf96,clean,1,-1
r_9e5bb56da0ea,deadlock,0,4
r_ad8175ce9979,duplicated_work,1,50
r_5a4fde1a868f,clean,1,-1
r_39d5c35ca322,runaway_loop,1,0
r_0a7ce05769b3,deadlock,0,14
r_7e8c1c09c59d,goal_drift,0,4
r_ead49b1f2656,clean,1,-1
r_0cb2a65e71d5,clean,1,-1
r_0f8614a565e0,clean,1,-1
r_4f6c7fae3905,goal_drift,0,1
r_ae95e11a7a26,clean,0,-1
r_36b153bf7953,deadlock,0,27
r_338033d4e514,duplicated_work,0,10
r_51a1d9e1055b,dropped_handoff,0,24
r_4fd18cdcc1dc,goal_drift,0,12
r_d0129c09e200,duplicated_work,1,58
r_7df724e36969,clean,1,-1
r_c3f4495ec0ab,dropped_handoff,0,1
r_003283383932,dropped_handoff,0,2
r_5b23e02421cb,runaway_loop,0,2
r_f871d4c1db16,deadlock,1,2
r_9d120536cc76,clean,1,-1
r_e53e2342c396,dropped_handoff,0,5
r_96f15d47ac4e,clean,1,-1
r_a26f34654b6a,conflict,1,11
r_5874cebc6bfc,conflict,1,24
r_5e57d4d109a3,runaway_loop,0,0
r_d35950e1133a,dropped_handoff,0,21
r_85e8bdd57c9f,conflict,1,62
r_73c27414f456,goal_drift,0,7
r_c63c69fbb884,clean,0,-1
r_f3c4282526dc,clean,1,-1
r_939f79dc61af,deadlock,0,29
r_018ec1924a9e,goal_drift,0,1
r_a4753a0f8420,conflict,0,34
r_a45b43e0107a,duplicated_work,1,81
r_7cd58551c599,conflict,1,27
r_ec20d0e9c01b,clean,1,-1
r_3749f4df3de1,goal_drift,0,2
r_8f5e7f020710,conflict,0,17
r_bd9da8ac9a6f,clean,0,-1
r_5d5d16213ffc,dropped_handoff,0,7
r_b45e06ea59eb,goal_drift,0,2
r_698f50364025,runaway_loop,1,2
r_93f0e16078fd,clean,0,-1
r_897ac9592bcf,dropped_handoff,0,14
r_efb7c76ae83f,conflict,0,25
r_d7d3e74537a3,clean,1,-1
r_9b236de940de,dropped_handoff,1,0
r_a7c2b4cdc9e9,runaway_loop,0,2
r_950dbf1191b6,conflict,0,7
r_5d344c79108c,conflict,0,11
r_e869f1110b67,runaway_loop,1,1
r_9127b51a304a,duplicated_work,0,23
r_dd6d07ae8502,goal_drift,0,10
r_17ff5666a4bb,dropped_handoff,1,5
r_1e10545526e8,conflict,0,18
r_5923ea1de5e6,clean,1,-1
r_c6167a391d2a,clean,1,-1
r_c57e07bde7f6,duplicated_work,1,33
r_e0079437414e,clean,1,-1
r_9843589fb684,conflict,0,51
r_1e43b6629801,conflict,0,11
r_24b5d5c61141,conflict,0,45
r_a861c63ca22e,goal_drift,1,2
r_bbb10ca2fe74,deadlock,1,6
r_8046f30dd5be,clean,1,-1
r_933b2b4eb6a6,clean,1,-1
r_4b904ac5efb1,goal_drift,0,9
r_707fe161a42e,duplicated_work,1,20
r_d6c63b3f4ccc,goal_drift,0,1
r_545a399de8c0,clean,1,-1
r_a521625b83df,clean,1,-1
r_5332378968f5,goal_drift,1,3
r_1850fbc371d2,conflict,0,11
r_0fb4154c202c,clean,1,-1
r_37e2a158fa0a,clean,1,-1
r_7d8650672f47,clean,0,-1
r_333662a89a5c,deadlock,0,1
r_2f32ae37d28c,deadlock,0,7
r_75e3eb0b2400,clean,1,-1
r_68ddd397a068,deadlock,1,1
r_31a122a2252d,goal_drift,0,26
r_0f393708f1da,goal_drift,0,7
r_b98774d57fa1,runaway_loop,0,3
r_cef8c2649673,clean,0,-1
r_1585fb37a0e0,clean,1,-1
r_bd98b130484d,clean,1,-1
r_096a60399921,clean,0,-1
r_0274e64cb2f2,deadlock,0,5
r_bce6a978d7ba,clean,1,-1
r_03bd0faae315,goal_drift,0,1
r_8caa507a4dfd,conflict,0,24
r_840aa8200bb7,dropped_handoff,0,9
r_b6f730cff465,clean,0,-1
r_a420164abc60,conflict,0,12
r_344ccd5d8039,clean,1,-1
r_f4fbcd0c1beb,deadlock,0,0
r_cd362b283b71,conflict,0,65
r_6cc097c4ce89,clean,1,-1
r_599f9af01419,clean,1,-1
r_76d99421c1e6,duplicated_work,0,28
r_3a9eed8dc6f8,clean,0,-1
r_ba25c7082671,goal_drift,0,3
r_0c53d9061518,dropped_handoff,0,13
r_dbd08afdc866,goal_drift,0,2
r_756478585183,runaway_loop,0,2
r_951ad10aa741,dropped_handoff,0,7
r_ef54727d321b,dropped_handoff,0,16
r_bd0a64472a38,conflict,0,27
r_c7bf256465f0,clean,0,-1
r_d6f5286f2634,clean,1,-1
r_76c08f12793a,clean,1,-1
r_98ee4d3bc1d0,clean,0,-1
r_a27e0e6a5bc3,clean,1,-1
r_d40861c2c291,clean,1,-1
r_28b90353db6f,runaway_loop,0,2
r_92208db651e0,clean,1,-1
r_67a2bb1a0903,conflict,0,24
r_30820160a3b3,deadlock,0,2
r_95c933916d98,deadlock,0,1
r_17b44247b085,runaway_loop,0,5
r_67f1e60084e6,goal_drift,0,8
r_acf7b6dee656,runaway_loop,0,0
r_87628155b0d8,goal_drift,0,6
r_a1d542be465e,conflict,0,52
r_2caa5ed1803e,clean,1,-1
r_5211f7b5ec5b,clean,0,-1
r_23c358d7c488,duplicated_work,1,38
r_aeaa1f93c1c3,duplicated_work,1,28
r_19bdcfe1d9d8,clean,1,-1
r_242095197bab,conflict,0,13
r_2c119f44b02a,dropped_handoff,1,21
r_a1f4efc1eb9d,conflict,0,27
r_61ef85e48a1c,deadlock,0,3
r_612bc0f6f053,clean,1,-1
r_0d8a790fa5ff,clean,0,-1
r_5b0b470c5903,conflict,1,27
r_e764297616c3,clean,1,-1
r_add82f0cb8ab,goal_drift,0,1
r_09fd0b574723,deadlock,0,4
r_50cd875763f2,goal_drift,0,6
r_6425f161a2ac,runaway_loop,0,0
r_67dee4b2eae5,clean,0,-1
r_31c97111db53,clean,1,-1
r_bbb08e076e40,runaway_loop,0,4
r_9ac69652f296,clean,1,-1
r_eb5652dace79,conflict,1,34
r_c2f3561fe667,clean,1,-1
r_0aed2b12d200,duplicated_work,1,33
r_da40719c7d91,clean,1,-1
r_b899f8376994,conflict,0,10
r_eb4e7761dd7e,clean,1,-1
r_f99f8795d5e9,deadlock,0,47
r_0f40eac01208,duplicated_work,1,38
r_50398c621e9d,clean,1,-1
r_ab547b69fee2,dropped_handoff,0,0
r_27cb9e8c569c,goal_drift,0,6
r_794b67f295d6,clean,0,-1
r_7cb9f27679da,dropped_handoff,0,9
r_92018b5a591e,duplicated_work,1,49
r_b4edbe29f5ea,clean,1,-1
r_5dadc4c118e4,clean,1,-1
r_aebe765dbaee,goal_drift,0,2
r_e9a3fa44fe59,runaway_loop,1,3
r_071618302794,duplicated_work,0,47
r_1f4b948d632e,runaway_loop,0,0
r_14797dcf69c5,clean,1,-1
r_eca8535ea5ac,duplicated_work,1,24
r_79835ba27cbc,runaway_loop,0,2
r_8c8cb8129b98,clean,0,-1
r_da7dc646d29b,clean,1,-1
r_4ffd18ecf808,clean,1,-1
r_aaa648a9b723,runaway_loop,0,2
r_42d0740b93dd,duplicated_work,1,25
r_4b11f0520124,clean,1,-1
r_74d4c5cadb69,dropped_handoff,0,3
r_16716ed50720,clean,1,-1
r_be69ea93637c,conflict,1,35
r_ac4a27748cf5,clean,1,-1
r_b4623a20d459,goal_drift,0,7
r_c264a44c4f13,deadlock,1,4
r_135ae9546ce2,goal_drift,0,3
r_2acaa79c285c,dropped_handoff,0,1
r_32ba9aec57b2,goal_drift,0,0
r_5c55745e7c21,dropped_handoff,0,17
r_3900196afde9,deadlock,0,5
r_2f941dbc727f,clean,1,-1
r_f0ae9a461c03,runaway_loop,1,1
r_f21845d5a929,clean,1,-1
r_b51880abf372,conflict,1,29
r_f54e62c2ef39,clean,1,-1
r_297dfdb6e64b,duplicated_work,1,17
r_4a5af33a96ce,dropped_handoff,1,7
r_8de98614c1e5,dropped_handoff,0,9
r_71c6e8164124,deadlock,0,8
r_00e6aee2e4b6,runaway_loop,0,1
r_06abcbef012b,conflict,0,23
r_2113e26a7e4f,clean,1,-1
r_0bf41f351aa0,conflict,0,33
r_2b1fa3f94888,dropped_handoff,1,7
r_af1d37272935,runaway_loop,0,0
r_62c5f3c67c08,clean,0,-1
r_f30e4a21c90e,clean,0,-1
r_8dd2f57561af,runaway_loop,0,0
r_5208f4b48ccf,dropped_handoff,0,1
r_c99020c77bcc,dropped_handoff,0,5
r_2684e32e73e1,deadlock,0,3
r_be84eb48072e,conflict,0,18
r_53db4cabd6d2,clean,1,-1
r_c3f83bc4adee,runaway_loop,0,9
r_9e9dc1e50eee,conflict,1,34
r_eeb1eb8226f7,conflict,0,28
r_0401f36851ea,clean,0,-1
r_8c931e05dabe,goal_drift,0,2
r_5f0af7d1c0f0,conflict,1,18
r_c45037732f06,conflict,0,37
r_7b1dc609704d,clean,1,-1
r_951fe7577261,duplicated_work,1,49
r_cf0b40b4b41d,runaway_loop,1,1
r_c7d5a4ae4d57,clean,1,-1
r_f8faa2eae795,goal_drift,0,2
r_04b4e25665e9,clean,1,-1
r_5eba65aa3320,goal_drift,0,4
r_605381534671,dropped_handoff,0,25
r_b5758875b62d,clean,1,-1
r_99270db74c9f,clean,1,-1
r_2e7fdb62c883,clean,1,-1
r_b0d8bfc7ed23,deadlock,1,14
r_8c353cc03b53,duplicated_work,1,44
r_d733f676abdf,deadlock,0,2
r_51ae3f6b3898,deadlock,1,4
r_5fd84841c958,clean,1,-1
r_a0643ed0240a,clean,1,-1
r_bbdc5568bb12,deadlock,0,21
r_38feb0b93284,conflict,0,20
r_6ae7ea9088ed,runaway_loop,0,7
r_bf4fdf328f40,duplicated_work,1,43
r_4076e78d0144,clean,1,-1
r_ed98102b3eb2,deadlock,0,9
r_c63de094c2e2,goal_drift,0,10
r_b7dd68e30364,deadlock,0,3
r_9d1f994263ac,dropped_handoff,0,7
r_4e670acd118d,goal_drift,1,1
r_00656b39e30a,duplicated_work,1,41
r_8873b00db47d,conflict,0,41
r_94a5195be8a3,deadlock,0,2
r_ac3358b7c963,runaway_loop,1,9
r_0d67da5c1686,duplicated_work,1,39
r_afea959ec126,clean,1,-1
r_654ea25dc502,goal_drift,0,3
r_3397808c2299,conflict,0,16
r_34d338399bdf,runaway_loop,0,4
r_4bccfbf9cec5,deadlock,0,11
r_384b3a559626,conflict,1,19
r_7382850679ed,clean,1,-1
r_cc85cd46d083,deadlock,0,10
r_d2262d284550,runaway_loop,1,2
r_00f9eb7a3e77,conflict,0,32
r_48f10ab196ca,runaway_loop,0,3
r_b0b8f48a608a,duplicated_work,0,32
r_2ebece67bb1d,clean,1,-1
r_5db83bab3a8a,clean,0,-1
r_85a5672a32ff,deadlock,0,6
r_4f48478ede8c,clean,1,-1
r_c4df35fbb154,dropped_handoff,0,5
r_d17e086fc98f,goal_drift,0,0
r_bf190a7ea19a,clean,1,-1
r_ae9c3363b6d9,goal_drift,0,6
r_9f701878531f,runaway_loop,1,2
r_6e717bbf44bc,clean,1,-1
r_52996b85ca01,deadlock,0,3
r_9904f71b91fa,conflict,1,35
r_07a3d4d30034,runaway_loop,0,2
r_efa39fda6fc2,goal_drift,1,3
r_e26c5bbf1c9b,runaway_loop,0,0
r_42c02c4eb2c7,deadlock,0,3
r_97c932753989,dropped_handoff,1,0
r_b7f0f069047e,deadlock,0,6
r_baa7640ca1a7,clean,1,-1
r_1ca409a000bc,deadlock,0,0
r_fea04a8166ba,duplicated_work,0,43
r_0d77f744cfc7,goal_drift,0,4
r_bb2a7adbca6e,clean,1,-1
r_ecf3ba3325f1,goal_drift,0,26
r_5432c1cfabee,clean,0,-1
r_ade078844b91,runaway_loop,0,1
r_692ac83fde94,dropped_handoff,0,13
r_dd6489215d9a,duplicated_work,1,44
r_bb3a786ee061,conflict,0,36
r_2871f9116c4d,runaway_loop,0,2
r_925d814ea1eb,runaway_loop,0,1
r_fb952c1d1d6a,clean,1,-1
r_d1ee81b0a48c,goal_drift,0,4
r_dd31383714c7,clean,1,-1
r_1a3184ca865e,goal_drift,0,5
r_3e7ec9b7afe3,duplicated_work,1,16
r_40cab20774b7,goal_drift,0,5
r_3b911dde7202,clean,0,-1
r_63183bf7c888,dropped_handoff,1,20
r_8d7c3f492f61,deadlock,0,0
r_86cd64bc60ec,conflict,0,21
r_7b2a373b0d9d,clean,1,-1
r_9e77cd9c4f69,conflict,0,83
r_d6da7ed296ce,clean,1,-1
r_f2c15a9c79fa,conflict,1,23
r_5bdf6ea3ca71,deadlock,0,13
r_fc9854da8a95,conflict,0,23
r_e3dfb2a0fd83,runaway_loop,0,6
r_da240ea33aa3,dropped_handoff,0,10
r_d44ead9510ef,clean,1,-1
r_8943eebc3f40,dropped_handoff,0,23
r_9fc3186755a7,clean,1,-1
r_6b0a42049235,dropped_handoff,0,11
r_9571c37e8781,conflict,1,15
r_7d7cdaff1223,conflict,0,14
r_29967dc8ace9,duplicated_work,1,29
r_c31afc795e07,goal_drift,0,16
r_1ebf034b5c82,duplicated_work,1,20
r_911a9646f2cb,conflict,0,25
r_af5e75c2a811,conflict,0,15
r_e38d258933a6,conflict,1,89
r_7bc0e853da5c,dropped_handoff,0,6
r_4b4cacad102a,goal_drift,0,9
r_14a14c927c65,clean,1,-1
r_ea1be0989808,clean,1,-1
r_04b1ed7521db,clean,1,-1
r_f2b4d1418821,conflict,0,39
r_0ba83fcd10f9,dropped_handoff,1,9
r_24519c85e587,clean,1,-1
r_77799093ff08,dropped_handoff,0,11
r_1ee9d392c2ba,deadlock,0,7
r_906f02de677e,clean,1,-1
r_b44bf7de4a37,goal_drift,0,2
r_90ae313367b9,runaway_loop,0,2
r_08aef4f8b94a,clean,1,-1
r_a921e7a9ad1a,duplicated_work,1,50
r_4ce58026d424,runaway_loop,0,0
r_658e8a8068b6,conflict,0,11
r_f86275f81f39,clean,1,-1
r_47a77419bd08,runaway_loop,0,0
r_4cb7f5716777,conflict,0,84
r_72bc2af963a6,dropped_handoff,0,0
r_7d7b2a028704,goal_drift,0,2
r_2e649e2289f7,clean,1,-1
r_e3f3f9bd3aa8,deadlock,0,2
r_03663d654c48,goal_drift,0,12
r_14bb268cce35,clean,1,-1
r_e58aacdd8aad,goal_drift,0,4
r_b45d0f7dadd4,runaway_loop,1,1
r_ac235194da6f,deadlock,0,0
r_d18589f71501,conflict,0,20
r_34b6e8107249,goal_drift,0,3
r_76e1634445bf,clean,1,-1
r_76ace04dd110,clean,1,-1
r_60cf880f0dc0,dropped_handoff,1,11
r_c09a14c63f57,clean,0,-1
r_c7b889693125,clean,1,-1
r_5073ef7ce576,dropped_handoff,0,5
r_611bb958884a,clean,1,-1
r_c043cda0625c,clean,1,-1
r_d36433ded3a0,goal_drift,0,3
r_6a65c8bcee2b,duplicated_work,0,70
r_cb53e03b7599,goal_drift,1,3
r_5e59caca26d5,clean,1,-1
r_02812441e64b,goal_drift,0,3
r_03d92d96b57c,dropped_handoff,0,12
r_978d2314325b,goal_drift,0,2
r_668be9947e2e,goal_drift,1,1
r_a49aa4648e52,duplicated_work,0,20
r_c234a9909084,dropped_handoff,0,0
r_a9f45369c23d,clean,1,-1
r_2433fef72a19,dropped_handoff,0,16
r_ff2710445ee1,deadlock,0,15
r_2999fc6b218a,clean,1,-1
r_696ae2cde497,clean,1,-1
r_5699041b049a,runaway_loop,1,10
r_74c472855a13,clean,1,-1
r_95170ecca24c,duplicated_work,0,30
r_e0d26f1777bc,goal_drift,0,3
r_d2fa49c4f00f,runaway_loop,0,4
r_d854340be2a6,clean,1,-1
r_b5181ece3d99,conflict,0,33
r_5d7e4d69751b,dropped_handoff,1,12
r_5830b0811f3f,clean,1,-1
r_b70f08b265a1,clean,0,-1
r_ed853a0fceb9,goal_drift,0,1
r_a6c1896e307f,dropped_handoff,0,10
r_93c1209d8805,clean,0,-1
r_ad4ce4b3c92d,clean,1,-1
r_f3dfece6d69c,clean,1,-1
r_96cba8780284,deadlock,0,4
r_426f400269ca,runaway_loop,0,4
r_e74db2da68b3,goal_drift,0,4
r_9fed01b7fcf1,conflict,0,22
r_c74c8e5e4d99,clean,1,-1
r_ec176b0b8602,runaway_loop,0,7
r_efc606857640,dropped_handoff,0,1
r_c3c078d60e09,clean,1,-1
r_f6d3af42481b,duplicated_work,0,19
r_d121481b277a,goal_drift,0,21
r_8d57ac5da997,clean,1,-1
r_6818f161c3ca,deadlock,1,4
r_6abf8e43b3fe,duplicated_work,1,10
r_a24667d4a0fc,clean,1,-1
r_6a1082243eda,clean,1,-1
r_49aae62e325b,goal_drift,0,2
r_5339b141498c,clean,1,-1
r_837346d838b2,duplicated_work,1,46
r_0549fa5f4af7,clean,1,-1
r_50060a8a8704,runaway_loop,0,1
r_e82e697626ab,deadlock,0,9
r_391749c6dae7,duplicated_work,1,53
r_0050459b801c,goal_drift,0,1
r_d473ae046d37,clean,1,-1
r_50529862c9ee,goal_drift,1,8
r_0d9145e2f1b2,conflict,0,22
r_80184a16304a,clean,1,-1
r_ebef01b2282e,duplicated_work,1,17
r_c9c5748e21d1,goal_drift,0,5
r_582251a169d3,duplicated_work,1,18
r_2aee7a067538,goal_drift,1,3
r_e72a97964bea,duplicated_work,1,49
r_b0f95331f80a,clean,1,-1
r_94acec8f34fb,clean,1,-1
r_0bb8ca6a0a09,conflict,1,28
r_398ca3ce1a07,dropped_handoff,0,6
r_f5d41312d050,deadlock,0,0
r_1b08cd5eec6e,dropped_handoff,0,12
r_b7bf95f44054,deadlock,0,2
r_d3f064dc7583,runaway_loop,1,2
r_389c5b46272b,goal_drift,0,1
r_8002b6624672,clean,1,-1
r_6529a8edc9c8,clean,1,-1
r_6ed2ecbab088,duplicated_work,1,35
r_d970b3d338d4,duplicated_work,0,14
r_4a29915ef3ab,runaway_loop,0,3
r_398a2d4121c6,conflict,0,53
r_d315c4643d45,runaway_loop,1,6
r_7b0519becea9,dropped_handoff,0,0
r_31c19c47d487,conflict,1,56
r_d5a1c852eded,dropped_handoff,0,14
r_f0d5d0e2e476,dropped_handoff,0,3
r_e875bc198aa9,clean,0,-1
r_d81e2deada12,duplicated_work,1,28
r_a2e5ed23a5e2,clean,1,-1
r_6b4941fef9e2,clean,1,-1
r_042de5ae9ae0,runaway_loop,1,0
r_54eaeca87b37,conflict,1,70
r_2a9674fb8278,clean,1,-1
r_e4936f27229b,duplicated_work,1,8
r_fc35dc63a15e,conflict,0,15
r_e70d0b3bbc37,dropped_handoff,0,3
r_dbf013bd8658,clean,0,-1
r_506e48fed96c,duplicated_work,0,25
r_b12ad8747a8f,clean,1,-1
r_b371e7f39a17,deadlock,0,2
r_abe88baba670,conflict,0,4
r_00154ca365d0,dropped_handoff,0,0
r_7aaaaa055ed6,conflict,0,7
r_07611da3f791,conflict,0,34
r_09379e7123d6,deadlock,0,6
r_a894160460c6,clean,1,-1
r_8fe309fc2677,duplicated_work,0,109
r_977e8a1fe0c6,dropped_handoff,0,4
r_e1c3625819fe,goal_drift,0,4
r_469b09806dd5,deadlock,1,12
r_3ccb894ae025,duplicated_work,1,13
r_2c8ac412ccd7,runaway_loop,0,1
r_4865e03fecdd,clean,0,-1
r_1f92eac92fc8,runaway_loop,0,3
r_bc4561ce4998,goal_drift,0,8
r_3a0cdc8d73cb,deadlock,1,2
r_ec077757b948,runaway_loop,0,2
r_611e67fc4a6d,clean,1,-1
r_228e8beb91fd,deadlock,0,2
r_68b3170d8e65,clean,1,-1
r_d12782293600,goal_drift,0,1
r_ab57eaace7e4,dropped_handoff,1,13
r_5bd9bb9c5c8d,clean,1,-1
r_da8b42a8b706,conflict,0,6
r_5f92674f9b81,deadlock,0,4
r_5a18efb1c768,clean,1,-1
r_de0e02316877,clean,1,-1
r_63901d8c9127,clean,1,-1
r_8e0094ed0283,duplicated_work,1,65
r_c58ef7ab4b2b,dropped_handoff,0,0
r_6c139360e082,runaway_loop,0,3
r_0d6a1637dc6c,conflict,0,70
r_65b9c82bfcab,clean,0,-1
r_612441f56745,duplicated_work,0,27
r_8fecdc0a3b8a,runaway_loop,1,7
r_49e65835ebfb,deadlock,0,5
r_9ccd917281ca,goal_drift,0,7
r_9182a80cf680,deadlock,0,13
r_a7ccc18a12c4,deadlock,0,9
r_c19e423a767c,duplicated_work,1,66
r_5085b5c3e93b,duplicated_work,0,50
r_c748b5e484c4,conflict,1,59
r_24bd1ee7babc,clean,1,-1
r_7c76dce0ac37,conflict,1,15
r_31d574692bd3,dropped_handoff,0,13
r_8b8e368a7741,runaway_loop,0,0
r_262e686aa81b,clean,1,-1
r_6608c1976cb4,clean,1,-1
r_f4fb7ed6776e,clean,1,-1
r_7ef296152657,duplicated_work,1,11
r_606b914b2093,runaway_loop,1,2
r_49c8d7c0c38f,clean,1,-1
r_3fbe97f0cd7c,goal_drift,0,1
r_5d55733eacc6,conflict,1,36
r_9cd82789bcac,goal_drift,0,1
r_bfb9d0668afd,deadlock,0,12
r_2a4625df899c,conflict,1,39
r_b87497247337,deadlock,0,20
r_69bba216f378,clean,1,-1
r_ec67abfe350e,conflict,0,6
r_869d7abaadb4,goal_drift,0,5
r_3812c35fc8ea,clean,1,-1
r_81cdd1bfc4d4,clean,1,-1
r_6e002d7a40e3,clean,0,-1
r_8064eb9c2972,goal_drift,0,2
r_7f614f9a5e54,runaway_loop,0,0
r_ea0c5995ff93,clean,1,-1
r_b74146bd73a8,dropped_handoff,0,0
r_c8f73ff4cbbc,runaway_loop,0,2
r_5c8b9f9a9eff,clean,0,-1
r_19dfef99b27f,dropped_handoff,1,13
r_2cf36c73e9bb,runaway_loop,0,0
r_0144abb076c5,dropped_handoff,0,3
r_a31fa03b6f4f,runaway_loop,0,1
r_60b8bc07f4f4,clean,1,-1
r_c71923046a50,clean,1,-1
r_c6d228276f66,duplicated_work,1,23
r_8c7f01ddff25,goal_drift,0,5
r_0cf721650c92,runaway_loop,0,5
r_a6f53e6669b9,clean,1,-1
r_efc84e481714,clean,0,-1
r_accb14356c17,clean,1,-1
r_02eadfdbb107,duplicated_work,1,35
r_e54570749017,deadlock,0,10
r_847c7cc9aa7a,conflict,0,56
r_6a959321b97c,conflict,0,23
r_fda99d287f51,dropped_handoff,0,3
r_97b356bc55b3,goal_drift,1,10
r_41d38682400e,goal_drift,0,1
r_b4091faea1f0,clean,1,-1
r_df7d0ab866fc,deadlock,0,17
r_b38acf4d3ba6,dropped_handoff,0,6
r_a6be4be9b3ed,goal_drift,1,5
r_66b474d46083,dropped_handoff,1,2
r_41b52522f6db,conflict,0,53
r_6ec07ad275ec,conflict,0,34
r_5163eb061858,dropped_handoff,1,2
r_6bf958ed3158,clean,1,-1
r_5ef4b0ef9364,clean,1,-1
r_1cf6da78c350,clean,1,-1
r_fc4011a55c61,goal_drift,0,15
r_f783a03a7f9d,deadlock,0,4
r_4a625070d3a6,clean,1,-1
r_b37a0841ce98,duplicated_work,0,42
r_35297b40c272,clean,1,-1
r_18f4ae5439f3,deadlock,1,6
r_2a12f5429ada,deadlock,1,4
r_9f005e904f1a,duplicated_work,1,33
r_5e5bd6d99626,deadlock,0,4
r_07a6240bb382,duplicated_work,1,58
r_b240a3773c51,clean,1,-1
r_3f7272883561,clean,1,-1
r_4507ba4c49d9,duplicated_work,1,40
r_168c1faf0434,clean,1,-1
r_25bc5b0999e9,clean,0,-1
r_4bf0eb6ca684,duplicated_work,1,25
r_d83e9278daec,deadlock,0,17
r_50597f58bc3e,clean,1,-1
r_dc82bb4c7eb3,conflict,1,34
r_fcdfe49097ea,runaway_loop,1,4
r_b977638842b3,runaway_loop,1,0
r_74161894362d,goal_drift,0,3
r_e5731d7c2ae2,clean,1,-1
r_0a398621e3da,clean,1,-1
r_00d3cac66a34,clean,1,-1
r_1a6671023ba8,dropped_handoff,1,11
r_d2bb98d6a355,clean,0,-1
r_b0e74b5b7ada,conflict,0,16
r_81e375479714,clean,0,-1
r_41d373b4229d,goal_drift,0,2
r_2b980c0c2e4d,clean,1,-1
r_f4c0ecacea50,goal_drift,0,2
r_dd6938300712,duplicated_work,1,76
r_883a883976f1,deadlock,0,1
r_b09b489b83e3,clean,1,-1
r_013df486fa01,clean,1,-1
r_0f839ba27501,clean,1,-1
r_8c77f8f335d5,runaway_loop,0,1
r_7b37cf88f111,clean,1,-1
r_f2dad49f6c63,conflict,1,41
r_00805c33bdd6,conflict,1,32
r_d95296165294,dropped_handoff,0,12
r_c1f646a0bc88,clean,1,-1
r_8cc9cf1c76c4,clean,1,-1
r_3fad681c8767,duplicated_work,0,41
r_4fbcb05967c3,clean,1,-1
r_7756fb0657a5,goal_drift,0,4
r_ab0526140988,clean,1,-1
r_d618ed573409,deadlock,0,1
r_e2e266365263,clean,1,-1
r_1253cf3afb5c,clean,0,-1
r_246efbcc8b95,clean,1,-1
r_6a6190241429,runaway_loop,0,3
r_09986954550a,runaway_loop,1,2
r_bb24aa48d3b6,conflict,1,39
r_3b0fd5251e53,clean,1,-1
r_94a30db14231,duplicated_work,0,81
r_20fdf09aeb6c,duplicated_work,0,12
r_7a9ddbd46ff4,clean,1,-1
r_0510cdadcc35,clean,1,-1
r_ba11c29c7cee,clean,1,-1
r_c88542be8bde,duplicated_work,0,38
r_56a73b656ab1,goal_drift,0,1
r_430560a911e6,conflict,1,59
r_1fddd360b339,dropped_handoff,0,7
r_9613254f9cc0,dropped_handoff,0,0
r_5d4279f04786,conflict,0,45
r_5e59c5b23981,clean,1,-1
r_a4d4dd494e20,duplicated_work,0,48
r_61f30b2906ce,duplicated_work,1,25
r_5a7ba1c60f47,clean,1,-1
r_68a4aa9dd39e,deadlock,0,3
r_e4a2ad9b038c,clean,1,-1
r_8b1fa839d833,runaway_loop,0,4
r_e0b68258230c,clean,0,-1
r_d70f6aa521c6,goal_drift,0,1
r_0d03d402165f,conflict,1,7
r_20d90ee35c4b,conflict,0,22
r_985982a8226f,clean,1,-1
r_996720a31bb9,goal_drift,0,1
r_3f54de51fd3f,goal_drift,0,13
r_791f9751f968,clean,0,-1
r_7a17a4b5b989,clean,1,-1
r_01a79cd03cb1,duplicated_work,0,34
r_ffdb09d88a5b,dropped_handoff,1,0
r_22d6b03a51b2,goal_drift,0,2
r_25d84e5e435d,duplicated_work,0,46
r_87e54e6fd984,clean,1,-1
r_b083a5638e15,conflict,0,16
r_d24cb23c5dde,clean,1,-1
r_4656466dd951,goal_drift,0,2
r_00f1499d3414,duplicated_work,1,36
r_ca2983486e6f,clean,1,-1
r_e59c2e4cf79a,duplicated_work,1,21
r_9fc945b13083,dropped_handoff,0,6
r_e73fa4da2b19,clean,1,-1
r_6411c8d95c6e,runaway_loop,1,0
r_b9e8d332a771,clean,1,-1
r_f8440aa8a38e,conflict,0,30
r_6d7bb91505ab,deadlock,0,4
r_361942cd7754,conflict,0,20
r_1280a150c5b8,dropped_handoff,0,7
r_da182ac33f75,clean,1,-1
r_0b4d964a987c,deadlock,0,29
r_f9226be1fa01,goal_drift,1,19
r_69c9f96a108b,deadlock,0,2
r_8b44eb2192b2,clean,1,-1
r_c69b39d47b12,runaway_loop,0,1
r_21c62dadf96a,goal_drift,0,7
r_6a5b1009e2de,clean,1,-1
r_75344ec7812c,dropped_handoff,0,4
r_3c4d1f681dca,runaway_loop,1,4
r_3baaad5305e7,runaway_loop,0,1
r_fb737867484f,clean,1,-1
r_0344255a7cca,runaway_loop,0,2
r_04fdfa92ea7f,clean,1,-1
r_f31698c9b35f,clean,1,-1
r_51d0f5c6b5d6,conflict,0,22
r_08134e3cb045,clean,1,-1
r_10bca45ad07f,conflict,0,18
r_917f7a3c1c5b,duplicated_work,1,64
r_290c902b1882,runaway_loop,0,7
r_d115c091a45b,runaway_loop,0,1
r_3f7320edb8a2,conflict,0,20
r_e7bb429c7e4c,runaway_loop,0,3
r_423fe849e542,deadlock,0,14
r_8d90827a4f3d,duplicated_work,1,27
r_4b6d570a6730,clean,1,-1
r_1752f30472e5,clean,1,-1
r_4857825a1ed5,deadlock,0,4
r_81a90b1ebc37,clean,1,-1
r_d9b470dcde17,clean,1,-1
r_261c12c250c5,clean,1,-1
r_25dae9a8f1d4,runaway_loop,0,2
r_74541506044e,clean,1,-1
r_06b6932eab1f,runaway_loop,0,2
r_8deab75afbdc,conflict,1,18
r_f92301379b57,conflict,0,26
r_9b3fdfc7e201,conflict,0,18
r_deb9c8a4bffd,conflict,1,27
r_849db2e40bb1,clean,1,-1
r_62be9ed49c45,conflict,0,29
r_247a9d2f8ab0,goal_drift,1,16
r_15686cc84e2e,goal_drift,0,2
r_26a47da8b2cf,deadlock,0,8
r_4bd697904a65,duplicated_work,1,17
r_3f74d99d5a6c,clean,1,-1
r_2df75087bb18,conflict,0,29
r_90a0d1266b70,clean,1,-1
r_36d595961d4e,goal_drift,0,26
r_5ceac0a3580e,conflict,1,8
r_ac991822c75f,goal_drift,0,2
r_5f2344d6c978,deadlock,0,5
r_5d5848dd0373,deadlock,0,19
r_588af5ea07ac,duplicated_work,1,18
r_328937b10213,clean,1,-1
r_d826de5661bb,goal_drift,0,14
r_32ba14b83cf0,runaway_loop,0,2
r_2516dd0625c8,goal_drift,0,1
r_836cf858fb48,clean,1,-1
r_7cd960cc3c08,runaway_loop,0,3
r_7dac03e27527,clean,1,-1
r_716c9d3c1711,deadlock,0,13
r_95fa49c0ab1a,clean,1,-1
r_3dccae773373,conflict,0,16
r_e2dbc569c552,duplicated_work,1,10
r_b20694cca2cf,dropped_handoff,0,4
r_97f2daa6bf67,conflict,1,62
r_f8a837ed5b3d,conflict,0,34
r_a66cd86a82e8,goal_drift,0,4
r_7764fa449053,clean,1,-1
r_4a72169ac1a6,clean,1,-1
r_621a6d90a4e4,goal_drift,0,2
r_37d7af76b694,runaway_loop,0,7
r_bfdd8fea7293,goal_drift,0,3
r_8b0bcab14354,clean,1,-1
r_5e7d53bdc41a,dropped_handoff,0,17
r_5b8a2e674b86,dropped_handoff,1,5
r_ce48192d1222,dropped_handoff,0,1
r_f06def05c104,clean,1,-1
r_6c14b17403ad,clean,1,-1
r_6722b408bdbd,clean,0,-1
r_dca651308c9a,runaway_loop,1,4
r_48399886d18d,dropped_handoff,0,0
r_0faf2dd2faab,dropped_handoff,0,16
r_2950f17a32df,deadlock,0,6
r_ca0b0595b1c6,clean,1,-1
r_21da90fa20fd,conflict,0,43
r_59d9fc17de74,duplicated_work,1,28
r_98fb444fc21f,deadlock,0,9
r_daa3aacdfde5,clean,1,-1
r_9b240d8ae2aa,clean,1,-1
r_e13c35390239,conflict,0,9
r_b2dfd02f015e,duplicated_work,1,60
r_dede0b2b2499,duplicated_work,0,26
r_06ea22d8690e,deadlock,0,6
r_28841204651d,dropped_handoff,0,15
r_9d82d5aa873b,duplicated_work,0,17
r_85d0d9d925af,clean,1,-1
r_e6182c039311,runaway_loop,0,6
r_6fce9eb11716,deadlock,0,4
r_7a15ed5abf90,goal_drift,0,0
r_68ddba695b4f,deadlock,0,2
r_0286ade5d5c6,conflict,0,53
r_73a19b1dbcc0,dropped_handoff,0,4
r_7abeeaa27db7,runaway_loop,1,0
r_5c2e9eecabc3,dropped_handoff,1,8
r_183e4299d227,deadlock,0,9
r_a7b9ab8112db,goal_drift,0,2
r_5759107e10e6,conflict,0,4
r_aba38c305ee0,goal_drift,1,5
r_fc6c36318831,conflict,0,17
r_2530ef0bf730,runaway_loop,1,1
r_783f1149b917,goal_drift,1,6
r_740584404ea3,goal_drift,0,1
r_c50498acc7f2,clean,1,-1
r_ce1b3b3a7b47,deadlock,0,1
r_728c101a4309,conflict,0,24
r_d5ab2626f965,goal_drift,1,0
r_b83fddf4db56,clean,1,-1
r_49d0ff0723b8,deadlock,0,5
r_001e405e1236,clean,1,-1
r_f905a25bc32d,deadlock,0,6
r_8b13a7bed154,runaway_loop,0,0
r_1922e41b5b46,clean,1,-1
r_e667bd10fb0c,goal_drift,0,1
r_642dcdd9980d,clean,1,-1
r_fcc9cb7d31d6,duplicated_work,0,42
r_d037ec34eeeb,conflict,0,8
r_98e8361d3717,duplicated_work,0,16
r_ddc2f1f4d8d3,clean,0,-1
r_78a21d7e4c56,clean,1,-1
r_bbcb411aff66,clean,1,-1
r_1c58e7a92661,runaway_loop,1,3
r_cc64f07e8478,runaway_loop,0,1
r_3a26c03a69d9,clean,1,-1
r_abebf54e0d44,runaway_loop,1,2
r_838ee752d06b,clean,1,-1
r_6bf84446e46e,runaway_loop,1,1
r_f5d95210a39a,clean,1,-1
r_cd914169a7b1,deadlock,0,18
r_b7d389560323,goal_drift,1,10
r_f2aaeafd8a03,clean,1,-1
r_c4f62cea0a18,clean,1,-1
r_4f3d64018bce,conflict,0,26
r_e8cebdfbf6e1,conflict,0,58
r_a851b144ee5a,duplicated_work,1,40
r_9a141f55b016,clean,1,-1
r_991d0def87d7,clean,1,-1
r_19a4a75fc878,conflict,0,67
r_0124cab21722,runaway_loop,1,6
r_1561d66f5c7d,conflict,1,16
r_9a57e30e83cd,deadlock,0,3
r_97dd9014dfa4,clean,1,-1
r_0af25111469c,clean,1,-1
r_349fa1aec739,dropped_handoff,0,21
r_6e729bf058b1,goal_drift,0,12
r_276d69f9c027,duplicated_work,0,10
r_1270003d3386,goal_drift,0,11
r_038f21e9b303,duplicated_work,1,33
r_0a0c5c3d9534,duplicated_work,1,29
r_acd539bf59ca,clean,1,-1
r_08b36c4c00b0,runaway_loop,0,3
r_6fd57d735cfd,conflict,0,24
r_29d04b25b099,duplicated_work,1,19
r_d503d57706db,duplicated_work,1,59
r_366404d2d47f,deadlock,0,24
r_dd4fa7db4eb0,goal_drift,0,14
r_b491820bbed1,runaway_loop,0,7
r_4df1cf7d0c59,clean,0,-1
r_552c53a101ed,conflict,0,14
r_0e6eeb0fd64f,clean,1,-1
r_b6acb3805a14,duplicated_work,1,43
r_14a6f27625db,conflict,0,14
r_389ef790d1f2,dropped_handoff,0,0
r_6c74d59304ae,dropped_handoff,0,5
r_8e370a413911,clean,1,-1
r_80d2d7276964,goal_drift,1,0
r_7be71dccdaf7,clean,1,-1
r_4962250f56d3,deadlock,0,2
r_dc2ebf6613d7,duplicated_work,1,24
r_2daa87fd4320,deadlock,0,8
r_2a0b19e22809,clean,1,-1
r_2b510e8917dc,duplicated_work,1,36
r_6a8445bd7de7,dropped_handoff,0,2
r_d486b39c1f51,goal_drift,0,6
r_6b73d7f65ab0,deadlock,0,9
r_186d07e39590,conflict,1,31
r_9b3ab4fca57c,runaway_loop,0,1
r_d0080974ae33,dropped_handoff,0,2
r_1936604d41e3,runaway_loop,1,2
r_00903b8e3f64,duplicated_work,1,24
r_75364e78247a,deadlock,1,12
r_baa2359f2f97,conflict,0,39
r_f2d43cadb27d,deadlock,0,0
r_96a5a0a127c3,clean,1,-1
r_e80623bb9e7d,clean,1,-1
r_4378af1e56d1,goal_drift,0,5
r_255181ad3b8a,goal_drift,0,0
r_bf9e6f7f142a,clean,1,-1
r_a4b776ba81f4,clean,1,-1
r_aca8603d8864,conflict,1,32
r_248ed4babcb8,deadlock,0,0
r_7b64ac75be8a,goal_drift,0,5
r_050cc54ea466,conflict,1,5
r_a9374243a709,duplicated_work,0,30
r_a8ff58f26a36,dropped_handoff,0,2
r_62a1963b13e5,runaway_loop,0,1
r_233dd6689ee6,clean,1,-1
r_d8c31de940cd,goal_drift,0,2
r_dd1cd5d321ed,clean,1,-1
r_cd9a0eb9cbde,conflict,0,12
r_470e0e8a36dc,dropped_handoff,0,2
r_2865a0b2328d,duplicated_work,1,18
r_970d2c7401e5,deadlock,0,7
r_fa0d9f3e3f7b,duplicated_work,0,17
r_cc528618329b,goal_drift,0,10
r_6fd4f237b220,deadlock,0,3
r_8b316fdd7c8e,deadlock,0,3
r_aa202ebf2498,clean,1,-1
r_15f3f26b4f6d,goal_drift,0,4
r_ce0082eafe8f,clean,1,-1
r_7ebaebb3ea1a,deadlock,0,1
r_61a0ad9a2de9,dropped_handoff,0,5
r_42c634d70fef,dropped_handoff,0,16
r_c7252cb4cf59,duplicated_work,1,26
r_205c3e2dc106,clean,1,-1
r_292034fa75b8,clean,1,-1
r_7877798e8f00,clean,1,-1
r_23f006495ba7,clean,1,-1
r_5044f970291c,duplicated_work,1,25
r_cd8addcb8bd6,clean,1,-1
r_28aad9a00db2,goal_drift,0,3
r_0f2087757608,duplicated_work,1,18
r_04fc3071ed47,runaway_loop,1,3
r_7d3ee5b69af1,runaway_loop,0,3
r_8ef0e60c3c95,deadlock,0,7
r_75c53676739b,clean,0,-1
r_3807c487cc8f,goal_drift,0,2
r_e451f6facf5a,runaway_loop,0,1
r_8691e68fc823,clean,1,-1
r_e5fd728c2b1c,runaway_loop,0,0
r_b5781041d2eb,dropped_handoff,0,8
r_8b5bf0c240aa,deadlock,0,3
r_4ef034877968,clean,1,-1
r_02375c03f784,clean,1,-1
r_eb7ec7279da6,goal_drift,0,11
r_6bfd7047a0f8,goal_drift,1,2
r_c9f068ed3b0c,runaway_loop,1,1
r_89f86740c655,deadlock,0,0
r_b5712ca64cf9,runaway_loop,0,6
r_5525de390b85,deadlock,0,10
r_34155f5149f4,dropped_handoff,0,19
r_5d6655269d42,clean,0,-1
r_4c9f54db1073,runaway_loop,1,8
r_f1fcd47ea814,conflict,1,10
r_9698ab2e87e8,clean,0,-1
r_fa3316c8115b,duplicated_work,1,34
r_4e3b931fd9b8,dropped_handoff,0,4
r_dacf24f1edac,duplicated_work,1,32
r_b9d3fa0d2546,deadlock,0,0
r_d7746c94fc1c,conflict,0,14
r_da0d4354989e,runaway_loop,0,2
r_9871e1563d4b,conflict,0,25
r_c76095fdecbf,clean,1,-1
r_aedc1eb063dc,conflict,0,20
r_9cedc54a863e,deadlock,0,15
r_3ebca26b9ccc,goal_drift,0,1
r_c05b25f228d6,conflict,0,30
r_801338e914b2,duplicated_work,1,42
r_a16de9a16200,duplicated_work,1,10
r_bdc9f1eb25ea,deadlock,0,12
r_17436860f6e3,duplicated_work,1,16
r_00d6ec17335f,clean,0,-1
r_162da8c7477c,dropped_handoff,1,3
r_abe35ea43f7a,runaway_loop,0,3
r_342fed06702e,clean,1,-1
r_a61c3402bba4,deadlock,0,2
r_3eeabfc32abe,dropped_handoff,0,5
r_1446018e9ee2,clean,0,-1
r_0cd7d804031c,clean,1,-1
r_daedefb4c172,dropped_handoff,0,9
r_3ffd82003e02,goal_drift,0,1
r_5b7aa5da8c5c,clean,1,-1
r_614a42344828,clean,1,-1
r_8b0144fba6ab,runaway_loop,0,17
r_859b1be5e521,duplicated_work,1,36
r_6422459ab3fe,conflict,0,13
r_b61945b1e03e,conflict,1,20
r_7681096d1b96,clean,1,-1
r_11e8426d2212,clean,0,-1
r_956a8f5105fb,clean,0,-1
r_f470f41084d6,goal_drift,0,3
r_429787da39ad,conflict,0,77
r_e921bbde88e7,conflict,0,12
r_9dcd1d1d181e,deadlock,1,2
r_6d694080b9fd,clean,1,-1
r_f57402ede9da,deadlock,0,7
r_09c87a83145f,clean,1,-1
r_e90fae09c61f,clean,0,-1
r_5e216c3c3201,runaway_loop,0,8
r_30d7e5f2e6be,runaway_loop,0,2
r_ca9cb342c687,duplicated_work,1,77
r_cd7644453c15,duplicated_work,1,41
r_9c52be29912e,clean,1,-1
r_b9770094ade4,clean,1,-1
r_f0cd50dcd444,clean,1,-1
r_f0642854b8fb,goal_drift,0,2
r_3086347dcb9f,clean,1,-1
r_55ee9a2f31b2,clean,1,-1
r_c297bb0426b6,conflict,0,19
r_f5b61d984a3b,goal_drift,0,2
r_75417bf89ae6,duplicated_work,0,19
r_b6338d111470,dropped_handoff,1,4
r_b0ecf2e43d92,clean,1,-1
r_18c210acd807,goal_drift,0,2
r_72552f78cd94,deadlock,1,1
r_d815e57a74dc,clean,1,-1
r_b942748f59d2,dropped_handoff,0,11
r_f7c26d07e49c,clean,1,-1
r_bdd3821fbd99,runaway_loop,1,0
r_f7c201894b5b,runaway_loop,0,3
r_f9f995df1593,clean,0,-1
r_369dc93e1607,runaway_loop,0,0
r_7a3339a7b662,dropped_handoff,0,8
r_1e7d370feeb3,duplicated_work,1,13
r_f672ec00b7b9,clean,1,-1
r_4be982061a49,goal_drift,0,2
r_220eee15598f,conflict,0,8
r_a684499d73c8,clean,1,-1
r_834d73936ea1,goal_drift,0,1
r_e0adf07c5e13,runaway_loop,0,5
r_7224544fa7da,duplicated_work,1,24
r_5d93f1183339,conflict,0,53
r_b62179fb4e8d,deadlock,0,4
r_61a46b278563,conflict,1,51
r_f9dc80a1ce12,clean,0,-1
r_8efa464448e2,duplicated_work,1,15
r_265c1cccab98,conflict,1,38
r_26492706550d,clean,0,-1
r_12a4fe59b727,dropped_handoff,1,2
r_0c4a92174edd,clean,1,-1
r_bdfaa21bb56c,dropped_handoff,1,8
r_fe9ea7fc2bbb,goal_drift,0,2
r_1d7178da8dd3,runaway_loop,0,1
r_96a7cb5f8218,runaway_loop,0,0
r_0efccb7249b7,runaway_loop,0,2
r_985d4ba7771c,runaway_loop,1,0
r_136ba3372748,clean,0,-1
r_5fdc372c7386,clean,0,-1
r_bda1d8883b55,runaway_loop,0,11
r_d660278a0f26,clean,1,-1
r_08e3808dc2f7,clean,1,-1
r_4a102c6c6d9e,runaway_loop,0,11
r_d58a61472f75,clean,1,-1
r_bbf4da231f4b,clean,0,-1
r_691517417c2e,deadlock,0,2
r_0e1c060f877d,duplicated_work,0,93
r_966642f780e6,duplicated_work,1,86
r_90c0529a90f3,runaway_loop,0,4
r_ee13b38359a6,clean,1,-1
r_73d595e04b41,clean,1,-1
r_538e447142fd,deadlock,0,2
r_29180de45be8,runaway_loop,1,1
r_cdb12c0be41f,clean,1,-1
r_a4de9f8bf0d4,duplicated_work,1,56
r_27f039788836,duplicated_work,1,42
r_e91c15ec5898,goal_drift,0,0
r_5197a9ea65fc,clean,1,-1
r_87f451ae9c5d,goal_drift,1,3
r_57acc4af6a5b,clean,1,-1
r_e2219b758170,clean,0,-1
r_73814835ce9b,clean,1,-1
r_7864a3d98138,duplicated_work,1,25
r_8afba18f89ac,duplicated_work,1,30
r_f054fbf0d2a9,clean,1,-1
r_0f0d2da6e025,clean,1,-1
r_274310fb5e72,deadlock,0,2
r_6ff8a4937f73,deadlock,0,7
r_9bbce1519acd,goal_drift,0,0
r_dc896c2c33e1,clean,1,-1
r_2a1fb0f2c853,duplicated_work,1,13
r_99d2f8a145ea,conflict,1,22
r_3851777b1731,duplicated_work,1,42
r_825d2a2c922b,duplicated_work,1,36
r_67b5c5bff039,clean,0,-1
r_fdebed99e151,clean,1,-1
r_146b0ca5a603,dropped_handoff,0,24
r_3967b508ec1f,deadlock,0,0
r_2f743f4756a9,clean,1,-1
r_bb411c03ab49,runaway_loop,1,0
r_040f0c29a920,clean,1,-1
r_70ca637a118a,duplicated_work,1,15
r_0a9a0adbd13f,deadlock,0,11
r_434e70d74b72,duplicated_work,0,27
r_eb29c53a0b5a,clean,1,-1
r_2b23583debd4,runaway_loop,0,1
r_fb7982620a8f,deadlock,0,17
r_94f5e7ea9636,duplicated_work,0,38
r_54fed54134cb,clean,1,-1
r_b5eb603996d6,clean,1,-1
r_0d5e305cfdbf,deadlock,0,4
r_f873189ece65,goal_drift,1,1
r_d99a64ed4f07,clean,1,-1
r_f1c349960610,clean,1,-1
r_9601ca97534b,runaway_loop,0,2
r_912ee9c4a0cc,clean,1,-1
r_1d3a511d3f9e,dropped_handoff,1,2
r_2b4d712337d1,goal_drift,0,3
r_543c5dab483c,clean,0,-1
r_48f7c14f97df,dropped_handoff,0,5
r_c00c9665b7b4,runaway_loop,0,0
r_0c147e963f99,dropped_handoff,0,4
r_a7e6395b21a5,duplicated_work,1,43
r_7d4cd5226f27,clean,1,-1
r_e4064f465f74,dropped_handoff,0,7
r_df8bacd8f004,goal_drift,0,7
r_848312d64f95,duplicated_work,1,87
r_5ea8b0b57fd1,clean,1,-1
r_1a6ff92268f4,clean,1,-1
r_8c41bda421e0,goal_drift,1,3
r_f86404164cc0,deadlock,0,2
r_ad1706899061,deadlock,0,5
r_732ff82f5e9d,runaway_loop,0,0
r_61587275d0f3,clean,1,-1
r_247014e7de16,runaway_loop,0,9
r_9fd0576dedb3,duplicated_work,1,12
r_8135dea558aa,conflict,0,66
r_88c2be537707,conflict,0,7
r_98d8e5786c70,clean,0,-1
r_a5869c442e39,clean,1,-1
r_ab3f1be6177d,clean,1,-1
r_c38f0e275f37,clean,1,-1
r_adc0ee9a4274,runaway_loop,0,1
r_9d253067554d,goal_drift,0,4
r_b225be8e15f9,goal_drift,0,7
r_4063a612b9a3,clean,0,-1
r_844c65b1a155,duplicated_work,1,43
r_644fea6560a2,clean,1,-1
r_f041af0e16a3,goal_drift,0,4
r_7975685dcfe3,dropped_handoff,0,6
r_d6e80959addb,deadlock,0,2
r_5a30a4da0ea6,goal_drift,0,3
r_1e2541fc8a45,dropped_handoff,0,4
r_0c697506337e,runaway_loop,0,6
r_f784e8394641,clean,1,-1
r_5b2061d819ec,clean,1,-1
r_d656cd372a93,goal_drift,1,2
r_546f11abd6f8,duplicated_work,0,45
r_3bb422065e8e,goal_drift,1,8
r_bf35d685ef19,conflict,0,21
r_da095eb288da,goal_drift,0,6
r_7c21e27a3d0d,runaway_loop,0,4
r_9eba5d930456,deadlock,0,18
r_d34e6f80fc68,deadlock,0,0
r_59fe199e2ba6,clean,1,-1
r_886473757ee3,duplicated_work,0,57
r_21aafe77ea1b,clean,0,-1
r_80e47948f543,deadlock,1,10
r_7d9d55e7effc,duplicated_work,1,22
r_f84c85d2d5e5,dropped_handoff,0,8
r_fdf00ded2a67,deadlock,0,27
r_c3f46900f798,clean,1,-1
r_ae09c2484ea0,clean,1,-1
r_4d315050ca1b,clean,1,-1
r_2f5de2176d89,duplicated_work,1,32
r_2d186a06d5d0,clean,1,-1
r_ecbeb22cccef,conflict,0,18
r_c56d4abe9811,conflict,1,62
r_f28eec990e7a,clean,1,-1
r_2f9d0abacc0a,clean,1,-1
r_d27273b4be7c,clean,1,-1
r_77062fe1bdae,clean,0,-1
r_01fda421c8fd,clean,1,-1
r_5802149b65a2,duplicated_work,1,19
r_67526630eca5,clean,1,-1
r_0157d65e8c00,clean,1,-1
r_d478b8cb79b7,runaway_loop,1,3
r_7d66598e6fb0,clean,1,-1
r_ca3f6ad3a5e4,clean,0,-1
r_c0240b4bee48,deadlock,0,15
r_c3bdfa939366,runaway_loop,1,6
r_804bf8bd2642,conflict,0,20
r_7eaa9e9c08d9,conflict,0,11
r_706710119dd8,conflict,0,41
r_0f8d83f3d88e,dropped_handoff,0,8
r_cbf8afad3b98,dropped_handoff,0,7
r_6533f8c13617,conflict,0,19
r_bb9bc45fae41,duplicated_work,0,63
r_4b3a963a335c,runaway_loop,0,4
r_b125c589461b,duplicated_work,1,57
r_3a6a75d5c259,dropped_handoff,0,51
r_1b80fdfe39d0,goal_drift,0,2
r_d6ea5f747541,clean,1,-1
r_78d5bd24d193,clean,0,-1
r_68d880a172b9,dropped_handoff,0,3
r_88445310ccd4,goal_drift,0,9
r_00db50c52d90,conflict,0,5
r_0228f3e65a6e,clean,1,-1
r_86929fab7a0b,deadlock,0,4
r_29cab19a0f49,clean,1,-1
r_5f721767c45c,clean,1,-1
r_5165189ecb62,duplicated_work,1,30
r_2a7b56e71e8d,deadlock,0,0
r_f0cd738988df,runaway_loop,0,1
r_89aae6428ca2,goal_drift,0,2
r_ddb279668e8c,clean,1,-1
r_ffc8c9c0041f,clean,0,-1
r_4b80b0bde352,runaway_loop,1,9
r_b9b21995bb52,duplicated_work,0,35
r_5b8a46f8ea7a,conflict,0,39
r_08d6a6000ef2,deadlock,0,2
r_86889781ca38,clean,1,-1
r_f702b97f34f5,duplicated_work,1,7
r_c2ff4c69233b,clean,1,-1
r_4d39406aaef8,deadlock,0,1
r_9191e54df073,goal_drift,1,6
r_d6c6aab72101,runaway_loop,1,6
r_d0e8a84a0fa2,goal_drift,1,1
r_d69ad3d66e69,duplicated_work,1,50
r_f8e530edd216,duplicated_work,1,21
r_7b39cce5d12b,clean,1,-1
r_4b5f73a38d0a,deadlock,1,2
r_85c993d60515,dropped_handoff,0,0
r_c84fcbee239b,duplicated_work,1,12
r_ef174ad4204a,duplicated_work,0,31
r_fe4a432512dd,dropped_handoff,0,6
r_2e925c393846,clean,1,-1
r_d58541ed473a,runaway_loop,0,0
r_78e43fac1af8,duplicated_work,0,21
r_a64a0f6d37e3,deadlock,0,2
r_47077ecc084a,clean,1,-1
r_fd27db228164,conflict,0,39
r_ac2c987fb751,conflict,0,9
r_a93266891d46,clean,1,-1
r_3b45e690f8dc,conflict,1,60
r_b02171cd903d,clean,0,-1
r_d2dae1bc110b,duplicated_work,1,13
r_441fff8d7952,conflict,1,32
r_2f35632fba61,runaway_loop,0,2
r_8c086c852e62,clean,1,-1
r_2d6dda27f80e,clean,1,-1
r_2bf654a78bcf,clean,1,-1
r_6e695b9a25c6,deadlock,0,7
r_78469629e2a6,clean,1,-1
r_f425e79a6099,dropped_handoff,1,8
r_ae527fe17fae,goal_drift,0,3
r_2adf58756b46,clean,1,-1
r_a536542fe931,goal_drift,0,0
r_6f38c216fcd3,clean,1,-1
r_7e5476b3036e,dropped_handoff,0,5
r_fe462993b28d,goal_drift,0,3
r_e8d393079e18,clean,1,-1
r_c09b8a2fe7e8,clean,1,-1
r_53a22b4e1af1,runaway_loop,0,3
r_57d2e3cade8e,goal_drift,0,11
r_7cbc6de85bed,clean,1,-1
r_88500952dc9c,deadlock,0,4
r_d85b20dff93f,duplicated_work,0,17
r_661d58774618,duplicated_work,1,30
r_7cfcd2df5c7c,dropped_handoff,1,23
r_065f5a1361c2,conflict,0,62
r_df597d8a1f36,runaway_loop,1,1
r_5408a4aab577,clean,1,-1
r_7938914a05b2,dropped_handoff,0,2
r_09feb8b89005,clean,1,-1
r_54232f3c4887,clean,1,-1
r_9deb07a1d81d,clean,1,-1
r_7a015dc44f96,clean,1,-1
r_881ab632e2cf,conflict,0,15
r_1131a1b4b501,runaway_loop,1,5
r_1ecedb7b8094,clean,1,-1
r_39781716393e,deadlock,0,12
r_60b6ab548b3f,duplicated_work,0,26
r_c45805d91bf6,goal_drift,1,4
r_c90f1501993e,conflict,1,14
r_f63df4af8cff,duplicated_work,0,16
r_23d6e4cd2ab1,deadlock,0,3
r_a57811d9b9c4,runaway_loop,1,2
r_d774d027a787,deadlock,0,2
r_5e2ee8a6d54c,goal_drift,1,5
r_ecc739cd9259,clean,1,-1
r_655efc7e94cb,goal_drift,0,10
r_ebdfe828f3ce,conflict,0,61
r_66c1f7368141,runaway_loop,1,7
r_b7c0aa405c61,runaway_loop,1,3
r_e4d40dc0cf50,deadlock,0,1
r_b868fbbb264e,clean,0,-1
r_ecb3b0d86cfa,deadlock,0,2
r_cd8d9fb940ce,clean,1,-1
r_15d994c09ea9,deadlock,0,6
r_89b8590435b4,goal_drift,1,7
r_a71d3f1bbcdd,goal_drift,0,1
r_fc0d6053824d,clean,1,-1
r_0edcc6c0ac3f,conflict,1,43
r_288537ea50a6,clean,0,-1
r_bf3252aa5936,dropped_handoff,1,1
r_4e78847b7b21,clean,1,-1
r_0d45a2744267,clean,1,-1
r_99a6aeee6ab4,dropped_handoff,0,7
r_61b6118dbc66,clean,1,-1
r_1cc17dee7fa1,conflict,1,30
r_e012f5916a30,deadlock,0,5
r_d506d6078adf,goal_drift,1,2
r_b96d49b0c4eb,dropped_handoff,0,2
r_49ce7144b041,conflict,0,27
r_0a117512e481,clean,1,-1
r_2c2b1fc83c07,clean,1,-1
r_74ee8b1dfd5d,conflict,1,21
r_358cab9a38ee,deadlock,0,4
r_9193df11090a,goal_drift,0,6
r_9d6c2e235fab,clean,0,-1
r_a13fcbcd17e3,deadlock,0,2
r_3e9e9b3cb472,clean,1,-1
r_b4cdbb6be867,runaway_loop,0,3
r_763c578fb9f0,clean,1,-1
r_bc309df2059e,clean,1,-1
r_f69b6298bdf1,dropped_handoff,0,8
r_b20583ce5927,conflict,0,30
r_989dc44ebe06,dropped_handoff,0,8
r_2e21b5381eda,clean,1,-1
r_f88d56169a0c,goal_drift,0,7
r_2afddc51305b,conflict,1,20
r_01b30c7ed126,conflict,0,44
r_cf3b5cea8c5e,dropped_handoff,0,16
r_5a864f9f2c45,clean,1,-1
r_148d9f9c6c52,duplicated_work,1,20
r_a414cb57b3d9,duplicated_work,1,16
r_2daa7d955d04,clean,0,-1
r_e753df325409,clean,1,-1
r_8c2bb4bbaaab,deadlock,1,3
r_d36364921404,runaway_loop,0,2
r_09e7f60399ea,clean,1,-1
r_87fcf2aec9db,goal_drift,0,4
r_c5c9ae40fdf8,clean,1,-1
r_3e18482eaa46,clean,1,-1
r_3f2714635122,clean,1,-1
r_5d4b73761313,duplicated_work,1,27
r_a17fc641ee34,clean,0,-1
r_f23296415012,goal_drift,0,1
r_f1f96bd5cd30,deadlock,0,2
r_c47ddce12a5e,clean,1,-1
r_1e037b75d023,conflict,0,20
r_68c064849bb5,conflict,0,18
r_0a6069bc0794,deadlock,0,2
r_840937d21590,clean,1,-1
r_00dae47d1a5e,deadlock,0,11
r_c75b616ee4f5,deadlock,0,1
r_7bcd375b5ee0,clean,0,-1
r_dcbe93e24bca,deadlock,0,2
r_1f548be4c48f,duplicated_work,1,36
r_a090fefd375d,clean,0,-1
r_1ec02b9a1b82,dropped_handoff,1,8
r_bd5a759c5fa8,dropped_handoff,0,13
r_0f04c9e2baeb,goal_drift,0,6
r_2861517919d5,deadlock,0,4
r_d796092c332b,dropped_handoff,0,8
r_20ade3b8baee,clean,1,-1
r_c44caf92ff3d,duplicated_work,1,39
r_b36ea3e5ba3d,clean,1,-1
r_1983a8d1245f,clean,1,-1
r_d0b0c935325d,clean,1,-1
r_0b6d8278207a,goal_drift,0,0
r_ee6122ca5640,dropped_handoff,0,1
r_ee289b1fb466,runaway_loop,0,3
r_e0745a01a331,runaway_loop,1,3
r_8e4281d8a2c5,clean,1,-1
r_00edd59c51fd,deadlock,1,1
r_7f8d051b3163,conflict,0,17
r_bee36bf5eaa9,clean,1,-1
r_d109bec16111,deadlock,0,2
r_c2cf3c2d6e45,clean,1,-1
r_c108d324d7c6,dropped_handoff,0,0
r_6c3bc30f57af,clean,1,-1
r_ac4d0d20d56a,goal_drift,0,10
r_12a2a8d800d4,runaway_loop,0,0
r_770518aa0d8b,clean,1,-1
r_9895c07980be,dropped_handoff,0,3
r_adae35b755ec,goal_drift,0,8
r_6c7d56401d9e,clean,1,-1
r_38a158e69e24,dropped_handoff,0,6
r_dc048fa9e16f,clean,1,-1
r_10d2b76e0fe6,conflict,0,8
r_753b0c16de58,goal_drift,1,2
r_039e1b74bdb1,goal_drift,1,1
r_79e50743655d,goal_drift,0,2
r_477d1a44cf49,conflict,0,22
r_bdde2df1ed24,runaway_loop,1,0
r_6e4f8bd33434,duplicated_work,1,25
r_cc1094f174df,dropped_handoff,0,15
r_bec67e515e75,deadlock,0,13
r_914341b71431,deadlock,0,11
r_0118abb88512,goal_drift,0,3
r_42ea9ba63e0c,clean,0,-1
r_5bb8ce6ec318,clean,1,-1
r_07565d5ded94,clean,0,-1
r_aa4115821b14,clean,0,-1
r_b2d2bd506295,goal_drift,0,3
r_50f08d8cbb22,clean,1,-1
r_dcd8c5bb7afd,runaway_loop,0,1
r_abf6e006e7d9,clean,1,-1
r_9cf35d70b91d,clean,1,-1
r_b50f907969b5,clean,1,-1
r_e84f0697e9a3,runaway_loop,0,17
r_48f1536cc0e5,runaway_loop,1,7
r_3220880c1122,dropped_handoff,1,11
r_413fa14d1a15,conflict,1,9
r_fe4da8fbd62e,goal_drift,0,4
r_4df8f1b99ceb,clean,1,-1
r_be3b5267c92d,runaway_loop,1,1
r_2b8a9e8375ab,clean,1,-1
r_12a2f6b96a39,dropped_handoff,0,17
r_fcd9594feb9d,dropped_handoff,0,2
r_4a67ac20d30f,dropped_handoff,0,14
r_c18d58dbe114,clean,1,-1
r_4951812e5f28,conflict,0,9
r_bbc569975b87,dropped_handoff,0,2
r_0dddce21dbb8,runaway_loop,1,1
r_faff7eefb6af,runaway_loop,0,1
r_0855d73cb465,duplicated_work,1,24
r_3f765ebfb19e,goal_drift,0,3
r_62a41209b960,deadlock,0,21
r_107bd31f04f9,duplicated_work,1,19
r_7a71bd220ec5,clean,1,-1
r_043e9c978003,dropped_handoff,0,25
r_3876b5ed915c,runaway_loop,0,3
r_80bbc073f446,runaway_loop,0,1
r_6fed7630ff84,conflict,0,27
r_2f895f851de1,clean,1,-1
r_b6612967e6fb,deadlock,0,10
r_a109d36bbb3a,conflict,0,12
r_45ae6850c110,runaway_loop,0,0
r_64b9f42d5ac3,clean,1,-1
r_5241be823bc1,clean,1,-1
r_680418d77e1a,deadlock,0,4
r_21baa1d5520f,deadlock,0,10
r_43738031b788,conflict,1,20
r_7b229aa82a47,clean,1,-1
r_1c3c29f754d7,clean,1,-1
r_9b408264764f,duplicated_work,0,28
r_55a579734d30,duplicated_work,1,27
r_3324edfa5dcc,duplicated_work,1,14
r_7d93bb51c8ed,conflict,0,34
r_697253dd8adf,goal_drift,0,0
r_3fc9b8a09a16,clean,1,-1
r_994c6625e497,duplicated_work,1,24
r_f205247e9cbe,duplicated_work,1,44
r_efeac9216fb7,runaway_loop,1,2
r_b86d3834244f,runaway_loop,1,5
r_2004a8935dac,runaway_loop,0,2
r_56dfabe3e4bd,deadlock,1,5
r_288fe8f752db,clean,1,-1
r_ff6ca0f48fc1,clean,1,-1
r_5602a78f6e65,clean,1,-1
r_556820426b26,clean,1,-1
r_471b1b2431e9,clean,1,-1
r_62e76f5ad689,dropped_handoff,0,1
r_780414e626f0,duplicated_work,1,25
r_59e027b45c37,duplicated_work,1,16
r_d472a1155cb1,clean,1,-1
r_bbf564d43c03,deadlock,0,8
r_43e43c948340,clean,1,-1
r_c3a13b93dd1b,clean,1,-1
r_4034ddd3f25a,clean,1,-1
r_da480740a6f5,clean,1,-1
r_02b81118f7ad,runaway_loop,0,16
r_4092744a613d,duplicated_work,1,50
r_40fc9843a3a2,duplicated_work,0,10
r_74e682e57769,goal_drift,0,3
r_18e35a81c69e,clean,1,-1
r_11d889bbe06f,conflict,0,19
r_52195ccffb4f,deadlock,0,14
r_f971b6959790,duplicated_work,1,37
r_a48c39e8bdec,deadlock,0,4
r_7db6004b1e1b,runaway_loop,0,0
r_40cf4673bfce,runaway_loop,0,11
r_f19d9ce7a3ff,clean,1,-1
r_6a5df537784b,goal_drift,0,1
r_67670c2b9453,clean,1,-1
r_ea63729ce5ee,duplicated_work,0,15
r_77f151561be0,conflict,0,24
r_29b4f08b4b72,duplicated_work,1,26
r_217032250ebf,conflict,0,38
r_29faf6253d17,runaway_loop,1,2
r_1f8bfbcb07bf,goal_drift,0,8
r_368c2277baca,clean,1,-1
r_b2823ee4627d,goal_drift,0,6
r_cab1a57dc656,runaway_loop,0,4
r_303fd7385cc4,duplicated_work,1,40
r_211e2c675d3c,clean,1,-1
r_9f5d3f9a7945,dropped_handoff,0,6
r_77092f62f42f,duplicated_work,1,32
r_f609716a311b,deadlock,1,2
r_2c9c6e5434db,duplicated_work,1,16
r_68cd6dc6bb6e,conflict,0,6
r_93c48e86392c,clean,1,-1
r_2eb3dc2d7006,goal_drift,0,1
r_780b17930f11,deadlock,0,6
r_7b171ffeacd6,clean,1,-1
r_06d0f8a15dc5,conflict,0,7
r_22d28b5c1a09,goal_drift,0,10
r_d66211b1ab1e,conflict,1,29
r_af822575e98f,runaway_loop,0,2
r_da0d0beccd37,conflict,1,24
r_1d5329af9d56,deadlock,0,3
r_71080a393aa0,clean,1,-1
r_880a69bb9b7d,dropped_handoff,0,3
r_155654e47ae8,conflict,1,44
r_18b421bda2f8,goal_drift,0,0
r_578289baac8b,clean,1,-1
r_dd5c8d38da0d,clean,1,-1
r_981f1452f72d,duplicated_work,1,44
r_014e445a8a34,goal_drift,0,3
r_0386b6e34966,clean,1,-1
r_889163b23fc5,clean,1,-1
r_17b31790a13a,clean,1,-1
r_d389aece4d2d,duplicated_work,0,14
r_4f5cf001c587,deadlock,0,12
r_edcc5f85d147,dropped_handoff,1,10
r_5712f30525bb,duplicated_work,1,7
r_346a122535d7,clean,1,-1
r_582c262ebf48,clean,1,-1
r_44daf86d5b4a,deadlock,0,0
r_2d723a479599,dropped_handoff,0,9
r_6f6d7e242624,clean,1,-1
r_293af3a494ed,deadlock,1,1
r_9e87dbf32d80,conflict,1,26
r_076d2794c229,deadlock,0,1
r_3eb0544fcb82,conflict,1,30
r_a75274f9f2e7,duplicated_work,1,30
r_34d2f6af156a,deadlock,0,7
r_27a06c287482,deadlock,0,2
r_87c4fed35116,deadlock,0,2
r_4f64da3ea950,dropped_handoff,0,6
r_f27e03fdbeb7,duplicated_work,1,65
r_e3fb7b5212cd,goal_drift,0,8
r_f30af1ac531a,clean,1,-1
r_ef2f7806464f,goal_drift,0,4
r_52fad7d978cc,clean,1,-1
r_01f30f6d7573,duplicated_work,0,15
r_0affc369b4c8,goal_drift,1,1
r_ce5986eaa2c4,deadlock,0,7
r_3436d553149c,conflict,0,29
r_91a161d1d595,runaway_loop,0,1
r_f429d84bc8a9,goal_drift,0,1
r_d98de13a4c6a,goal_drift,0,17
r_2eb72c8fc495,deadlock,0,2
r_8c3ed7404411,goal_drift,0,15
r_3ba609a8cf12,goal_drift,0,11
r_20893a811a95,goal_drift,0,0
r_e4e5d6aa2be0,runaway_loop,0,1
r_4b7d96b8d751,deadlock,0,4
r_b63fd26ab6f0,runaway_loop,1,1
r_14805e363b36,clean,1,-1
r_61cf6e697e11,duplicated_work,1,41
r_186629deaf06,conflict,1,19
r_4c342baa5398,deadlock,0,19
r_dc2abd1decaa,clean,1,-1
r_3c596452b2c0,conflict,0,51
r_ed912c323e80,clean,1,-1
r_4b57afe19955,clean,1,-1
r_e2c742bb0bf2,clean,0,-1
r_fe405483170b,deadlock,0,10
r_25640f8667ee,conflict,1,56
r_759a80f1f5c0,clean,1,-1
r_5cfd8b18bcb2,clean,1,-1
r_589a219a2dd2,runaway_loop,0,0
r_c476395fd911,dropped_handoff,0,3
r_0f1a71deff0f,duplicated_work,1,17
r_17b71757b5e8,clean,1,-1
r_e52bede12334,duplicated_work,0,32
r_4c910329feb2,duplicated_work,0,26
r_a478bf569430,clean,1,-1
r_a54f2f6c90e7,clean,1,-1
r_88e8918e5989,deadlock,0,6
r_ec7ebb01a7c2,conflict,1,16
r_ef02666bc83e,duplicated_work,1,25
r_ddff7545b905,deadlock,0,12
r_6ed2d5e2efef,clean,1,-1
r_4493c61bd2fa,runaway_loop,1,3
r_86fba9be0592,dropped_handoff,0,24
r_2186d43ec65a,conflict,0,10
r_3e29139b7019,dropped_handoff,1,2
r_7e0e8895df89,duplicated_work,1,21
r_8fe2654b0e53,clean,1,-1
r_f1ce093573c7,conflict,0,2
r_d5f356786fa9,runaway_loop,0,6
r_ab23f1712a19,runaway_loop,1,12
r_bfb083d16563,runaway_loop,1,7
r_92039b62d37f,goal_drift,0,9
r_4b3b6025f6b2,clean,1,-1
r_40224d72f6d1,conflict,0,13
r_d3acc2a8613f,goal_drift,0,2
r_b7d28dd35c36,duplicated_work,1,83
r_bc4e8c30aa4e,duplicated_work,1,41
r_28df963b842e,clean,1,-1
r_c7f9f1528b00,clean,0,-1
r_70427fbbc6fa,runaway_loop,0,9
r_b3973af1f259,duplicated_work,0,52
r_1aa3730ebdef,goal_drift,0,1
r_04e051d7de8c,goal_drift,0,2
r_175e1ebc6161,goal_drift,0,14
r_b67307276ab6,duplicated_work,1,22
r_dd78f819501a,deadlock,0,2
r_ec7af50fcb70,duplicated_work,1,50
r_df2245c85053,runaway_loop,0,4
r_6f73195a17ac,dropped_handoff,0,10
r_89ba8e77fed5,duplicated_work,1,51
r_1ce1b401704c,clean,1,-1
r_b20bedbbb063,conflict,0,13
r_98eb8ab22562,conflict,0,60
r_4e92d083e127,clean,1,-1
r_fb0b6b9068c4,duplicated_work,0,56
r_bfb247204b0e,goal_drift,0,5
r_f4c289fb2090,deadlock,0,4
r_895c73429e13,conflict,0,70
r_8dc2362d86d0,deadlock,0,17
r_a6043de4523c,clean,1,-1
r_d02f4ec6dbfd,dropped_handoff,0,22
r_1cded70463e0,goal_drift,0,7
r_743eb9631e68,clean,1,-1
r_3e0f44eb33e8,conflict,0,46
r_71de34fb9663,conflict,0,8
r_1f084db34f95,deadlock,0,2
r_a29b324ea259,dropped_handoff,0,10
r_8101a0bb2c4b,clean,1,-1
r_a39b8ce0b2a6,duplicated_work,1,30
r_b5ab317bce6c,clean,1,-1
r_089f5df3e4fd,dropped_handoff,0,3
r_4b78e003ab87,deadlock,0,1
r_f9db1036c3c4,goal_drift,0,8
r_ff083d5a7066,runaway_loop,0,0
r_f6d529130671,clean,1,-1
r_4a04f8c00f73,runaway_loop,0,2
r_ebec84fd4c2b,deadlock,0,9
r_61227e6f64d9,deadlock,0,3
r_e7497e8d1614,clean,1,-1
r_ce40f56d5300,clean,1,-1
r_b49af54bfa59,clean,1,-1
r_e05da1bf185e,dropped_handoff,0,10
r_e04cf1c715a5,runaway_loop,1,16
r_e77a6e5acb87,duplicated_work,1,51
r_df69828045e1,conflict,1,14
r_cb3c276fab21,clean,1,-1
r_c74c1761bf04,dropped_handoff,0,2
r_f5e2ee34f79a,clean,1,-1
r_7396eae55398,deadlock,0,11
r_2d342dc66f3c,duplicated_work,1,22
r_f91f28446258,clean,1,-1
r_620e0235f190,dropped_handoff,0,9
r_899365f5e9ff,clean,1,-1
r_8210488f3181,conflict,1,28
r_a6a1312c51ef,clean,1,-1
r_3929267e6584,conflict,0,11
r_55fa6c7d365f,clean,1,-1
r_553d865e98e6,clean,0,-1
r_3e5d83a46c50,deadlock,0,2
r_a54feb673db1,conflict,0,12
r_74b31109f8ce,runaway_loop,0,1
r_128b8fb1fa0e,conflict,0,15
r_f40619fce1f5,conflict,0,11
r_2933a0356c5d,duplicated_work,1,18
r_bc35ef620dc0,goal_drift,0,1
r_b59335232601,clean,1,-1
r_ba014afb55f1,conflict,0,14
r_9b10de5fbb8f,conflict,0,28
r_98cb3d80782a,conflict,0,47
r_76b2c88a456e,clean,0,-1
r_c3d0f7422fc9,clean,1,-1
r_1d43a504c3a1,deadlock,0,3
r_a251e82eb6d1,deadlock,0,3
r_88d61391307e,runaway_loop,0,8
r_6013abd90023,clean,0,-1
r_5ce1db1ab896,goal_drift,0,3
r_90bb3e151934,clean,1,-1
r_389103c6c647,dropped_handoff,0,2
r_90b5a42af1c5,deadlock,0,4
r_6e09a9805653,deadlock,0,2
r_5b88465e21e7,duplicated_work,1,51
r_182827d53646,clean,1,-1
r_a88a0fc1b1fa,duplicated_work,1,12
r_a9cdd3898b83,conflict,1,30
r_be93b88ab212,conflict,1,9
r_047458bcb3a4,dropped_handoff,0,11
r_ed9be6ed2de1,clean,0,-1
r_a3208a43ba33,clean,1,-1
r_bdc31ec0f02d,clean,0,-1
r_12f6d515b298,clean,0,-1
r_c891d801e1c4,clean,1,-1
r_2cb16c888f49,runaway_loop,1,2
r_840a79e9edc5,conflict,0,30
r_fded345a8ca5,runaway_loop,0,5
r_a70502239a2f,runaway_loop,0,3
r_19d3cb13e67d,clean,1,-1
r_a8651e0dbd1c,clean,1,-1
r_29873dfdf1e5,deadlock,0,2
r_16c33c2a9f49,deadlock,0,7
r_68487b9408bd,goal_drift,0,1
r_2ca96dd90ceb,clean,0,-1
r_8119fbc9336c,duplicated_work,1,34
r_f4bfb9f84b3c,runaway_loop,0,0
r_9137729f031e,clean,1,-1
r_02ed095b2cbe,clean,0,-1
r_48095ec4485d,deadlock,0,2
r_9e4f18c79908,clean,1,-1
r_508a928a7e2e,dropped_handoff,1,10
r_00f7cefb085b,clean,1,-1
r_18b5bc67fd43,dropped_handoff,0,8
r_e0898b42cf0e,clean,0,-1
r_64ef75bc2ae9,dropped_handoff,0,8
r_b02edbca7f1b,clean,1,-1
r_d4a9a5b8e3cc,dropped_handoff,0,0
r_85e65fd94cb8,clean,1,-1
r_6883298da6f8,clean,1,-1
r_f5d038bae37a,clean,0,-1
r_ca57052ad06a,clean,1,-1
r_47589865743e,duplicated_work,1,11
r_51948d72c776,dropped_handoff,1,36
r_11f4787c8f3b,goal_drift,0,4
r_cb2b47c19d6b,runaway_loop,1,1
r_5ed7cf566823,duplicated_work,0,30
r_9e0d0daed1a4,clean,1,-1
r_8bce60723231,clean,1,-1
r_356867763ec5,clean,1,-1
r_9da6872bc78a,clean,1,-1
r_4d8fee673f28,conflict,1,38
r_2b301156de5c,conflict,0,12
r_473194d73cc3,deadlock,0,1
r_529691c6c08b,clean,1,-1
r_5a5694b10204,goal_drift,0,23
r_dd9441064615,deadlock,1,0
r_04d6bb5b9b6d,runaway_loop,0,2
r_2fb73f846459,goal_drift,0,3
r_363d430d88f5,clean,1,-1
r_432f025d5c94,dropped_handoff,1,6
r_f02933995d1d,clean,0,-1
r_95dcae3d1a9c,clean,1,-1
r_f510d7168034,conflict,1,13
r_85162c28b06f,runaway_loop,0,2
r_4a332e66e404,conflict,0,23
r_6df5e40afd0d,conflict,0,11
r_b9bc9bdd463b,clean,1,-1
r_993c2972c8a9,runaway_loop,0,0
r_0eb5b75246ef,clean,1,-1
r_e8d6b10ecff2,runaway_loop,0,2
r_1aae25125534,dropped_handoff,0,4
r_c89779f41e67,conflict,1,25
r_83fff0ce35a4,clean,1,-1
r_21610ceda60c,dropped_handoff,0,5
r_d10a1b4ed48c,duplicated_work,1,47
r_a5c6d2299c7d,clean,1,-1
r_ba35b79cacb1,duplicated_work,1,24
r_58ea3253f43c,conflict,1,7
r_e1b0aaaeb68e,deadlock,0,3
r_6020a3f9f96c,deadlock,0,9
r_2bd0be94680b,clean,1,-1
r_1181ec0be400,clean,1,-1
r_9a1d7c36ff89,deadlock,0,12
r_2d157e78b0ad,deadlock,0,0
r_ed6bf7c6b1bb,clean,1,-1
r_6903fee5c9aa,clean,1,-1
r_d529555e02f5,duplicated_work,1,35
r_3207e860d7ad,conflict,1,35
r_e782d9f5892f,clean,1,-1
r_f89c15adf422,clean,1,-1
r_206f76ed4f98,runaway_loop,1,2
r_177099524777,duplicated_work,0,19
r_2cbf8e02dd1f,goal_drift,0,2
r_673af92f875e,runaway_loop,0,0
r_19776454f071,clean,1,-1
r_58e9ea6da25a,clean,1,-1
r_9dfc8350a3f6,clean,1,-1
r_9287bccad50e,duplicated_work,1,21
r_615d392c93bc,duplicated_work,1,85
r_ce1d3fe7dba8,clean,1,-1
r_14311258e37d,goal_drift,0,9
r_428e287c5f7d,clean,1,-1
r_a8b5167db469,deadlock,0,4
r_6e90609d2955,dropped_handoff,0,1
r_f6c323919439,deadlock,0,3
r_b031395d247b,goal_drift,1,20
r_b4a0c77cc2f3,clean,1,-1
r_b8ecb3c4ae07,clean,1,-1
r_b88d5226f0ab,clean,1,-1
r_faa9fbb7d94d,runaway_loop,0,2
r_eaa8a738f382,runaway_loop,0,0
r_88912e776428,goal_drift,0,2
r_cfd539ca5eb1,clean,1,-1
r_6d38e8ce732f,conflict,1,24
r_33e84f9412d2,conflict,0,35
r_74f97b287445,duplicated_work,1,41
r_4bde73805445,clean,1,-1
r_de74fb3aaa65,goal_drift,0,3
r_19e3e1fb3340,conflict,0,34
r_8ffb25a461b8,runaway_loop,1,8
r_631b5cab9e01,duplicated_work,0,32
r_4412eac722e1,clean,1,-1
r_9d41b64ebe37,clean,1,-1
r_8b051014c389,duplicated_work,0,11
r_e634fc230c88,goal_drift,0,9
r_5149c6961681,conflict,0,10
r_1bcc29e29d48,duplicated_work,1,30
r_9b1db01d77f2,conflict,1,11
r_28a27de35e09,deadlock,0,0
r_6d9eef28491b,clean,0,-1
r_e679a26805a4,deadlock,0,14
r_ef213a3a3d32,deadlock,0,3
r_067f565e5da1,dropped_handoff,0,4
r_8f680d9222a6,conflict,1,12
r_36500d9f7f4a,clean,1,-1
r_368575d83c9d,clean,0,-1
r_854721b72339,runaway_loop,0,2
r_92c2f9ac6ef8,deadlock,1,3
r_cbfd0078f088,runaway_loop,0,0
r_f0118bb2c8de,clean,1,-1
r_cc36aa3fb528,clean,1,-1
r_8d3a974569d6,clean,1,-1
r_4e5f1e8bcc48,duplicated_work,1,7
r_3d8ed984ac6e,conflict,1,34
r_bd011428f9bc,goal_drift,0,3
r_3fc7f8944772,dropped_handoff,0,2
r_1546353e9460,clean,1,-1
r_10bc835878c6,goal_drift,0,4
r_7d30328de598,clean,0,-1
r_d4943f737d66,runaway_loop,0,1
r_b6b5e667e815,runaway_loop,0,1
r_2c477cf55b98,deadlock,1,0
r_8b8b30d9aaf3,goal_drift,0,9
r_2efa52c16e54,clean,1,-1
r_58c4297f387d,duplicated_work,1,28
r_062932b1b9d7,deadlock,0,2
r_47df760910dc,clean,1,-1
r_650c19883342,clean,1,-1
r_3a3c890ddf60,dropped_handoff,0,2
r_e32ce9f02485,runaway_loop,0,3
r_032c16f37a80,duplicated_work,0,34
r_47288ead5b95,runaway_loop,0,6
r_6e4677e34d00,clean,1,-1
r_0db728dc4268,runaway_loop,1,1
r_3e6751ba561f,runaway_loop,0,3
r_dc5b0aaa20f5,runaway_loop,0,0
r_4180a70bea7e,conflict,1,7
r_4845b08e1ec6,duplicated_work,0,32
r_007dfbc5f08f,clean,1,-1
r_b210b9dd750d,dropped_handoff,0,1
r_bc7b6600d216,runaway_loop,0,1
r_919f95db5698,duplicated_work,1,40
r_609b75deb575,clean,1,-1
r_c2eebd0947b9,duplicated_work,0,7
r_aaf191f3c0b0,conflict,1,17
r_5953291adc25,duplicated_work,1,17
r_00ea6844aea5,conflict,0,9
r_3435c19f1ff2,clean,0,-1
r_ff09079307ab,conflict,0,30
r_9bb6967cf355,conflict,0,25
r_b6124ac66de7,clean,1,-1
r_33b5978ecb75,clean,1,-1
r_c64740e21fb4,runaway_loop,0,2
r_04da701d485e,dropped_handoff,0,6
r_4019669eace0,duplicated_work,1,39
r_98a768cb29f9,goal_drift,0,2
r_978fbdee2d7c,deadlock,0,8
r_0aa0c5d21956,clean,1,-1
r_8955a386311f,clean,1,-1
r_f66b384e6c3c,dropped_handoff,0,1
r_7f9df8b36f7e,clean,1,-1
r_6af1169b8376,dropped_handoff,1,2
r_4a05cc162bce,goal_drift,0,4
r_aa53d0d53275,goal_drift,1,1
r_09e38dc68246,clean,1,-1
r_f2591d3d1f99,deadlock,0,6
r_dd16c6ea9fa6,runaway_loop,0,3
r_5f2551cf81da,clean,1,-1
r_bdda8f65fb00,duplicated_work,0,44
r_b945c328d641,clean,1,-1
r_abd81b3190bb,clean,1,-1
r_9fdbcbf95930,conflict,0,11
r_608326d8e397,goal_drift,1,1
r_bc2176a95fe7,goal_drift,0,1
r_3bc6e7d271ca,clean,1,-1
r_be15d87b6d37,goal_drift,0,6
r_8b6fb971e9ec,deadlock,0,0
r_e6291f71e6e2,clean,1,-1
r_302498808e5d,duplicated_work,1,60
r_aba1ce1006e8,duplicated_work,0,44
r_62b4fc107ad4,duplicated_work,0,35
r_98fb15c5dad5,clean,1,-1
r_8fbe0193932b,clean,1,-1
r_6f47dd654c97,clean,1,-1
r_aa958ae096de,clean,0,-1
r_3184dc241777,conflict,1,24
r_58f8fdd56a32,runaway_loop,0,1
r_d241681040c1,runaway_loop,0,2
r_285d81f7d7bf,clean,1,-1
r_4bba86d2d3da,clean,1,-1
r_b2f7cd752462,clean,1,-1
r_b11ec823714d,duplicated_work,1,33
r_4b690524dd78,conflict,0,19
r_872220ce6fb5,duplicated_work,0,40
r_1aca400e9b0c,goal_drift,0,2
r_f9853abe36d5,clean,1,-1
r_25aa7823d11a,runaway_loop,0,5
r_c19864626c57,deadlock,0,8
r_4a2bce055331,goal_drift,0,3
r_a40fc6c27382,runaway_loop,0,1
r_47e50ddc97c0,conflict,1,20
r_7affcf0580a0,clean,1,-1
r_f816dfab4f41,runaway_loop,1,1
r_6427efab0f0f,runaway_loop,1,6
r_727dd27e7d9d,goal_drift,0,0
r_3f5883d5e0be,dropped_handoff,0,10
r_9d2d1af5a8c7,runaway_loop,0,12
r_6d5585828299,deadlock,0,3
r_457dc1f3320a,clean,0,-1
r_5a2a28316712,clean,1,-1
r_4e8734ac067c,duplicated_work,1,58
r_3a4483e518f8,duplicated_work,1,10
r_513495f01dfc,deadlock,0,15
r_a67657ed3f9a,goal_drift,1,2
r_23d4741fd9ab,deadlock,1,6
r_7373cf41323a,clean,1,-1
r_df9dbd53924c,goal_drift,0,5
r_ee31bfff5358,clean,1,-1
r_51c440b6a528,clean,1,-1
r_773c38ea587b,duplicated_work,1,64
r_c2b4d7128d89,clean,1,-1
r_a25e255194a6,clean,0,-1
r_d1d9040a54a3,goal_drift,0,2
r_bbcb7e0d3e15,clean,1,-1
r_ca6cfb797b40,dropped_handoff,0,0
r_fca7df985d36,duplicated_work,1,49
r_84899f9cdd7d,clean,1,-1
r_41ec0c6878d3,goal_drift,1,4
r_a99dc3af4740,deadlock,0,9
r_85e1ca64190b,goal_drift,0,1
r_334edf64876c,clean,1,-1
r_347c157c78df,duplicated_work,1,27
r_0eb2d8df4d5c,clean,1,-1
r_e951c855c6f2,duplicated_work,1,33
r_bab26bb40578,clean,1,-1
r_c0d9579fa1fe,goal_drift,1,4
r_befa8a7a7fbd,goal_drift,0,4
r_57083562b564,goal_drift,0,2
r_bdaf1a72e621,clean,1,-1
r_6e368167f03b,runaway_loop,0,4
r_4da22f80aad8,duplicated_work,0,21
r_2c8a835d3330,duplicated_work,1,48
r_57db0d31ba8c,runaway_loop,0,3
r_b9782fabeee4,clean,1,-1
r_ab0ecbe35342,clean,1,-1
r_2752d31a765f,conflict,0,5
r_e6566a216243,goal_drift,0,2
r_34f0c5ecd1e4,goal_drift,0,10
r_7e436d07e40f,goal_drift,0,13
r_e33b3aff24db,runaway_loop,1,4
r_cbf078729568,dropped_handoff,0,4
r_56b204c1c326,conflict,0,21
r_92d4d35fd2b9,runaway_loop,1,2
r_f2cb4e13b523,clean,1,-1
r_75014dff11c8,clean,0,-1
r_15f5a2e4c0be,goal_drift,0,10
r_2a25865d63e4,conflict,1,35
r_8ae86711de0d,clean,1,-1
r_f8685e7e9d4b,clean,1,-1
r_cd834cd8196a,duplicated_work,0,19
r_ce79279c3223,clean,1,-1
r_02f5bb7ed4b5,clean,1,-1
r_70f783588d44,clean,0,-1
r_95e3569aa34b,goal_drift,0,5
r_0d3c2c258235,conflict,1,7
r_4980f390ed44,duplicated_work,1,34
r_ce0ede5251e2,conflict,1,14
r_99ed7e0475b0,deadlock,0,2
r_f70f8370dbb1,goal_drift,0,10
r_47dc7a52e47d,clean,1,-1
r_5d0a9e0396b4,deadlock,0,9
r_3dcead12fa46,deadlock,0,2
r_5e3413646b53,dropped_handoff,0,6
r_2a1bfc8c1bb1,clean,1,-1
r_d4bffff755bb,clean,1,-1
r_e95898d5e2e7,goal_drift,0,3
r_61e094207f8f,duplicated_work,1,103
r_70f150625c87,deadlock,0,16
r_bd1aedd7a42d,dropped_handoff,1,2
r_8cfb1f491b36,conflict,1,16
r_a78c79d4e389,clean,1,-1
r_aac009930def,deadlock,0,5
r_34b10dee4995,clean,1,-1
r_34704ce71d2b,deadlock,0,15
r_a5a9777c31b5,runaway_loop,0,11
r_9ac53acd324e,runaway_loop,0,1
r_0401ffc82874,conflict,0,12
r_212ca7842ea2,conflict,0,19
r_65e6827f77cb,dropped_handoff,0,23
r_1830585a866d,duplicated_work,1,42
r_4b2724cfc2f6,goal_drift,0,3
r_0b0e971fabb8,clean,0,-1
r_7a15f46b83d6,duplicated_work,1,39
r_f7d35e7458ea,goal_drift,0,7
r_5f9a89694af0,duplicated_work,1,7
r_e13812ef5bfe,goal_drift,0,2
r_c08c252dcd00,dropped_handoff,0,6
r_68bf632e9347,clean,1,-1
r_3d4c8c36d5b9,clean,1,-1
r_cb92ee6ca5e9,goal_drift,0,1
r_3b20b52bbc6e,goal_drift,1,5
r_d7373698a1ae,goal_drift,0,2
r_c9baa4db61e3,conflict,0,20
r_304c198bc042,goal_drift,0,2
r_cd5ce2c01b15,goal_drift,0,10
r_02518ca42ada,deadlock,0,4
r_f1787638ab57,clean,1,-1
r_8e2010d54fea,clean,1,-1
r_6167b2eabe79,clean,1,-1
r_9c46c204c9b1,clean,1,-1
r_357e3d1034e2,dropped_handoff,1,3
r_b81974c109f9,conflict,1,28
r_061dedbc6b73,conflict,1,22
r_be954278644c,clean,1,-1
r_a27f5b39bb78,duplicated_work,0,32
r_d5d876ff68bf,duplicated_work,1,24
r_f83f74c7eefc,clean,1,-1
r_bb8e1dd476e8,dropped_handoff,1,6
r_fdfd158532c5,clean,0,-1
r_a4ab6e873fd5,goal_drift,0,3
r_292e1cd127a5,clean,1,-1
r_4ef6c9c8211e,dropped_handoff,0,2
r_bc15117c4788,duplicated_work,1,17
r_31bf76e47b9c,dropped_handoff,1,12
r_5dab8e0f4ecc,clean,1,-1
r_52ac5cb49abf,dropped_handoff,1,7
r_3df985bbe127,goal_drift,0,10
r_e690d41da572,clean,1,-1
r_b92ebb9f7618,clean,1,-1
r_042ca63395fc,runaway_loop,0,9
r_93494d1b9bde,conflict,1,30
r_0a185c8ad3f9,clean,1,-1
r_8a01f17ba90d,deadlock,0,5
r_fb30683ed72b,deadlock,0,0
r_7fa929f4a163,deadlock,0,1
r_6df4cdb6243d,clean,1,-1
r_f0e89de6fc0e,duplicated_work,1,15
r_9430328ed6dc,duplicated_work,1,38
r_b103bd4c2e7a,clean,1,-1
r_c82e78b57c3a,dropped_handoff,1,2
r_bb0019f8c849,clean,1,-1
r_d52cdf8d39cf,clean,1,-1
r_b619cfd11dd6,dropped_handoff,0,23
r_75027926b182,conflict,0,24
r_41e55c7d2f78,conflict,0,29
r_282c6f533f9e,clean,1,-1
r_acbc7191d0d0,clean,1,-1
r_391a93909f69,runaway_loop,0,7
r_e4a22bc2b343,deadlock,0,8
r_007cb4750e01,duplicated_work,1,51
r_96ee82b9f85e,goal_drift,0,0
r_ae4a9106ee9f,conflict,1,26
r_e6d402b51394,conflict,0,24
r_21615c83dc71,clean,1,-1
r_8df81272c247,goal_drift,0,3
r_1db297a9f985,goal_drift,0,7
r_5e1383ab20b5,deadlock,1,3
r_a66e4a9b128a,conflict,0,21
r_20e848008097,clean,1,-1
r_49df2acc3a50,duplicated_work,1,52
r_8d5243067223,clean,1,-1
r_6d15ce9cc1fb,clean,0,-1
r_ef94db2620a9,clean,1,-1
r_9429268e301b,deadlock,0,2
r_b2305fd1181d,clean,1,-1
r_89f863da634e,deadlock,0,16
r_7d872dcfd88d,goal_drift,0,2
r_026558bfdbae,runaway_loop,0,8
r_86e739a50b1f,clean,0,-1
r_b94dc68c1d64,conflict,0,27
r_d3a8751bb0cc,dropped_handoff,1,3
r_49e0002a9187,runaway_loop,0,11
r_7a66e72107ab,conflict,0,46
r_183a46a508db,clean,1,-1
r_8a67ebf719b2,clean,1,-1
r_e1060ec1967e,conflict,0,10
r_31d939937005,dropped_handoff,0,0
r_e2ff26edd3df,goal_drift,0,2
r_9dc2e6622166,clean,1,-1
r_8d3eb29cec6a,conflict,0,38
r_35a9b4ba1153,runaway_loop,1,4
r_8ef30d115916,clean,1,-1
r_70be87a875f8,clean,0,-1
r_a20651a2410b,clean,1,-1
r_bb8da4100e77,duplicated_work,1,27
r_9e9cb8e1d202,goal_drift,0,1
r_64a166d01f83,duplicated_work,0,44
r_74222a3544b8,duplicated_work,1,42
r_d54dc91ce4e0,conflict,1,18
r_43b339e4be4e,runaway_loop,0,2
r_90f1201aeaef,clean,0,-1
r_d7379523b4f0,conflict,1,45
r_456a59ada54b,duplicated_work,1,37
r_d8f622499489,deadlock,1,2
r_e630a0b68c59,clean,1,-1
r_21ffa355916a,deadlock,0,3
r_24eea423de31,goal_drift,1,4
r_743da2ba4c8c,clean,1,-1
r_ac0ac93f6be5,dropped_handoff,0,4
r_363759c8ea59,clean,1,-1
r_1098503ac458,clean,1,-1
r_e3c2b91f5d75,duplicated_work,0,24
r_14b9371d8308,clean,1,-1
r_70f1598821b2,goal_drift,0,3
r_f4a1faaf4b93,dropped_handoff,0,2
r_febd33e0c92a,conflict,0,16
r_baf8d9e36b53,goal_drift,1,6
r_385b9a3b8ff1,deadlock,0,10
r_5b7174548046,clean,0,-1
r_873068d647e5,clean,1,-1
r_95af80b36b04,duplicated_work,1,35
r_d623ed3147d8,conflict,0,19
r_dff24b2ee886,duplicated_work,1,69
r_9fcb898f36f3,duplicated_work,1,29
r_3ddecebd8aa4,deadlock,0,22
r_608a6813092f,duplicated_work,0,27
r_b5783883d90b,clean,0,-1
r_53381500c8ec,runaway_loop,0,1
r_de34c5aab45f,clean,1,-1
r_7dca7fb2671d,duplicated_work,1,35
r_a60a659263cf,runaway_loop,0,2
r_d308b56e8e47,duplicated_work,1,75
r_1f8a8770418e,clean,1,-1
r_09c766e8ff6c,runaway_loop,0,2
r_0f7262c745c1,clean,0,-1
r_5a6997c1577c,goal_drift,0,10
r_8ac5d5e65cc9,clean,1,-1
r_cc1214689308,clean,0,-1
r_ae88f481634a,conflict,1,30
r_8771ff2c67fa,dropped_handoff,0,3
r_fca8f7cd415e,runaway_loop,1,0
r_80ef90944844,conflict,0,35
r_367a17272913,runaway_loop,1,3
r_43181b33ab3d,conflict,0,27
r_3f1239d3e6d8,clean,1,-1
r_b53e3b4096ab,duplicated_work,1,21
r_a78344d4025e,conflict,0,29
r_495f579e2156,clean,1,-1
r_719d5ac343a9,dropped_handoff,0,2
r_6930f3f28db3,deadlock,1,1
r_afc3b5cc9cfa,goal_drift,0,6
r_19fd11cdb7af,goal_drift,1,7
r_be50d053dab8,conflict,1,27
r_6a764ec51bf2,conflict,0,69
r_8c01d4698a31,clean,1,-1
r_723eb7054a78,deadlock,0,4
r_b385cc9c21ef,deadlock,0,4
r_38e90e9e6029,deadlock,0,0
r_30f8904c1f35,clean,1,-1
r_7178a52cc39a,clean,1,-1
r_cca60cd6399b,runaway_loop,0,3
r_3a0ce44d2837,deadlock,0,4
r_cf0e288e9db8,conflict,0,14
r_b54b8ff5ad52,conflict,0,23
r_cc0acea9785d,deadlock,0,21
r_a22a6191b7d7,conflict,0,39
r_e4cd40505920,dropped_handoff,0,1
r_afea1e6d7f4d,clean,0,-1
r_c2c74463644a,clean,0,-1
r_62da32dfd11e,clean,0,-1
r_0109b34db3a8,duplicated_work,0,31
r_5bd09be6db68,runaway_loop,0,2
r_2870e07de0b3,runaway_loop,1,5
r_fb81209c05f5,clean,1,-1
r_e5fb20d5e68b,deadlock,1,1
r_f14f0f708f4d,goal_drift,0,2
r_b2937247fc36,clean,1,-1
r_68f545bb862e,clean,1,-1
r_04503723f2aa,clean,1,-1
r_82a729c88c71,deadlock,0,9
r_3eb87cf3d4d2,clean,0,-1
r_47fe25763d92,clean,1,-1
r_715e8af05960,clean,0,-1
r_055b7a257010,clean,0,-1
r_847d34321415,dropped_handoff,0,4
r_b1bc84ea66ad,runaway_loop,0,5
r_112195e2b29c,conflict,0,22
r_de896c99856f,dropped_handoff,0,0
r_18570a4c14cf,clean,1,-1
r_b05f862a6ad2,duplicated_work,1,39
r_32192d185cce,deadlock,0,2
r_4ade7089034b,clean,1,-1
r_bac36d0f9716,clean,1,-1
r_a7279aada989,clean,1,-1
r_fadfa489d390,deadlock,0,0
r_f6af2e1e0e75,clean,1,-1
r_ab7d1c69e679,dropped_handoff,1,1
r_bb09122c0a37,goal_drift,1,4
r_ef05e39e9df4,clean,1,-1
r_f0bd10f0c188,clean,1,-1
r_44abb955386d,dropped_handoff,0,10
r_d743df06280d,clean,0,-1
r_1d0b4da23dbb,clean,1,-1
r_f6fd20c15cfb,goal_drift,0,5
r_de9b9a1a2fae,runaway_loop,1,1
r_2709980ddb51,conflict,1,68
r_401e21db9e21,goal_drift,1,3
r_01b0e8577a79,clean,0,-1
r_c53bf3657571,clean,1,-1
r_50e3797d8cb3,runaway_loop,1,2
r_e018fde831aa,conflict,0,24
r_04009b8a86c0,dropped_handoff,1,8
r_7f51b10038ef,dropped_handoff,0,8
r_521402f2c8f3,conflict,0,40
r_abe736fb1570,dropped_handoff,0,4
r_3d58d146abd2,goal_drift,0,0
r_335e5b682ac9,duplicated_work,1,86
r_3411eb00b72a,clean,0,-1
r_9b757f1f2cba,runaway_loop,1,0
r_66cbad279e60,clean,1,-1
r_ffe1fe386fb1,clean,1,-1
r_1cd55b818954,dropped_handoff,0,24
r_48a2991bd88d,duplicated_work,1,9
r_18fb4b03abf1,runaway_loop,0,4
r_378ec4445c86,runaway_loop,0,2
r_b7ec156ecc0d,dropped_handoff,0,2
r_9d8e5c24eee1,deadlock,0,3
r_d026d887d863,runaway_loop,0,9
r_d10caaa9b2ab,clean,0,-1
r_775f1cd05141,duplicated_work,1,72
r_f9295aef5e4b,clean,1,-1
r_ccb5a2971aae,clean,1,-1
r_60148944ffcf,conflict,0,44
r_5beac3b529fd,goal_drift,1,13
r_34e6fc235632,goal_drift,0,5
r_9aa22225c37a,clean,1,-1
r_f62f56792d2c,duplicated_work,1,36
r_a615dc60b5a6,goal_drift,0,5
r_7d2d5455193f,runaway_loop,0,1
r_538560730ef8,goal_drift,1,4
r_cf41ce8002ad,goal_drift,0,1
r_4b2660b80816,dropped_handoff,0,17
r_73f532d30f8f,clean,1,-1
r_37f112cb5241,deadlock,0,15
r_10b9dcf2c7a7,clean,1,-1
r_37f8e33a3faf,runaway_loop,0,1
r_89bfe1d110c6,clean,1,-1
r_25cf890fca58,dropped_handoff,0,2
r_74494a1abe78,goal_drift,0,4
r_a1ff298a98f3,runaway_loop,1,2
r_e80bc2cb7d13,runaway_loop,0,6
r_debe386259b6,dropped_handoff,0,7
r_1b7aceb09677,conflict,1,15
r_193a8aeb3a00,runaway_loop,0,2
r_372e750eb8fd,clean,1,-1
r_579a0ba6dd01,clean,1,-1
r_7c6856bf062e,goal_drift,0,2
r_b09402294ddf,duplicated_work,1,22
r_08c4239421e4,goal_drift,0,5
r_da7a369fedd7,duplicated_work,1,26
r_4746f023d767,duplicated_work,1,24
r_217475da917c,goal_drift,0,6
r_47cb39212345,conflict,1,20
r_820551ab68db,conflict,0,12
r_5173a0f1bda5,deadlock,0,2
r_94a135233a4a,clean,1,-1
r_1b85d9d0358f,duplicated_work,0,33
r_9ff06395a9be,deadlock,0,4
r_19210309ce27,dropped_handoff,1,0
r_a87092ecab99,dropped_handoff,0,3
r_5d04b129c256,duplicated_work,1,31
r_83e87bc8f047,deadlock,0,0
r_90d2c54f35ce,dropped_handoff,1,3
r_647693eb08d0,clean,0,-1
r_29d277f47a05,clean,1,-1
r_ad241398d37d,clean,1,-1
r_a67aebd1faa8,clean,1,-1
r_1161a1423f3e,goal_drift,0,6
r_e6823da2392e,clean,1,-1
r_62a5da4e4be3,goal_drift,1,2
r_0ef83ffe1400,clean,1,-1
r_345959ce69ed,clean,1,-1
r_42d125159b91,duplicated_work,1,29
r_2e33f91f4b5e,deadlock,0,3
r_da616e8df11d,duplicated_work,1,18
r_75050afd8bdc,runaway_loop,0,9
r_fbf2effbe6ca,goal_drift,1,5
r_5fac18d45579,clean,1,-1
r_0f04a7693758,conflict,0,10
r_048eaa39772e,deadlock,0,4
r_281cc1409abb,dropped_handoff,0,12
r_cc246166cb8b,dropped_handoff,0,9
r_da45b7ddfe75,duplicated_work,0,40
r_3d664deda059,conflict,0,31
r_bc43c9c70092,duplicated_work,1,22
r_5752f853d4c0,clean,1,-1
r_10f500b4d75c,duplicated_work,1,43
r_6aaa8f7b9e69,conflict,0,28
r_b129d3d0c4c3,dropped_handoff,0,12
r_df8cef23d650,clean,1,-1
r_c4564b34b3c5,conflict,0,21
r_6f49d3aaf943,clean,1,-1
r_18eb3b83a436,deadlock,0,6
r_9e6da63aad6f,duplicated_work,0,35
r_18ff79d44780,clean,1,-1
r_c9948f47f7b4,clean,1,-1
r_1d17a0082a7b,runaway_loop,0,3
r_59dca415ead9,runaway_loop,0,2
r_dfddebe79d70,dropped_handoff,1,20
r_128e0bf06084,conflict,0,6
r_6bab9fee5cc3,runaway_loop,0,0
r_01319f046e04,dropped_handoff,1,8
r_4a6d4566ec5b,conflict,1,6
r_bc81ec18dd36,dropped_handoff,1,10
r_2e090ffe6fdb,runaway_loop,0,9
r_f0c07a51cd36,duplicated_work,1,51
r_a7184f5e58f0,clean,1,-1
r_8aa06ff1ad25,goal_drift,0,17
r_65eb240e7c20,clean,0,-1
r_1f912861f32a,clean,1,-1
r_7c7c45a44ec6,conflict,0,18
