run_id,label,success,baseline_fault_turn,candidate_fault_turn
train_000000,dropped_handoff,0,5,2
train_000001,deadlock,0,2,0
train_000002,deadlock,0,0,13
train_000003,clean,1,33,-1
train_000004,deadlock,0,11,11
train_000005,conflict,0,9,8
train_000006,dropped_handoff,0,11,1
train_000007,deadlock,0,0,1
train_000008,goal_drift,0,9,4
train_000009,clean,1,49,-1
train_000010,clean,1,122,-1
train_000011,clean,1,30,-1
train_000012,clean,1,30,-1
train_000013,conflict,0,5,5
train_000014,clean,1,54,-1
train_000015,conflict,0,10,5
train_000016,runaway_loop,0,1,1
train_000017,clean,0,38,-1
train_000018,conflict,1,11,13
train_000019,deadlock,0,3,2
train_000020,clean,1,33,-1
train_000021,duplicated_work,1,61,41
train_000022,duplicated_work,0,24,29
train_000023,clean,1,64,-1
train_000024,clean,1,16,-1
train_000025,dropped_handoff,0,9,13
train_000026,goal_drift,0,2,2
train_000027,deadlock,0,4,6
train_000028,deadlock,0,6,19
train_000029,duplicated_work,1,52,54
train_000030,goal_drift,0,1,19
train_000031,goal_drift,0,2,0
train_000032,clean,1,38,-1
train_000033,conflict,0,29,28
train_000034,dropped_handoff,0,12,6
train_000035,clean,1,92,-1
train_000036,clean,1,54,-1
train_000037,deadlock,0,5,6
train_000038,goal_drift,0,1,0
train_000039,duplicated_work,1,9,9
train_000040,goal_drift,0,9,9
train_000041,clean,1,38,-1
train_000042,conflict,1,36,36
train_000043,clean,1,17,-1
train_000044,clean,1,49,-1
train_000045,duplicated_work,1,30,30
train_000046,runaway_loop,0,2,0
train_000047,deadlock,0,6,7
train_000048,clean,1,51,-1
train_000049,duplicated_work,0,44,45
train_000050,duplicated_work,0,17,18
train_000051,clean,1,24,-1
train_000052,goal_drift,0,2,1
train_000053,clean,1,27,-1
train_000054,clean,1,62,-1
train_000055,clean,1,17,-1
train_000056,dropped_handoff,0,10,6
train_000057,goal_drift,0,6,0
train_000058,deadlock,0,1,0
train_000059,dropped_handoff,0,2,3
train_000060,runaway_loop,0,2,6
train_000061,dropped_handoff,0,15,5
train_000062,clean,1,57,-1
train_000063,clean,0,76,-1
train_000064,goal_drift,0,8,10
train_000065,runaway_loop,0,4,2
train_000066,goal_drift,0,2,3
train_000067,duplicated_work,1,33,33
train_000068,conflict,0,17,18
train_000069,conflict,0,2,4
train_000070,conflict,1,21,22
train_000071,clean,1,42,-1
train_000072,dropped_handoff,0,1,10
train_000073,clean,1,59,-1
train_000074,deadlock,0,4,5
train_000075,duplicated_work,1,20,20
train_000076,duplicated_work,0,20,22
train_000077,goal_drift,1,0,19
train_000078,deadlock,0,10,1
train_000079,clean,1,20,-1
train_000080,dropped_handoff,0,8,6
train_000081,clean,1,39,-1
train_000082,duplicated_work,1,52,50
train_000083,goal_drift,0,1,18
train_000084,deadlock,0,3,2
train_000085,duplicated_work,0,17,30
train_000086,duplicated_work,0,43,42
train_000087,runaway_loop,0,0,0
train_000088,goal_drift,0,1,0
train_000089,clean,1,42,-1
train_000090,dropped_handoff,1,9,2
train_000091,clean,1,81,-1
train_000092,dropped_handoff,0,12,12
train_000093,duplicated_work,1,24,23
train_000094,conflict,1,15,23
train_000095,duplicated_work,0,44,44
train_000096,conflict,0,23,10
train_000097,deadlock,1,6,0
train_000098,clean,1,50,-1
train_000099,duplicated_work,1,52,41
train_000100,conflict,0,14,13
train_000101,runaway_loop,0,2,2
train_000102,goal_drift,0,6,21
train_000103,conflict,0,5,4
train_000104,goal_drift,0,5,7
train_000105,dropped_handoff,0,2,47
train_000106,clean,1,36,-1
train_000107,clean,1,40,-1
train_000108,clean,1,65,-1
train_000109,conflict,0,26,24
train_000110,goal_drift,0,7,9
train_000111,goal_drift,0,1,3
train_000112,dropped_handoff,0,1,6
train_000113,clean,1,19,-1
train_000114,clean,0,36,-1
train_000115,clean,1,50,-1
train_000116,conflict,0,6,8
train_000117,clean,1,23,-1
train_000118,conflict,1,25,25
train_000119,duplicated_work,1,26,16
train_000120,deadlock,0,0,2
train_000121,goal_drift,0,14,14
train_000122,conflict,1,21,11
train_000123,deadlock,1,6,8
train_000124,duplicated_work,0,27,29
train_000125,duplicated_work,1,17,19
train_000126,runaway_loop,0,0,0
train_000127,deadlock,0,0,2
train_000128,dropped_handoff,0,8,1
train_000129,clean,1,42,-1
train_000130,clean,1,22,-1
train_000131,runaway_loop,0,3,2
train_000132,clean,1,56,-1
train_000133,dropped_handoff,0,1,2
train_000134,runaway_loop,0,3,6
train_000135,deadlock,0,2,11
train_000136,duplicated_work,1,55,60
train_000137,goal_drift,1,15,13
train_000138,clean,1,38,-1
train_000139,clean,1,37,-1
train_000140,deadlock,0,2,3
train_000141,clean,1,40,-1
train_000142,dropped_handoff,0,5,4
train_000143,duplicated_work,0,11,11
train_000144,deadlock,0,3,2
train_000145,runaway_loop,0,11,17
train_000146,duplicated_work,0,20,18
train_000147,clean,1,52,-1
train_000148,clean,1,62,-1
train_000149,clean,1,35,-1
train_000150,dropped_handoff,0,9,6
train_000151,deadlock,0,4,2
train_000152,clean,1,25,-1
train_000153,goal_drift,0,0,6
train_000154,conflict,0,40,38
train_000155,runaway_loop,0,0,0
train_000156,clean,1,61,-1
train_000157,clean,1,37,-1
train_000158,clean,1,39,-1
train_000159,runaway_loop,0,1,1
train_000160,runaway_loop,0,5,3
train_000161,duplicated_work,0,10,11
train_000162,deadlock,0,0,9
train_000163,duplicated_work,1,61,73
train_000164,dropped_handoff,0,0,3
train_000165,deadlock,0,14,16
train_000166,deadlock,0,2,0
train_000167,conflict,1,11,12
train_000168,clean,1,37,-1
train_000169,clean,1,29,-1
train_000170,conflict,1,25,24
train_000171,clean,1,18,-1
train_000172,goal_drift,0,3,2
train_000173,clean,1,46,-1
train_000174,clean,1,45,-1
train_000175,duplicated_work,0,33,31
train_000176,runaway_loop,1,4,5
train_000177,clean,1,21,-1
train_000178,dropped_handoff,0,3,2
train_000179,dropped_handoff,0,5,16
train_000180,duplicated_work,0,22,22
train_000181,duplicated_work,1,29,24
train_000182,duplicated_work,1,17,19
train_000183,clean,1,25,-1
train_000184,deadlock,0,17,19
train_000185,clean,1,37,-1
train_000186,deadlock,0,4,4
train_000187,dropped_handoff,0,9,14
train_000188,goal_drift,0,2,4
train_000189,conflict,0,41,41
train_000190,goal_drift,0,3,1
train_000191,goal_drift,0,1,1
train_000192,clean,1,36,-1
train_000193,runaway_loop,0,3,8
train_000194,deadlock,0,3,2
train_000195,clean,1,24,-1
train_000196,conflict,1,48,29
train_000197,clean,1,25,-1
train_000198,deadlock,0,5,5
train_000199,clean,1,43,-1
train_000200,clean,0,38,-1
train_000201,clean,1,30,-1
train_000202,clean,1,22,-1
train_000203,deadlock,0,3,3
train_000204,duplicated_work,0,34,36
train_000205,dropped_handoff,0,3,78
train_000206,goal_drift,0,1,1
train_000207,deadlock,0,2,3
train_000208,runaway_loop,0,2,2
train_000209,runaway_loop,1,10,2
train_000210,clean,1,41,-1
train_000211,clean,1,37,-1
train_000212,duplicated_work,1,18,19
train_000213,goal_drift,0,11,5
train_000214,goal_drift,0,7,6
train_000215,runaway_loop,0,2,0
train_000216,goal_drift,0,10,3
train_000217,goal_drift,1,5,7
train_000218,duplicated_work,1,22,24
train_000219,goal_drift,0,2,3
train_000220,duplicated_work,0,18,18
train_000221,clean,1,23,-1
train_000222,runaway_loop,0,4,8
train_000223,deadlock,0,7,9
train_000224,goal_drift,0,2,0
train_000225,deadlock,0,7,5
train_000226,goal_drift,0,7,23
train_000227,duplicated_work,0,21,21
train_000228,runaway_loop,0,4,3
train_000229,goal_drift,0,2,1
train_000230,deadlock,0,8,7
train_000231,duplicated_work,1,15,20
train_000232,clean,1,34,-1
train_000233,duplicated_work,1,28,28
train_000234,deadlock,0,2,1
train_000235,clean,1,15,-1
train_000236,goal_drift,0,3,1
train_000237,conflict,0,19,20
train_000238,goal_drift,0,3,9
train_000239,duplicated_work,0,14,23
train_000240,clean,1,12,-1
train_000241,deadlock,0,2,0
train_000242,runaway_loop,0,0,1
train_000243,deadlock,0,5,5
train_000244,clean,1,63,-1
train_000245,deadlock,0,2,7
train_000246,dropped_handoff,0,9,3
train_000247,clean,1,33,-1
train_000248,clean,1,41,-1
train_000249,runaway_loop,0,3,2
train_000250,runaway_loop,0,11,17
train_000251,duplicated_work,1,15,12
train_000252,goal_drift,0,3,5
train_000253,clean,1,43,-1
train_000254,runaway_loop,0,1,0
train_000255,clean,1,24,-1
train_000256,clean,1,47,-1
train_000257,runaway_loop,0,3,2
train_000258,runaway_loop,0,1,0
train_000259,duplicated_work,0,25,23
train_000260,clean,1,27,-1
train_000261,dropped_handoff,0,7,3
train_000262,clean,1,23,-1
train_000263,goal_drift,0,2,4
train_000264,dropped_handoff,0,8,13
train_000265,clean,0,50,-1
train_000266,duplicated_work,1,63,28
train_000267,deadlock,0,0,0
train_000268,goal_drift,1,9,14
train_000269,deadlock,0,13,12
train_000270,deadlock,0,0,2
train_000271,clean,1,41,-1
train_000272,clean,1,30,-1
train_000273,conflict,1,11,11
train_000274,goal_drift,0,1,0
train_000275,clean,1,21,-1
train_000276,duplicated_work,1,31,30
train_000277,runaway_loop,1,0,0
train_000278,conflict,0,21,20
train_000279,conflict,0,8,10
train_000280,clean,1,58,-1
train_000281,clean,1,58,-1
train_000282,runaway_loop,1,1,0
train_000283,runaway_loop,0,4,6
train_000284,goal_drift,0,2,58
train_000285,goal_drift,0,7,6
train_000286,goal_drift,0,6,18
train_000287,clean,1,82,-1
train_000288,clean,1,25,-1
train_000289,conflict,0,9,11
train_000290,clean,1,29,-1
train_000291,duplicated_work,1,28,27
train_000292,runaway_loop,0,0,0
train_000293,deadlock,0,6,2
train_000294,duplicated_work,0,27,16
train_000295,deadlock,0,6,4
train_000296,clean,1,62,-1
train_000297,conflict,1,22,21
train_000298,goal_drift,0,5,4
train_000299,goal_drift,0,10,3
train_000300,duplicated_work,1,48,47
train_000301,runaway_loop,0,2,0
train_000302,clean,0,25,-1
train_000303,clean,1,33,-1
train_000304,clean,1,18,-1
train_000305,duplicated_work,0,20,20
train_000306,dropped_handoff,0,11,7
train_000307,dropped_handoff,0,4,9
train_000308,goal_drift,1,6,6
train_000309,dropped_handoff,0,14,14
train_000310,duplicated_work,1,49,48
train_000311,goal_drift,0,0,1
train_000312,duplicated_work,1,34,36
train_000313,conflict,0,8,9
train_000314,duplicated_work,0,63,62
train_000315,deadlock,0,20,18
train_000316,dropped_handoff,0,16,12
train_000317,duplicated_work,1,52,50
train_000318,conflict,1,23,21
train_000319,duplicated_work,1,40,40
train_000320,goal_drift,0,17,16
train_000321,clean,1,49,-1
train_000322,clean,1,65,-1
train_000323,clean,1,38,-1
train_000324,deadlock,0,1,1
train_000325,conflict,0,4,14
train_000326,deadlock,0,2,0
train_000327,conflict,0,28,26
train_000328,clean,0,40,-1
train_000329,deadlock,0,3,5
train_000330,runaway_loop,1,2,11
train_000331,conflict,1,25,24
train_000332,goal_drift,0,3,5
train_000333,clean,1,46,-1
train_000334,clean,1,12,-1
train_000335,deadlock,0,0,0
train_000336,conflict,0,17,15
train_000337,runaway_loop,0,2,7
train_000338,deadlock,0,10,1
train_000339,duplicated_work,1,11,11
train_000340,runaway_loop,1,4,24
train_000341,conflict,0,26,28
train_000342,goal_drift,0,4,9
train_000343,goal_drift,0,1,0
train_000344,deadlock,0,3,1
train_000345,clean,1,25,-1
train_000346,goal_drift,0,5,4
train_000347,runaway_loop,0,3,2
train_000348,goal_drift,0,1,0
train_000349,clean,1,54,-1
train_000350,dropped_handoff,0,23,6
train_000351,duplicated_work,0,64,52
train_000352,duplicated_work,1,10,12
train_000353,duplicated_work,1,15,19
train_000354,runaway_loop,0,1,5
train_000355,clean,1,31,-1
train_000356,runaway_loop,0,2,1
train_000357,duplicated_work,1,18,19
train_000358,runaway_loop,1,1,0
train_000359,deadlock,1,3,2
train_000360,goal_drift,0,10,8
train_000361,clean,1,22,-1
train_000362,deadlock,0,1,1
train_000363,clean,1,28,-1
train_000364,deadlock,0,1,3
train_000365,runaway_loop,0,3,5
train_000366,conflict,1,14,12
train_000367,clean,1,58,-1
train_000368,runaway_loop,1,2,2
train_000369,dropped_handoff,0,19,3
train_000370,runaway_loop,0,0,1
train_000371,conflict,0,4,5
train_000372,conflict,1,12,11
train_000373,duplicated_work,0,40,18
train_000374,deadlock,0,8,10
train_000375,conflict,1,7,37
train_000376,clean,1,21,-1
train_000377,goal_drift,0,2,0
train_000378,deadlock,0,4,5
train_000379,goal_drift,0,11,8
train_000380,runaway_loop,0,2,1
train_000381,deadlock,0,1,51
train_000382,clean,0,65,-1
train_000383,clean,1,71,-1
train_000384,clean,1,41,-1
train_000385,deadlock,0,3,1
train_000386,conflict,0,14,16
train_000387,duplicated_work,1,9,8
train_000388,clean,1,40,-1
train_000389,deadlock,0,10,8
train_000390,clean,1,64,-1
train_000391,duplicated_work,1,30,28
train_000392,clean,1,26,-1
train_000393,runaway_loop,0,10,8
train_000394,clean,1,18,-1
train_000395,clean,1,44,-1
train_000396,clean,1,38,-1
train_000397,deadlock,0,1,0
train_000398,deadlock,0,9,11
train_000399,deadlock,0,8,3
train_000400,conflict,1,10,9
train_000401,goal_drift,0,8,6
train_000402,conflict,1,12,6
train_000403,dropped_handoff,0,8,8
train_000404,runaway_loop,0,0,0
train_000405,conflict,0,14,16
train_000406,runaway_loop,0,2,0
train_000407,clean,1,86,-1
train_000408,dropped_handoff,0,1,8
train_000409,clean,1,24,-1
train_000410,runaway_loop,0,3,1
train_000411,conflict,1,10,12
train_000412,deadlock,0,2,1
train_000413,deadlock,0,1,3
train_000414,clean,1,52,-1
train_000415,duplicated_work,0,22,24
train_000416,dropped_handoff,1,17,37
train_000417,dropped_handoff,0,6,2
train_000418,deadlock,0,5,6
train_000419,clean,1,19,-1
train_000420,deadlock,0,14,13
train_000421,duplicated_work,1,105,66
train_000422,goal_drift,1,2,4
train_000423,duplicated_work,1,48,47
train_000424,clean,1,48,-1
train_000425,clean,1,20,-1
train_000426,clean,1,15,-1
train_000427,clean,1,114,-1
train_000428,runaway_loop,0,0,0
train_000429,conflict,0,10,39
train_000430,duplicated_work,1,27,29
train_000431,duplicated_work,1,34,32
train_000432,clean,1,14,-1
train_000433,clean,1,48,-1
train_000434,clean,1,53,-1
train_000435,goal_drift,0,22,21
train_000436,conflict,0,32,33
train_000437,conflict,1,10,9
train_000438,duplicated_work,1,44,43
train_000439,conflict,0,6,4
train_000440,clean,1,21,-1
train_000441,clean,1,30,-1
train_000442,clean,1,41,-1
train_000443,clean,1,101,-1
train_000444,deadlock,0,2,4
train_000445,goal_drift,0,1,0
train_000446,dropped_handoff,0,3,8
train_000447,goal_drift,0,5,7
train_000448,clean,1,45,-1
train_000449,goal_drift,0,6,8
train_000450,clean,1,20,-1
train_000451,dropped_handoff,0,2,28
train_000452,clean,1,28,-1
train_000453,duplicated_work,1,28,26
train_000454,deadlock,0,7,9
train_000455,runaway_loop,0,1,0
train_000456,clean,1,24,-1
train_000457,conflict,0,30,31
train_000458,runaway_loop,1,3,1
train_000459,dropped_handoff,1,10,2
train_000460,clean,1,18,-1
train_000461,deadlock,0,0,1
train_000462,goal_drift,0,4,3
train_000463,clean,1,32,-1
train_000464,dropped_handoff,0,3,2
train_000465,clean,1,53,-1
train_000466,duplicated_work,1,41,42
train_000467,conflict,0,8,7
train_000468,clean,1,35,-1
train_000469,conflict,0,8,8
train_000470,conflict,1,17,16
train_000471,conflict,0,63,38
train_000472,clean,1,34,-1
train_000473,conflict,0,20,20
train_000474,clean,1,58,-1
train_000475,deadlock,0,2,3
train_000476,duplicated_work,1,31,12
train_000477,runaway_loop,1,1,8
train_000478,conflict,0,20,21
train_000479,conflict,1,13,13
train_000480,runaway_loop,0,1,0
train_000481,clean,1,27,-1
train_000482,duplicated_work,1,61,59
train_000483,conflict,0,4,3
train_000484,clean,1,51,-1
train_000485,duplicated_work,1,14,12
train_000486,clean,1,50,-1
train_000487,deadlock,0,2,6
train_000488,conflict,0,9,7
train_000489,clean,1,32,-1
train_000490,dropped_handoff,0,9,16
train_000491,clean,0,36,-1
train_000492,clean,1,37,-1
train_000493,conflict,0,7,7
train_000494,duplicated_work,1,12,12
train_000495,deadlock,0,6,4
train_000496,runaway_loop,0,1,3
train_000497,clean,1,44,-1
train_000498,dropped_handoff,0,3,10
train_000499,dropped_handoff,0,4,16
train_000500,clean,1,55,-1
train_000501,deadlock,0,13,25
train_000502,deadlock,0,2,0
train_000503,clean,1,37,-1
train_000504,goal_drift,1,10,6
train_000505,deadlock,0,4,6
train_000506,dropped_handoff,0,4,2
train_000507,deadlock,0,2,3
train_000508,duplicated_work,0,20,22
train_000509,duplicated_work,0,19,20
train_000510,dropped_handoff,0,3,6
train_000511,clean,1,43,-1
train_000512,clean,1,49,-1
train_000513,clean,1,23,-1
train_000514,conflict,1,8,24
train_000515,deadlock,0,3,1
train_000516,duplicated_work,1,35,35
train_000517,goal_drift,0,10,22
train_000518,duplicated_work,1,13,12
train_000519,runaway_loop,1,12,0
train_000520,duplicated_work,0,37,38
train_000521,conflict,1,20,9
train_000522,deadlock,0,1,1
train_000523,dropped_handoff,0,2,28
train_000524,clean,1,51,-1
train_000525,clean,0,39,-1
train_000526,clean,1,16,-1
train_000527,conflict,0,16,17
train_000528,goal_drift,1,7,6
train_000529,duplicated_work,1,16,18
train_000530,runaway_loop,0,2,3
train_000531,deadlock,0,0,0
train_000532,clean,1,44,-1
train_000533,clean,1,27,-1
train_000534,goal_drift,1,7,5
train_000535,deadlock,0,34,38
train_000536,goal_drift,0,13,14
train_000537,runaway_loop,1,1,1
train_000538,runaway_loop,0,1,2
train_000539,dropped_handoff,0,16,4
train_000540,runaway_loop,0,1,0
train_000541,runaway_loop,1,20,2
train_000542,clean,1,35,-1
train_000543,dropped_handoff,0,4,1
train_000544,deadlock,0,2,0
train_000545,clean,1,29,-1
train_000546,clean,1,42,-1
train_000547,conflict,0,21,22
train_000548,deadlock,0,8,7
train_000549,conflict,0,22,21
train_000550,clean,1,18,-1
train_000551,conflict,0,16,15
train_000552,clean,1,32,-1
train_000553,duplicated_work,1,22,22
train_000554,conflict,1,17,15
train_000555,dropped_handoff,0,6,5
train_000556,goal_drift,0,4,10
train_000557,deadlock,0,1,2
train_000558,clean,1,17,-1
train_000559,conflict,0,15,14
train_000560,goal_drift,0,0,0
train_000561,conflict,1,8,6
train_000562,clean,0,57,-1
train_000563,clean,0,67,-1
train_000564,conflict,0,9,5
train_000565,dropped_handoff,1,9,6
train_000566,duplicated_work,1,9,9
train_000567,duplicated_work,1,36,50
train_000568,goal_drift,0,4,15
train_000569,duplicated_work,1,27,20
train_000570,clean,1,45,-1
train_000571,runaway_loop,0,4,5
train_000572,clean,1,26,-1
train_000573,runaway_loop,0,2,9
train_000574,dropped_handoff,0,7,9
train_000575,goal_drift,0,2,4
train_000576,dropped_handoff,0,18,6
train_000577,clean,0,56,-1
train_000578,clean,1,31,-1
train_000579,conflict,1,24,25
train_000580,conflict,1,17,7
train_000581,dropped_handoff,0,11,16
train_000582,duplicated_work,0,19,20
train_000583,duplicated_work,1,37,39
train_000584,conflict,0,5,3
train_000585,clean,1,44,-1
train_000586,goal_drift,0,5,4
train_000587,runaway_loop,0,6,4
train_000588,clean,1,27,-1
train_000589,clean,1,33,-1
train_000590,deadlock,0,1,0
train_000591,conflict,0,26,25
train_000592,deadlock,0,1,1
train_000593,duplicated_work,0,26,24
train_000594,duplicated_work,1,35,37
train_000595,runaway_loop,0,2,0
train_000596,conflict,1,26,25
train_000597,conflict,0,27,26
train_000598,duplicated_work,1,42,44
train_000599,goal_drift,0,8,14
train_000600,goal_drift,1,2,1
train_000601,runaway_loop,0,0,2
train_000602,duplicated_work,1,36,37
train_000603,goal_drift,0,2,2
train_000604,goal_drift,1,5,3
train_000605,goal_drift,0,5,5
train_000606,clean,1,26,-1
train_000607,dropped_handoff,0,5,2
train_000608,duplicated_work,1,22,24
train_000609,duplicated_work,1,24,25
train_000610,goal_drift,0,7,15
train_000611,dropped_handoff,0,11,6
train_000612,goal_drift,0,1,2
train_000613,duplicated_work,1,79,71
train_000614,conflict,0,15,14
train_000615,conflict,0,21,19
train_000616,conflict,0,18,20
train_000617,clean,1,25,-1
train_000618,conflict,0,16,12
train_000619,deadlock,0,1,3
train_000620,conflict,1,18,16
train_000621,deadlock,0,0,29
train_000622,clean,1,32,-1
train_000623,duplicated_work,1,25,27
train_000624,goal_drift,0,3,1
train_000625,clean,1,27,-1
train_000626,deadlock,0,10,11
train_000627,deadlock,0,8,10
train_000628,runaway_loop,0,4,1
train_000629,runaway_loop,0,1,0
train_000630,duplicated_work,1,47,48
train_000631,clean,1,14,-1
train_000632,goal_drift,0,6,0
train_000633,deadlock,0,14,3
train_000634,goal_drift,0,1,0
train_000635,clean,1,25,-1
train_000636,runaway_loop,0,1,0
train_000637,goal_drift,1,6,17
train_000638,dropped_handoff,1,0,9
train_000639,duplicated_work,0,32,34
train_000640,duplicated_work,1,29,27
train_000641,dropped_handoff,0,5,7
train_000642,duplicated_work,1,15,15
train_000643,conflict,0,59,34
train_000644,goal_drift,0,6,7
train_000645,clean,1,53,-1
train_000646,clean,1,45,-1
train_000647,deadlock,0,10,12
train_000648,clean,1,39,-1
train_000649,deadlock,0,2,0
train_000650,duplicated_work,0,22,14
train_000651,deadlock,0,4,6
train_000652,clean,1,57,-1
train_000653,clean,1,32,-1
train_000654,conflict,0,16,17
train_000655,goal_drift,0,2,5
train_000656,goal_drift,0,1,0
train_000657,clean,1,51,-1
train_000658,clean,1,42,-1
train_000659,clean,1,40,-1
train_000660,clean,1,42,-1
train_000661,conflict,1,35,28
train_000662,clean,1,37,-1
train_000663,goal_drift,0,4,8
train_000664,clean,1,28,-1
train_000665,goal_drift,0,9,8
train_000666,dropped_handoff,0,6,8
train_000667,clean,1,45,-1
train_000668,clean,1,90,-1
train_000669,clean,1,37,-1
train_000670,clean,1,66,-1
train_000671,conflict,1,41,41
train_000672,conflict,0,30,31
train_000673,clean,1,34,-1
train_000674,deadlock,0,1,1
train_000675,deadlock,0,5,5
train_000676,goal_drift,1,6,6
train_000677,goal_drift,0,2,3
train_000678,conflict,0,10,10
train_000679,clean,1,32,-1
train_000680,clean,1,68,-1
train_000681,clean,1,51,-1
train_000682,clean,1,48,-1
train_000683,conflict,1,52,53
train_000684,clean,1,19,-1
train_000685,conflict,0,10,8
train_000686,dropped_handoff,0,6,6
train_000687,clean,1,53,-1
train_000688,clean,1,30,-1
train_000689,clean,1,65,-1
train_000690,clean,1,42,-1
train_000691,conflict,0,17,10
train_000692,goal_drift,0,3,1
train_000693,dropped_handoff,0,10,5
train_000694,runaway_loop,0,0,0
train_000695,duplicated_work,0,18,16
train_000696,goal_drift,0,2,3
train_000697,clean,1,32,-1
train_000698,clean,1,49,-1
train_000699,duplicated_work,1,24,25
train_000700,runaway_loop,0,2,2
train_000701,runaway_loop,0,1,9
train_000702,runaway_loop,0,12,10
train_000703,dropped_handoff,1,13,4
train_000704,conflict,0,39,37
train_000705,dropped_handoff,1,12,34
train_000706,clean,0,27,-1
train_000707,deadlock,0,4,4
train_000708,duplicated_work,0,24,22
train_000709,deadlock,0,5,6
train_000710,conflict,0,5,4
train_000711,goal_drift,0,12,13
train_000712,clean,1,74,-1
train_000713,clean,1,41,-1
train_000714,duplicated_work,1,54,35
train_000715,clean,1,58,-1
train_000716,runaway_loop,0,2,1
train_000717,runaway_loop,0,1,0
train_000718,runaway_loop,0,3,5
train_000719,clean,1,48,-1
train_000720,clean,1,46,-1
train_000721,conflict,0,19,5
train_000722,goal_drift,0,6,8
train_000723,conflict,1,9,10
train_000724,duplicated_work,1,16,17
train_000725,deadlock,0,5,5
train_000726,dropped_handoff,0,2,2
train_000727,conflict,1,31,33
train_000728,clean,0,33,-1
train_000729,clean,1,29,-1
train_000730,deadlock,0,0,1
train_000731,dropped_handoff,0,1,8
train_000732,clean,1,36,-1
train_000733,deadlock,0,8,10
train_000734,goal_drift,0,7,16
train_000735,clean,1,15,-1
train_000736,clean,1,31,-1
train_000737,deadlock,0,1,0
train_000738,runaway_loop,0,1,12
train_000739,clean,1,46,-1
train_000740,clean,1,47,-1
train_000741,clean,1,17,-1
train_000742,deadlock,0,4,5
train_000743,conflict,0,21,19
train_000744,conflict,0,18,17
train_000745,conflict,0,12,6
train_000746,clean,1,33,-1
train_000747,clean,1,49,-1
train_000748,clean,1,34,-1
train_000749,runaway_loop,0,1,0
train_000750,runaway_loop,0,1,1
train_000751,runaway_loop,0,3,3
train_000752,goal_drift,0,2,0
train_000753,conflict,1,24,13
train_000754,clean,1,26,-1
train_000755,deadlock,0,1,1
train_000756,conflict,1,14,12
train_000757,goal_drift,1,4,6
train_000758,goal_drift,0,3,13
train_000759,deadlock,0,7,5
train_000760,conflict,0,30,24
train_000761,deadlock,0,8,0
train_000762,runaway_loop,0,1,1
train_000763,clean,1,40,-1
train_000764,duplicated_work,1,23,15
train_000765,goal_drift,1,9,19
train_000766,runaway_loop,0,3,2
train_000767,clean,1,64,-1
train_000768,conflict,0,10,11
train_000769,clean,1,60,-1
train_000770,duplicated_work,1,66,60
train_000771,conflict,1,11,5
train_000772,dropped_handoff,0,10,15
train_000773,deadlock,0,1,1
train_000774,clean,1,34,-1
train_000775,runaway_loop,1,1,6
train_000776,deadlock,0,4,6
train_000777,clean,1,25,-1
train_000778,deadlock,0,27,29
train_000779,runaway_loop,1,7,2
train_000780,conflict,0,17,16
train_000781,runaway_loop,1,4,2
train_000782,clean,1,15,-1
train_000783,clean,1,59,-1
train_000784,clean,1,26,-1
train_000785,clean,1,34,-1
train_000786,duplicated_work,0,25,23
train_000787,clean,1,40,-1
train_000788,deadlock,0,24,22
train_000789,clean,1,24,-1
train_000790,goal_drift,0,6,4
train_000791,goal_drift,0,7,11
train_000792,clean,0,26,-1
train_000793,clean,1,51,-1
train_000794,clean,1,59,-1
train_000795,clean,1,12,-1
train_000796,dropped_handoff,1,2,3
train_000797,runaway_loop,0,0,0
train_000798,deadlock,0,1,3
train_000799,runaway_loop,0,2,1
train_000800,clean,1,44,-1
train_000801,runaway_loop,0,0,2
train_000802,runaway_loop,0,4,0
train_000803,clean,1,79,-1
train_000804,goal_drift,0,9,10
train_000805,dropped_handoff,0,18,17
train_000806,conflict,0,31,11
train_000807,clean,1,30,-1
train_000808,runaway_loop,1,3,1
train_000809,clean,1,35,-1
train_000810,duplicated_work,1,19,21
train_000811,deadlock,0,2,2
train_000812,clean,1,24,-1
train_000813,deadlock,0,1,1
train_000814,clean,1,35,-1
train_000815,duplicated_work,0,17,15
train_000816,clean,1,36,-1
train_000817,conflict,1,23,24
train_000818,duplicated_work,1,19,18
train_000819,clean,1,31,-1
train_000820,clean,1,106,-1
train_000821,clean,1,29,-1
train_000822,clean,1,27,-1
train_000823,goal_drift,0,17,6
train_000824,clean,1,89,-1
train_000825,conflict,1,10,8
train_000826,runaway_loop,0,16,32
train_000827,runaway_loop,0,1,0
train_000828,conflict,1,23,17
train_000829,dropped_handoff,1,14,9
train_000830,runaway_loop,1,2,13
train_000831,deadlock,0,2,2
train_000832,clean,1,26,-1
train_000833,clean,1,61,-1
train_000834,runaway_loop,1,3,2
train_000835,duplicated_work,1,65,57
train_000836,clean,1,44,-1
train_000837,deadlock,0,6,8
train_000838,clean,1,53,-1
train_000839,goal_drift,0,0,9
train_000840,goal_drift,0,7,7
train_000841,runaway_loop,1,2,3
train_000842,conflict,1,12,10
train_000843,dropped_handoff,0,0,2
train_000844,clean,1,31,-1
train_000845,goal_drift,0,2,1
train_000846,clean,1,74,-1
train_000847,duplicated_work,1,36,26
train_000848,deadlock,0,14,3
train_000849,conflict,1,39,38
train_000850,deadlock,0,25,23
train_000851,runaway_loop,1,1,2
train_000852,clean,1,42,-1
train_000853,clean,0,101,-1
train_000854,goal_drift,1,8,1
train_000855,duplicated_work,0,25,27
train_000856,deadlock,0,2,2
train_000857,clean,1,23,-1
train_000858,conflict,0,20,21
train_000859,clean,1,50,-1
train_000860,clean,1,44,-1
train_000861,goal_drift,0,2,1
train_000862,deadlock,0,21,21
train_000863,runaway_loop,1,4,3
train_000864,runaway_loop,0,1,0
train_000865,clean,0,26,-1
train_000866,clean,1,41,-1
train_000867,goal_drift,0,11,2
train_000868,conflict,0,19,17
train_000869,runaway_loop,0,1,3
train_000870,goal_drift,0,3,3
train_000871,clean,1,52,-1
train_000872,conflict,0,23,21
train_000873,clean,1,24,-1
train_000874,clean,0,21,-1
train_000875,deadlock,0,0,2
train_000876,duplicated_work,0,21,20
train_000877,clean,1,43,-1
train_000878,deadlock,0,5,7
train_000879,dropped_handoff,0,13,2
train_000880,duplicated_work,1,54,54
train_000881,runaway_loop,0,0,0
train_000882,conflict,0,16,14
train_000883,goal_drift,0,2,3
train_000884,goal_drift,0,3,19
train_000885,goal_drift,0,3,5
train_000886,clean,1,38,-1
train_000887,deadlock,0,1,1
train_000888,clean,1,44,-1
train_000889,deadlock,0,4,2
train_000890,dropped_handoff,0,12,6
train_000891,clean,1,20,-1
train_000892,deadlock,0,2,4
train_000893,duplicated_work,1,18,19
train_000894,conflict,1,9,11
train_000895,clean,1,40,-1
train_000896,deadlock,0,24,2
train_000897,deadlock,0,6,8
train_000898,duplicated_work,1,15,17
train_000899,runaway_loop,0,4,2
train_000900,goal_drift,0,2,0
train_000901,conflict,1,8,1
train_000902,conflict,0,29,27
train_000903,dropped_handoff,0,16,17
train_000904,clean,1,21,-1
train_000905,goal_drift,0,2,0
train_000906,goal_drift,1,3,3
train_000907,duplicated_work,1,37,75
train_000908,dropped_handoff,0,9,3
train_000909,clean,1,25,-1
train_000910,clean,1,38,-1
train_000911,clean,1,34,-1
train_000912,conflict,1,21,11
train_000913,dropped_handoff,0,4,6
train_000914,deadlock,0,0,2
train_000915,clean,1,22,-1
train_000916,clean,1,33,-1
train_000917,runaway_loop,0,0,0
train_000918,clean,1,22,-1
train_000919,deadlock,0,10,9
train_000920,clean,1,84,-1
train_000921,goal_drift,1,1,0
train_000922,goal_drift,0,8,0
train_000923,conflict,0,5,7
train_000924,runaway_loop,1,3,3
train_000925,dropped_handoff,0,4,7
train_000926,runaway_loop,0,2,0
train_000927,goal_drift,0,3,10
train_000928,conflict,0,27,29
train_000929,conflict,0,21,11
train_000930,goal_drift,0,0,8
train_000931,goal_drift,0,3,0
train_000932,duplicated_work,0,22,24
train_000933,runaway_loop,0,2,11
train_000934,goal_drift,0,3,9
train_000935,deadlock,0,0,2
train_000936,runaway_loop,0,3,2
train_000937,clean,1,49,-1
train_000938,dropped_handoff,0,6,15
train_000939,deadlock,0,10,11
train_000940,dropped_handoff,1,7,12
train_000941,dropped_handoff,0,11,1
train_000942,conflict,0,6,4
train_000943,goal_drift,0,1,3
train_000944,clean,1,18,-1
train_000945,deadlock,0,1,1
train_000946,duplicated_work,1,37,35
train_000947,deadlock,0,6,8
train_000948,duplicated_work,1,12,14
train_000949,clean,1,49,-1
train_000950,clean,1,15,-1
train_000951,clean,1,87,-1
train_000952,clean,1,77,-1
train_000953,clean,1,36,-1
train_000954,clean,1,46,-1
train_000955,runaway_loop,1,2,1
train_000956,clean,1,20,-1
train_000957,deadlock,0,0,12
train_000958,clean,1,30,-1
train_000959,duplicated_work,1,26,24
train_000960,deadlock,0,4,3
train_000961,clean,1,68,-1
train_000962,runaway_loop,0,1,2
train_000963,clean,1,19,-1
train_000964,dropped_handoff,0,20,26
train_000965,duplicated_work,0,37,31
train_000966,runaway_loop,1,1,2
train_000967,clean,1,23,-1
train_000968,clean,1,30,-1
train_000969,runaway_loop,0,2,2
train_000970,clean,1,38,-1
train_000971,runaway_loop,0,0,2
train_000972,deadlock,0,2,0
train_000973,clean,1,18,-1
train_000974,clean,1,53,-1
train_000975,clean,1,42,-1
train_000976,deadlock,0,2,2
train_000977,duplicated_work,1,29,27
train_000978,conflict,0,42,40
train_000979,duplicated_work,0,22,23
train_000980,runaway_loop,0,2,1
train_000981,clean,1,55,-1
train_000982,duplicated_work,1,26,29
train_000983,clean,1,18,-1
train_000984,duplicated_work,1,15,14
train_000985,runaway_loop,0,2,2
train_000986,goal_drift,1,1,23
train_000987,deadlock,0,10,12
train_000988,dropped_handoff,0,9,0
train_000989,duplicated_work,0,15,16
train_000990,conflict,0,35,49
train_000991,clean,1,22,-1
train_000992,clean,1,70,-1
train_000993,clean,1,20,-1
train_000994,goal_drift,0,14,13
train_000995,duplicated_work,0,15,15
train_000996,conflict,1,20,21
train_000997,clean,1,45,-1
train_000998,duplicated_work,1,44,45
train_000999,conflict,0,30,28
train_001000,duplicated_work,0,13,15
train_001001,goal_drift,0,3,5
train_001002,conflict,0,24,26
train_001003,goal_drift,0,6,1
train_001004,runaway_loop,1,5,0
train_001005,dropped_handoff,0,2,6
train_001006,clean,0,46,-1
train_001007,duplicated_work,1,21,17
train_001008,clean,1,36,-1
train_001009,clean,1,41,-1
train_001010,dropped_handoff,0,14,5
train_001011,conflict,0,7,7
train_001012,clean,1,53,-1
train_001013,deadlock,0,2,3
train_001014,conflict,1,19,21
train_001015,duplicated_work,1,23,24
train_001016,conflict,0,26,28
train_001017,duplicated_work,0,66,56
train_001018,dropped_handoff,0,15,6
train_001019,runaway_loop,0,2,4
train_001020,dropped_handoff,0,0,4
train_001021,dropped_handoff,0,24,22
train_001022,clean,1,60,-1
train_001023,dropped_handoff,0,19,41
train_001024,duplicated_work,0,11,11
train_001025,conflict,1,5,5
train_001026,duplicated_work,1,15,14
train_001027,deadlock,0,7,7
train_001028,deadlock,0,2,23
train_001029,dropped_handoff,0,4,25
train_001030,clean,1,28,-1
train_001031,conflict,0,24,4
train_001032,goal_drift,0,1,6
train_001033,clean,1,49,-1
train_001034,deadlock,0,3,2
train_001035,dropped_handoff,1,1,1
train_001036,goal_drift,0,1,3
train_001037,runaway_loop,0,3,1
train_001038,clean,1,52,-1
train_001039,runaway_loop,0,2,0
train_001040,duplicated_work,1,69,68
train_001041,clean,1,21,-1
train_001042,dropped_handoff,0,10,27
train_001043,clean,1,100,-1
train_001044,conflict,0,16,17
train_001045,conflict,0,5,4
train_001046,runaway_loop,0,4,14
train_001047,duplicated_work,1,85,87
train_001048,conflict,0,6,5
train_001049,clean,0,108,-1
train_001050,conflict,0,22,24
train_001051,clean,1,67,-1
train_001052,duplicated_work,1,29,29
train_001053,clean,1,38,-1
train_001054,runaway_loop,0,1,3
train_001055,dropped_handoff,0,2,17
train_001056,clean,1,49,-1
train_001057,goal_drift,0,11,10
train_001058,conflict,0,13,11
train_001059,duplicated_work,1,14,16
train_001060,clean,1,90,-1
train_001061,clean,1,28,-1
train_001062,goal_drift,0,1,0
train_001063,clean,1,15,-1
train_001064,duplicated_work,1,32,39
train_001065,dropped_handoff,0,1,7
train_001066,goal_drift,0,2,2
train_001067,clean,1,18,-1
train_001068,duplicated_work,0,27,25
train_001069,clean,1,42,-1
train_001070,clean,1,33,-1
train_001071,goal_drift,0,7,22
train_001072,conflict,1,30,26
train_001073,duplicated_work,1,28,18
train_001074,deadlock,0,13,14
train_001075,runaway_loop,0,1,1
train_001076,runaway_loop,1,1,0
train_001077,clean,1,55,-1
train_001078,deadlock,0,0,0
train_001079,duplicated_work,1,25,27
train_001080,goal_drift,0,11,7
train_001081,runaway_loop,0,4,2
train_001082,runaway_loop,0,0,3
train_001083,clean,1,26,-1
train_001084,clean,1,42,-1
train_001085,duplicated_work,1,48,49
train_001086,dropped_handoff,0,11,16
train_001087,goal_drift,0,8,7
train_001088,conflict,1,10,5
train_001089,conflict,0,15,8
train_001090,goal_drift,0,5,3
train_001091,dropped_handoff,0,20,7
train_001092,conflict,1,22,22
train_001093,clean,1,27,-1
train_001094,goal_drift,0,2,0
train_001095,goal_drift,0,2,0
train_001096,clean,1,9,-1
train_001097,clean,1,65,-1
train_001098,goal_drift,0,0,8
train_001099,goal_drift,0,1,1
train_001100,deadlock,0,0,0
train_001101,runaway_loop,0,0,0
train_001102,clean,1,15,-1
train_001103,duplicated_work,1,10,10
train_001104,clean,1,42,-1
train_001105,clean,1,30,-1
train_001106,deadlock,0,5,6
train_001107,runaway_loop,0,2,3
train_001108,clean,1,89,-1
train_001109,duplicated_work,0,16,15
train_001110,deadlock,0,1,0
train_001111,dropped_handoff,1,3,14
train_001112,deadlock,0,3,7
train_001113,dropped_handoff,0,7,20
train_001114,clean,1,65,-1
train_001115,clean,1,65,-1
train_001116,conflict,0,25,27
train_001117,deadlock,0,4,5
train_001118,conflict,0,21,10
train_001119,clean,0,32,-1
train_001120,clean,1,49,-1
train_001121,clean,1,47,-1
train_001122,goal_drift,1,4,26
train_001123,deadlock,0,8,6
train_001124,conflict,1,30,30
train_001125,duplicated_work,0,55,53
train_001126,runaway_loop,0,1,0
train_001127,clean,1,39,-1
train_001128,conflict,0,46,47
train_001129,clean,1,33,-1
train_001130,goal_drift,0,4,2
train_001131,conflict,0,28,27
train_001132,runaway_loop,0,2,1
train_001133,conflict,0,20,19
train_001134,clean,0,50,-1
train_001135,clean,1,44,-1
train_001136,conflict,0,4,3
train_001137,clean,1,36,-1
train_001138,conflict,1,23,16
train_001139,deadlock,0,4,2
train_001140,clean,1,16,-1
train_001141,dropped_handoff,1,2,16
train_001142,conflict,0,42,44
train_001143,goal_drift,0,4,14
train_001144,duplicated_work,1,28,28
train_001145,clean,1,26,-1
train_001146,runaway_loop,0,0,1
train_001147,conflict,1,14,14
train_001148,runaway_loop,0,7,9
train_001149,runaway_loop,0,2,0
train_001150,clean,1,26,-1
train_001151,clean,1,28,-1
train_001152,runaway_loop,0,3,3
train_001153,runaway_loop,0,1,6
train_001154,duplicated_work,0,34,36
train_001155,goal_drift,0,6,15
train_001156,dropped_handoff,0,4,29
train_001157,dropped_handoff,0,2,18
train_001158,clean,1,21,-1
train_001159,conflict,0,26,25
train_001160,clean,1,34,-1
train_001161,clean,1,79,-1
train_001162,conflict,0,20,18
train_001163,duplicated_work,0,15,13
train_001164,dropped_handoff,0,1,1
train_001165,clean,1,27,-1
train_001166,clean,1,37,-1
train_001167,deadlock,0,10,12
train_001168,dropped_handoff,0,0,2
train_001169,clean,1,56,-1
train_001170,clean,1,37,-1
train_001171,goal_drift,0,6,5
train_001172,clean,1,74,-1
train_001173,clean,1,27,-1
train_001174,clean,1,35,-1
train_001175,clean,1,15,-1
train_001176,dropped_handoff,0,4,6
train_001177,duplicated_work,0,40,42
train_001178,deadlock,1,6,5
train_001179,clean,1,32,-1
train_001180,duplicated_work,1,34,34
train_001181,goal_drift,0,11,10
train_001182,clean,1,22,-1
train_001183,duplicated_work,1,76,77
train_001184,dropped_handoff,0,5,6
train_001185,duplicated_work,1,27,25
train_001186,runaway_loop,0,1,0
train_001187,duplicated_work,0,46,44
train_001188,deadlock,0,2,0
train_001189,clean,1,54,-1
train_001190,clean,1,46,-1
train_001191,deadlock,0,12,14
train_001192,conflict,0,29,31
train_001193,conflict,0,15,16
train_001194,dropped_handoff,1,4,8
train_001195,deadlock,0,32,34
train_001196,duplicated_work,0,11,9
train_001197,duplicated_work,0,44,58
train_001198,clean,1,38,-1
train_001199,goal_drift,0,9,7
train_001200,clean,1,54,-1
train_001201,runaway_loop,0,2,1
train_001202,goal_drift,0,6,7
train_001203,clean,1,55,-1
train_001204,conflict,0,23,23
train_001205,clean,1,30,-1
train_001206,conflict,1,26,23
train_001207,duplicated_work,1,36,38
train_001208,goal_drift,0,2,0
train_001209,runaway_loop,1,5,5
train_001210,dropped_handoff,0,15,23
train_001211,clean,1,35,-1
train_001212,conflict,1,52,47
train_001213,deadlock,0,8,16
train_001214,duplicated_work,0,8,8
train_001215,dropped_handoff,0,9,2
train_001216,runaway_loop,0,2,1
train_001217,duplicated_work,1,18,19
train_001218,goal_drift,0,0,2
train_001219,clean,0,61,-1
train_001220,goal_drift,0,6,4
train_001221,clean,1,37,-1
train_001222,goal_drift,0,5,7
train_001223,conflict,1,3,4
train_001224,conflict,0,6,8
train_001225,goal_drift,0,1,19
train_001226,clean,1,50,-1
train_001227,dropped_handoff,1,2,4
train_001228,clean,1,71,-1
train_001229,dropped_handoff,0,2,5
train_001230,deadlock,0,2,0
train_001231,conflict,0,9,10
train_001232,clean,1,23,-1
train_001233,dropped_handoff,0,4,23
train_001234,runaway_loop,0,2,5
train_001235,goal_drift,0,2,3
train_001236,conflict,0,26,25
train_001237,duplicated_work,0,24,31
train_001238,conflict,0,12,10
train_001239,runaway_loop,0,0,0
train_001240,conflict,0,48,50
train_001241,clean,1,39,-1
train_001242,clean,1,33,-1
train_001243,clean,1,38,-1
train_001244,duplicated_work,0,59,58
train_001245,clean,1,54,-1
train_001246,deadlock,0,1,3
train_001247,dropped_handoff,0,8,16
train_001248,dropped_handoff,0,2,8
train_001249,goal_drift,1,16,11
train_001250,conflict,1,15,13
train_001251,dropped_handoff,0,1,3
train_001252,conflict,0,15,16
train_001253,runaway_loop,0,4,3
train_001254,conflict,1,14,16
train_001255,dropped_handoff,0,12,62
train_001256,duplicated_work,0,27,36
train_001257,runaway_loop,1,0,2
train_001258,duplicated_work,0,64,64
train_001259,goal_drift,0,7,5
train_001260,clean,1,64,-1
train_001261,duplicated_work,1,12,10
train_001262,clean,1,16,-1
train_001263,runaway_loop,1,2,1
train_001264,clean,1,34,-1
train_001265,conflict,0,24,22
train_001266,duplicated_work,1,6,5
train_001267,conflict,0,40,38
train_001268,runaway_loop,0,2,16
train_001269,duplicated_work,1,21,23
train_001270,duplicated_work,1,19,21
train_001271,conflict,0,17,24
train_001272,clean,1,41,-1
train_001273,conflict,0,18,10
train_001274,deadlock,0,16,14
train_001275,conflict,1,21,18
train_001276,runaway_loop,1,4,5
train_001277,duplicated_work,1,37,44
train_001278,clean,1,44,-1
train_001279,goal_drift,0,5,8
train_001280,runaway_loop,0,2,1
train_001281,duplicated_work,1,25,25
train_001282,duplicated_work,0,29,16
train_001283,goal_drift,0,2,1
train_001284,deadlock,0,7,1
train_001285,goal_drift,0,2,2
train_001286,runaway_loop,1,1,1
train_001287,dropped_handoff,1,0,30
train_001288,conflict,0,67,66
train_001289,runaway_loop,0,0,2
train_001290,clean,1,69,-1
train_001291,conflict,0,24,11
train_001292,clean,1,15,-1
train_001293,deadlock,0,15,17
train_001294,clean,1,54,-1
train_001295,runaway_loop,1,1,0
train_001296,conflict,0,29,27
train_001297,clean,0,30,-1
train_001298,duplicated_work,1,39,41
train_001299,dropped_handoff,0,2,6
train_001300,deadlock,0,3,1
train_001301,dropped_handoff,0,11,17
train_001302,clean,1,46,-1
train_001303,goal_drift,1,9,8
train_001304,goal_drift,0,3,6
train_001305,clean,0,50,-1
train_001306,deadlock,0,1,2
train_001307,clean,1,33,-1
train_001308,goal_drift,0,3,5
train_001309,duplicated_work,0,15,16
train_001310,deadlock,0,4,2
train_001311,goal_drift,0,2,10
train_001312,dropped_handoff,0,2,9
train_001313,clean,0,29,-1
train_001314,conflict,0,12,11
train_001315,deadlock,0,2,3
train_001316,runaway_loop,0,5,4
train_001317,deadlock,0,15,13
train_001318,conflict,0,24,26
train_001319,deadlock,1,17,7
train_001320,dropped_handoff,0,13,13
train_001321,clean,1,59,-1
train_001322,conflict,0,10,11
train_001323,goal_drift,0,1,1
train_001324,clean,1,45,-1
train_001325,duplicated_work,1,24,27
train_001326,deadlock,0,2,0
train_001327,clean,1,19,-1
train_001328,duplicated_work,1,35,34
train_001329,dropped_handoff,0,2,19
train_001330,clean,0,69,-1
train_001331,duplicated_work,1,38,53
train_001332,conflict,1,27,26
train_001333,clean,1,44,-1
train_001334,duplicated_work,1,26,25
train_001335,duplicated_work,0,16,17
train_001336,clean,1,29,-1
train_001337,clean,1,39,-1
train_001338,clean,1,75,-1
train_001339,conflict,1,35,33
train_001340,runaway_loop,0,4,2
train_001341,clean,1,51,-1
train_001342,clean,1,25,-1
train_001343,goal_drift,0,2,11
train_001344,clean,0,47,-1
train_001345,duplicated_work,0,24,26
train_001346,goal_drift,1,8,6
train_001347,goal_drift,1,0,1
train_001348,dropped_handoff,1,7,8
train_001349,duplicated_work,0,25,24
train_001350,duplicated_work,1,14,12
train_001351,clean,1,48,-1
train_001352,clean,1,28,-1
train_001353,dropped_handoff,0,2,1
train_001354,dropped_handoff,0,1,31
train_001355,deadlock,0,1,0
train_001356,goal_drift,0,2,9
train_001357,clean,1,41,-1
train_001358,dropped_handoff,0,4,13
train_001359,duplicated_work,1,41,40
train_001360,duplicated_work,1,17,16
train_001361,clean,1,26,-1
train_001362,clean,1,10,-1
train_001363,goal_drift,0,1,3
train_001364,clean,1,56,-1
train_001365,conflict,0,8,10
train_001366,clean,1,23,-1
train_001367,conflict,0,7,6
train_001368,duplicated_work,1,29,27
train_001369,goal_drift,0,3,5
train_001370,runaway_loop,0,2,3
train_001371,deadlock,1,9,7
train_001372,duplicated_work,1,29,42
train_001373,goal_drift,0,3,18
train_001374,clean,0,84,-1
train_001375,goal_drift,1,0,0
train_001376,runaway_loop,0,1,1
train_001377,goal_drift,0,5,3
train_001378,dropped_handoff,0,3,5
train_001379,duplicated_work,0,19,19
train_001380,clean,1,56,-1
train_001381,clean,0,42,-1
train_001382,duplicated_work,0,41,46
train_001383,clean,1,23,-1
train_001384,goal_drift,1,3,29
train_001385,clean,1,50,-1
train_001386,duplicated_work,1,12,14
train_001387,runaway_loop,1,3,6
train_001388,duplicated_work,1,15,17
train_001389,clean,1,28,-1
train_001390,runaway_loop,0,0,0
train_001391,conflict,0,6,5
train_001392,dropped_handoff,0,3,8
train_001393,conflict,0,5,6
train_001394,clean,1,37,-1
train_001395,goal_drift,0,7,29
train_001396,clean,1,37,-1
train_001397,goal_drift,0,9,7
train_001398,deadlock,0,2,5
train_001399,dropped_handoff,0,15,2
train_001400,clean,1,51,-1
train_001401,clean,1,55,-1
train_001402,goal_drift,0,7,22
train_001403,conflict,0,10,9
train_001404,clean,1,32,-1
train_001405,deadlock,0,7,14
train_001406,duplicated_work,0,26,26
train_001407,clean,1,43,-1
train_001408,runaway_loop,0,2,4
train_001409,conflict,0,17,19
train_001410,goal_drift,0,5,6
train_001411,goal_drift,0,3,2
train_001412,deadlock,0,4,6
train_001413,clean,1,84,-1
train_001414,clean,0,99,-1
train_001415,deadlock,0,6,8
train_001416,goal_drift,1,5,6
train_001417,clean,1,36,-1
train_001418,clean,1,45,-1
train_001419,clean,1,28,-1
train_001420,clean,1,32,-1
train_001421,goal_drift,0,5,3
train_001422,clean,1,39,-1
train_001423,clean,1,54,-1
train_001424,conflict,1,27,25
train_001425,clean,1,28,-1
train_001426,clean,1,37,-1
train_001427,runaway_loop,0,8,7
train_001428,clean,1,53,-1
train_001429,dropped_handoff,0,1,1
train_001430,clean,1,36,-1
train_001431,runaway_loop,0,2,2
train_001432,conflict,0,36,24
train_001433,clean,1,31,-1
train_001434,clean,1,34,-1
train_001435,dropped_handoff,0,2,38
train_001436,conflict,1,32,6
train_001437,clean,1,73,-1
train_001438,goal_drift,0,0,33
train_001439,duplicated_work,1,43,41
train_001440,deadlock,0,5,5
train_001441,goal_drift,0,3,2
train_001442,deadlock,1,12,11
train_001443,goal_drift,0,7,5
train_001444,goal_drift,0,0,2
train_001445,runaway_loop,1,0,0
train_001446,deadlock,0,7,8
train_001447,deadlock,0,0,1
train_001448,goal_drift,0,1,0
train_001449,runaway_loop,0,9,12
train_001450,goal_drift,0,2,2
train_001451,duplicated_work,0,26,28
train_001452,clean,1,32,-1
train_001453,deadlock,0,0,1
train_001454,duplicated_work,1,30,31
train_001455,goal_drift,1,1,1
train_001456,conflict,0,23,24
train_001457,clean,1,18,-1
train_001458,deadlock,0,7,7
train_001459,clean,1,30,-1
train_001460,clean,1,39,-1
train_001461,conflict,0,26,28
train_001462,clean,1,44,-1
train_001463,conflict,0,6,6
train_001464,conflict,0,4,24
train_001465,clean,1,61,-1
train_001466,runaway_loop,0,7,1
train_001467,duplicated_work,1,19,13
train_001468,clean,1,47,-1
train_001469,deadlock,0,12,19
train_001470,runaway_loop,1,2,0
train_001471,clean,1,61,-1
train_001472,clean,1,36,-1
train_001473,deadlock,0,0,0
train_001474,duplicated_work,0,32,30
train_001475,runaway_loop,0,2,2
train_001476,goal_drift,0,2,4
train_001477,conflict,0,20,21
train_001478,goal_drift,0,1,21
train_001479,goal_drift,0,23,6
train_001480,clean,1,14,-1
train_001481,clean,1,21,-1
train_001482,dropped_handoff,0,2,3
train_001483,goal_drift,0,2,4
train_001484,clean,1,29,-1
train_001485,dropped_handoff,0,16,15
train_001486,clean,1,44,-1
train_001487,clean,1,24,-1
train_001488,duplicated_work,1,38,39
train_001489,conflict,0,34,36
train_001490,conflict,0,41,19
train_001491,conflict,0,18,59
train_001492,goal_drift,0,11,9
train_001493,runaway_loop,1,2,0
train_001494,dropped_handoff,0,2,4
train_001495,duplicated_work,0,16,17
train_001496,clean,1,43,-1
train_001497,conflict,0,26,18
train_001498,dropped_handoff,0,3,2
train_001499,dropped_handoff,1,13,12
train_001500,clean,1,21,-1
train_001501,conflict,0,17,15
train_001502,conflict,0,16,17
train_001503,runaway_loop,1,0,1
train_001504,clean,1,40,-1
train_001505,deadlock,0,2,12
train_001506,clean,1,51,-1
train_001507,dropped_handoff,0,9,4
train_001508,clean,1,19,-1
train_001509,conflict,0,15,32
train_001510,duplicated_work,1,33,34
train_001511,clean,1,24,-1
train_001512,duplicated_work,1,17,31
train_001513,duplicated_work,0,37,29
train_001514,dropped_handoff,0,5,6
train_001515,clean,1,38,-1
train_001516,dropped_handoff,0,3,3
train_001517,conflict,1,21,20
train_001518,dropped_handoff,0,10,15
train_001519,deadlock,0,1,2
train_001520,clean,1,18,-1
train_001521,clean,1,57,-1
train_001522,goal_drift,0,2,13
train_001523,conflict,0,22,24
train_001524,deadlock,0,0,0
train_001525,clean,1,26,-1
train_001526,clean,0,49,-1
train_001527,duplicated_work,0,25,23
train_001528,clean,1,20,-1
train_001529,clean,1,27,-1
train_001530,clean,1,67,-1
train_001531,clean,0,21,-1
train_001532,goal_drift,0,3,4
train_001533,conflict,0,41,28
train_001534,dropped_handoff,0,17,19
train_001535,dropped_handoff,0,2,2
train_001536,clean,1,27,-1
train_001537,runaway_loop,0,2,1
train_001538,goal_drift,0,8,9
train_001539,clean,1,49,-1
train_001540,conflict,1,37,30
train_001541,clean,1,15,-1
train_001542,dropped_handoff,1,4,23
train_001543,clean,1,49,-1
train_001544,clean,1,24,-1
train_001545,conflict,0,23,24
train_001546,goal_drift,0,2,0
train_001547,clean,1,30,-1
train_001548,dropped_handoff,0,2,10
train_001549,deadlock,1,6,5
train_001550,duplicated_work,0,14,15
train_001551,goal_drift,0,2,0
train_001552,clean,1,43,-1
train_001553,clean,1,33,-1
train_001554,conflict,1,39,40
train_001555,clean,1,44,-1
train_001556,deadlock,0,7,1
train_001557,conflict,0,27,5
train_001558,clean,1,32,-1
train_001559,clean,1,52,-1
train_001560,clean,1,30,-1
train_001561,duplicated_work,1,45,24
train_001562,runaway_loop,0,2,0
train_001563,duplicated_work,1,66,65
train_001564,dropped_handoff,0,1,9
train_001565,runaway_loop,1,1,3
train_001566,clean,1,27,-1
train_001567,conflict,1,32,18
train_001568,clean,1,42,-1
train_001569,goal_drift,1,2,4
train_001570,dropped_handoff,0,4,1
train_001571,conflict,0,20,21
train_001572,goal_drift,0,1,10
train_001573,conflict,1,17,3
train_001574,clean,0,20,-1
train_001575,conflict,1,7,9
train_001576,conflict,1,38,37
train_001577,goal_drift,1,7,5
train_001578,deadlock,0,3,22
train_001579,dropped_handoff,0,19,10
train_001580,goal_drift,0,4,5
train_001581,deadlock,0,8,10
train_001582,runaway_loop,0,2,0
train_001583,clean,1,51,-1
train_001584,dropped_handoff,0,3,4
train_001585,clean,1,58,-1
train_001586,goal_drift,0,0,0
train_001587,runaway_loop,0,5,6
train_001588,conflict,0,4,5
train_001589,duplicated_work,0,32,33
train_001590,runaway_loop,0,0,0
train_001591,goal_drift,0,2,4
train_001592,deadlock,0,5,7
train_001593,deadlock,0,5,6
train_001594,runaway_loop,1,1,0
train_001595,clean,1,14,-1
train_001596,deadlock,0,2,0
train_001597,clean,1,33,-1
train_001598,conflict,1,16,14
train_001599,conflict,0,36,5
train_001600,duplicated_work,0,28,26
train_001601,duplicated_work,1,14,12
train_001602,deadlock,0,0,2
train_001603,conflict,0,29,31
train_001604,duplicated_work,1,49,51
train_001605,duplicated_work,1,12,14
train_001606,runaway_loop,0,3,1
train_001607,goal_drift,0,6,14
train_001608,clean,1,38,-1
train_001609,clean,1,38,-1
train_001610,dropped_handoff,0,5,3
train_001611,runaway_loop,0,0,7
train_001612,duplicated_work,0,21,20
train_001613,clean,1,29,-1
train_001614,deadlock,0,8,6
train_001615,clean,1,52,-1
train_001616,goal_drift,0,4,12
train_001617,dropped_handoff,0,0,2
train_001618,clean,1,29,-1
train_001619,deadlock,0,1,16
train_001620,clean,1,18,-1
train_001621,clean,1,65,-1
train_001622,duplicated_work,0,29,31
train_001623,goal_drift,0,5,1
train_001624,clean,1,19,-1
train_001625,clean,1,16,-1
train_001626,clean,1,41,-1
train_001627,runaway_loop,0,2,2
train_001628,conflict,1,59,54
train_001629,deadlock,0,7,5
train_001630,deadlock,0,18,8
train_001631,goal_drift,0,7,6
train_001632,conflict,0,16,18
train_001633,duplicated_work,1,16,14
train_001634,goal_drift,0,2,0
train_001635,goal_drift,0,2,5
train_001636,goal_drift,0,7,9
train_001637,deadlock,1,0,12
train_001638,conflict,0,36,38
train_001639,clean,1,64,-1
train_001640,duplicated_work,1,23,53
train_001641,duplicated_work,1,19,17
train_001642,conflict,1,22,2
train_001643,duplicated_work,1,21,26
train_001644,duplicated_work,1,42,56
train_001645,clean,1,19,-1
train_001646,clean,1,14,-1
train_001647,dropped_handoff,1,1,6
train_001648,duplicated_work,0,6,8
train_001649,dropped_handoff,0,2,1
train_001650,clean,1,26,-1
train_001651,dropped_handoff,1,3,1
train_001652,deadlock,0,3,5
train_001653,runaway_loop,1,1,0
train_001654,goal_drift,0,18,1
train_001655,conflict,1,16,15
train_001656,dropped_handoff,0,0,1
train_001657,duplicated_work,1,26,35
train_001658,deadlock,0,4,0
train_001659,deadlock,0,3,0
train_001660,clean,1,32,-1
train_001661,runaway_loop,0,2,8
train_001662,runaway_loop,0,0,1
train_001663,clean,1,98,-1
train_001664,goal_drift,0,4,24
train_001665,duplicated_work,1,45,46
train_001666,conflict,1,7,7
train_001667,duplicated_work,0,28,29
train_001668,clean,1,56,-1
train_001669,goal_drift,1,42,10
train_001670,runaway_loop,0,2,0
train_001671,deadlock,0,8,9
train_001672,deadlock,0,3,8
train_001673,clean,1,64,-1
train_001674,goal_drift,0,6,7
train_001675,deadlock,0,9,10
train_001676,clean,1,12,-1
train_001677,deadlock,0,11,10
train_001678,clean,1,46,-1
train_001679,deadlock,0,3,5
train_001680,goal_drift,0,2,4
train_001681,dropped_handoff,0,0,24
train_001682,runaway_loop,1,3,4
train_001683,runaway_loop,0,2,0
train_001684,dropped_handoff,0,13,10
train_001685,runaway_loop,0,7,44
train_001686,goal_drift,0,14,1
train_001687,duplicated_work,1,38,40
train_001688,conflict,1,30,22
train_001689,clean,1,47,-1
train_001690,runaway_loop,0,1,1
train_001691,clean,1,52,-1
train_001692,runaway_loop,1,1,2
train_001693,clean,1,26,-1
train_001694,goal_drift,0,2,4
train_001695,clean,1,52,-1
train_001696,conflict,1,30,28
train_001697,clean,1,35,-1
train_001698,clean,1,73,-1
train_001699,runaway_loop,1,3,2
train_001700,runaway_loop,1,0,0
train_001701,dropped_handoff,0,8,4
train_001702,clean,0,56,-1
train_001703,clean,1,19,-1
train_001704,conflict,0,28,23
train_001705,goal_drift,0,18,16
train_001706,duplicated_work,0,17,17
train_001707,deadlock,0,5,7
train_001708,clean,1,40,-1
train_001709,clean,1,51,-1
train_001710,clean,1,43,-1
train_001711,clean,1,20,-1
train_001712,clean,1,37,-1
train_001713,conflict,1,30,22
train_001714,duplicated_work,0,44,46
train_001715,deadlock,0,1,3
train_001716,deadlock,0,4,2
train_001717,goal_drift,0,11,4
train_001718,duplicated_work,1,28,29
train_001719,conflict,0,20,10
train_001720,clean,1,37,-1
train_001721,goal_drift,0,4,11
train_001722,deadlock,0,2,0
train_001723,duplicated_work,0,22,24
train_001724,runaway_loop,0,4,2
train_001725,conflict,0,22,25
train_001726,deadlock,0,2,1
train_001727,deadlock,0,0,2
train_001728,conflict,1,31,33
train_001729,deadlock,0,0,1
train_001730,deadlock,0,0,1
train_001731,duplicated_work,0,14,15
train_001732,deadlock,0,9,7
train_001733,clean,1,29,-1
train_001734,clean,1,72,-1
train_001735,goal_drift,0,9,0
train_001736,deadlock,0,6,6
train_001737,clean,1,33,-1
train_001738,runaway_loop,0,3,1
train_001739,clean,1,42,-1
train_001740,clean,1,20,-1
train_001741,dropped_handoff,0,4,11
train_001742,dropped_handoff,0,1,14
train_001743,clean,1,14,-1
train_001744,deadlock,0,22,3
train_001745,runaway_loop,1,1,0
train_001746,dropped_handoff,0,6,30
train_001747,deadlock,1,6,7
train_001748,goal_drift,0,4,24
train_001749,runaway_loop,1,7,12
train_001750,goal_drift,0,1,11
train_001751,dropped_handoff,0,5,9
train_001752,conflict,1,17,18
train_001753,deadlock,0,15,14
train_001754,deadlock,0,5,6
train_001755,clean,0,91,-1
train_001756,dropped_handoff,0,0,11
train_001757,deadlock,0,7,9
train_001758,clean,0,63,-1
train_001759,conflict,1,7,6
train_001760,clean,1,17,-1
train_001761,conflict,0,22,23
train_001762,dropped_handoff,0,5,11
train_001763,goal_drift,0,2,0
train_001764,conflict,0,8,7
train_001765,clean,1,13,-1
train_001766,deadlock,0,2,4
train_001767,clean,1,33,-1
train_001768,clean,1,40,-1
train_001769,clean,1,22,-1
train_001770,goal_drift,0,13,12
train_001771,deadlock,0,17,19
train_001772,dropped_handoff,0,12,4
train_001773,duplicated_work,0,41,60
train_001774,duplicated_work,1,66,64
train_001775,clean,1,14,-1
train_001776,goal_drift,0,6,8
train_001777,clean,1,50,-1
train_001778,conflict,1,29,24
train_001779,clean,1,34,-1
train_001780,dropped_handoff,0,1,10
train_001781,clean,1,25,-1
train_001782,goal_drift,0,2,7
train_001783,dropped_handoff,0,0,1
train_001784,clean,1,42,-1
train_001785,goal_drift,0,2,7
train_001786,duplicated_work,1,29,30
train_001787,clean,1,32,-1
train_001788,clean,1,46,-1
train_001789,duplicated_work,1,38,38
train_001790,goal_drift,0,4,8
train_001791,clean,1,38,-1
train_001792,runaway_loop,1,0,0
train_001793,clean,1,41,-1
train_001794,deadlock,0,2,4
train_001795,deadlock,0,4,8
train_001796,clean,1,58,-1
train_001797,deadlock,0,1,0
train_001798,clean,1,43,-1
train_001799,clean,1,62,-1
train_001800,clean,1,58,-1
train_001801,goal_drift,1,4,2
train_001802,dropped_handoff,1,23,4
train_001803,clean,1,13,-1
train_001804,conflict,0,7,8
train_001805,duplicated_work,1,19,13
train_001806,runaway_loop,0,0,0
train_001807,runaway_loop,0,1,0
train_001808,clean,1,98,-1
train_001809,clean,1,62,-1
train_001810,runaway_loop,1,2,3
train_001811,clean,1,54,-1
train_001812,conflict,1,23,17
train_001813,deadlock,0,1,2
train_001814,deadlock,0,7,6
train_001815,deadlock,0,3,5
train_001816,deadlock,0,9,19
train_001817,duplicated_work,1,26,30
train_001818,goal_drift,0,3,18
train_001819,goal_drift,0,3,6
train_001820,clean,1,53,-1
train_001821,deadlock,0,2,3
train_001822,clean,1,44,-1
train_001823,duplicated_work,1,71,70
train_001824,duplicated_work,0,22,25
train_001825,runaway_loop,1,2,0
train_001826,runaway_loop,0,3,3
train_001827,runaway_loop,0,9,7
train_001828,clean,1,21,-1
train_001829,deadlock,0,14,12
train_001830,clean,1,56,-1
train_001831,dropped_handoff,0,3,13
train_001832,runaway_loop,1,2,0
train_001833,duplicated_work,0,17,50
train_001834,goal_drift,0,1,0
train_001835,dropped_handoff,1,1,18
train_001836,clean,1,35,-1
train_001837,runaway_loop,0,1,0
train_001838,clean,1,25,-1
train_001839,duplicated_work,1,47,42
train_001840,clean,1,31,-1
train_001841,duplicated_work,1,29,28
train_001842,duplicated_work,1,65,65
train_001843,dropped_handoff,0,0,5
train_001844,clean,1,23,-1
train_001845,clean,1,41,-1
train_001846,conflict,0,24,21
train_001847,goal_drift,0,1,0
train_001848,clean,1,12,-1
train_001849,goal_drift,0,17,16
train_001850,goal_drift,0,2,1
train_001851,goal_drift,0,3,9
train_001852,duplicated_work,1,24,25
train_001853,goal_drift,0,2,0
train_001854,clean,1,20,-1
train_001855,deadlock,0,2,3
train_001856,goal_drift,0,1,0
train_001857,dropped_handoff,0,0,5
train_001858,clean,1,15,-1
train_001859,deadlock,0,3,4
train_001860,clean,1,20,-1
train_001861,goal_drift,0,2,6
train_001862,clean,1,23,-1
train_001863,dropped_handoff,0,16,23
train_001864,conflict,0,21,19
train_001865,clean,1,46,-1
train_001866,dropped_handoff,0,1,2
train_001867,goal_drift,1,10,15
train_001868,clean,1,71,-1
train_001869,runaway_loop,0,6,8
train_001870,goal_drift,0,0,7
train_001871,dropped_handoff,0,3,4
train_001872,duplicated_work,1,35,37
train_001873,deadlock,0,20,3
train_001874,clean,0,22,-1
train_001875,clean,1,59,-1
train_001876,deadlock,0,1,3
train_001877,clean,1,43,-1
train_001878,clean,1,23,-1
train_001879,deadlock,0,5,12
train_001880,clean,0,73,-1
train_001881,goal_drift,1,0,0
train_001882,dropped_handoff,0,4,14
train_001883,clean,0,48,-1
train_001884,conflict,0,10,11
train_001885,deadlock,0,18,6
train_001886,goal_drift,0,0,0
train_001887,clean,1,29,-1
train_001888,conflict,0,33,19
train_001889,runaway_loop,1,0,0
train_001890,goal_drift,0,2,3
train_001891,goal_drift,0,2,13
train_001892,runaway_loop,0,1,1
train_001893,clean,1,57,-1
train_001894,deadlock,0,7,8
train_001895,clean,1,18,-1
train_001896,dropped_handoff,0,7,14
train_001897,goal_drift,0,0,1
train_001898,clean,1,42,-1
train_001899,deadlock,0,6,6
train_001900,duplicated_work,0,29,30
train_001901,duplicated_work,0,10,10
train_001902,runaway_loop,0,3,7
train_001903,conflict,0,37,39
train_001904,deadlock,0,10,9
train_001905,clean,1,38,-1
train_001906,conflict,0,22,21
train_001907,runaway_loop,0,2,2
train_001908,clean,1,23,-1
train_001909,duplicated_work,1,26,25
train_001910,conflict,1,33,16
train_001911,conflict,0,70,26
train_001912,clean,1,38,-1
train_001913,runaway_loop,1,1,0
train_001914,clean,1,54,-1
train_001915,clean,1,38,-1
train_001916,deadlock,0,3,5
train_001917,deadlock,0,3,1
train_001918,conflict,1,20,19
train_001919,clean,1,46,-1
train_001920,conflict,0,22,11
train_001921,conflict,0,17,38
train_001922,deadlock,0,1,1
train_001923,deadlock,1,2,3
train_001924,clean,1,38,-1
train_001925,conflict,0,17,15
train_001926,conflict,1,27,28
train_001927,goal_drift,0,2,1
train_001928,goal_drift,0,4,9
train_001929,runaway_loop,1,6,36
train_001930,clean,0,53,-1
train_001931,conflict,0,14,13
train_001932,duplicated_work,1,25,26
train_001933,goal_drift,0,4,13
train_001934,runaway_loop,1,3,1
train_001935,clean,1,24,-1
train_001936,dropped_handoff,0,5,2
train_001937,runaway_loop,0,2,0
train_001938,dropped_handoff,1,15,15
train_001939,duplicated_work,1,30,28
train_001940,runaway_loop,0,1,7
train_001941,clean,1,43,-1
train_001942,clean,1,39,-1
train_001943,runaway_loop,0,6,6
train_001944,duplicated_work,0,14,27
train_001945,clean,1,25,-1
train_001946,goal_drift,0,2,0
train_001947,clean,1,60,-1
train_001948,goal_drift,0,2,2
train_001949,conflict,0,26,28
train_001950,clean,1,17,-1
train_001951,clean,1,48,-1
train_001952,clean,1,64,-1
train_001953,clean,1,27,-1
train_001954,deadlock,1,7,8
train_001955,conflict,0,21,27
train_001956,deadlock,0,2,3
train_001957,clean,1,70,-1
train_001958,clean,1,16,-1
train_001959,runaway_loop,0,2,5
train_001960,duplicated_work,1,43,26
train_001961,clean,0,36,-1
train_001962,clean,1,17,-1
train_001963,clean,1,38,-1
train_001964,conflict,0,23,22
train_001965,clean,1,27,-1
train_001966,clean,1,50,-1
train_001967,duplicated_work,1,57,55
train_001968,conflict,0,49,18
train_001969,clean,1,25,-1
train_001970,conflict,0,21,30
train_001971,clean,0,48,-1
train_001972,goal_drift,0,3,4
train_001973,dropped_handoff,0,0,3
train_001974,dropped_handoff,0,0,12
train_001975,goal_drift,0,2,19
train_001976,clean,1,48,-1
train_001977,deadlock,0,0,2
train_001978,conflict,1,9,9
train_001979,deadlock,0,1,3
train_001980,duplicated_work,0,35,37
train_001981,dropped_handoff,0,7,36
train_001982,deadlock,0,6,8
train_001983,goal_drift,0,2,1
train_001984,duplicated_work,0,16,16
train_001985,clean,1,43,-1
train_001986,duplicated_work,1,26,19
train_001987,dropped_handoff,0,2,6
train_001988,conflict,1,17,18
train_001989,dropped_handoff,0,6,47
train_001990,goal_drift,0,2,8
train_001991,deadlock,0,11,11
train_001992,clean,1,49,-1
train_001993,deadlock,0,0,2
train_001994,clean,1,19,-1
train_001995,dropped_handoff,0,0,0
train_001996,runaway_loop,0,0,2
train_001997,clean,0,36,-1
train_001998,dropped_handoff,0,1,2
train_001999,clean,1,31,-1
train_002000,duplicated_work,1,35,36
train_002001,runaway_loop,0,5,5
train_002002,goal_drift,0,2,0
train_002003,clean,1,49,-1
train_002004,clean,1,47,-1
train_002005,deadlock,0,9,9
train_002006,clean,1,34,-1
train_002007,clean,1,35,-1
train_002008,deadlock,0,8,10
train_002009,clean,1,50,-1
train_002010,clean,1,13,-1
train_002011,clean,1,43,-1
train_002012,duplicated_work,1,19,26
train_002013,runaway_loop,0,0,1
train_002014,duplicated_work,0,27,27
train_002015,duplicated_work,1,9,9
train_002016,duplicated_work,1,37,39
train_002017,dropped_handoff,0,2,19
train_002018,duplicated_work,0,12,12
train_002019,clean,1,44,-1
train_002020,clean,1,63,-1
train_002021,conflict,0,16,16
train_002022,conflict,1,43,41
train_002023,runaway_loop,1,0,3
train_002024,duplicated_work,1,17,15
train_002025,goal_drift,0,2,12
train_002026,goal_drift,1,4,2
train_002027,clean,0,39,-1
train_002028,dropped_handoff,0,0,11
train_002029,deadlock,0,17,5
train_002030,duplicated_work,1,46,39
train_002031,clean,1,24,-1
train_002032,goal_drift,1,5,1
train_002033,runaway_loop,0,4,4
train_002034,conflict,0,12,14
train_002035,clean,1,45,-1
train_002036,dropped_handoff,0,4,1
train_002037,clean,1,11,-1
train_002038,clean,1,33,-1
train_002039,conflict,0,63,63
train_002040,deadlock,0,2,1
train_002041,clean,1,38,-1
train_002042,clean,1,54,-1
train_002043,deadlock,0,18,20
train_002044,runaway_loop,0,1,0
train_002045,clean,1,43,-1
train_002046,clean,0,28,-1
train_002047,duplicated_work,0,15,13
train_002048,clean,1,41,-1
train_002049,clean,1,38,-1
train_002050,goal_drift,0,7,5
train_002051,dropped_handoff,0,6,6
train_002052,goal_drift,0,6,8
train_002053,clean,1,30,-1
train_002054,runaway_loop,0,2,0
train_002055,conflict,0,11,13
train_002056,clean,1,35,-1
train_002057,dropped_handoff,0,8,6
train_002058,goal_drift,1,4,3
train_002059,clean,1,46,-1
train_002060,goal_drift,1,0,0
train_002061,conflict,0,11,31
train_002062,clean,1,46,-1
train_002063,dropped_handoff,0,9,2
train_002064,deadlock,0,0,2
train_002065,clean,0,51,-1
train_002066,clean,1,61,-1
train_002067,duplicated_work,0,26,28
train_002068,duplicated_work,0,12,11
train_002069,duplicated_work,0,14,15
train_002070,clean,1,40,-1
train_002071,clean,1,43,-1
train_002072,goal_drift,1,2,3
train_002073,deadlock,0,3,11
train_002074,clean,1,47,-1
train_002075,duplicated_work,1,17,16
train_002076,duplicated_work,0,29,27
train_002077,clean,1,29,-1
train_002078,clean,1,21,-1
train_002079,runaway_loop,1,2,0
train_002080,runaway_loop,0,1,11
train_002081,conflict,1,38,19
train_002082,runaway_loop,0,0,2
train_002083,duplicated_work,1,15,19
train_002084,conflict,0,25,23
train_002085,goal_drift,0,2,29
train_002086,clean,1,32,-1
train_002087,conflict,1,25,10
train_002088,duplicated_work,1,21,21
train_002089,conflict,1,14,15
train_002090,duplicated_work,1,44,46
train_002091,clean,1,74,-1
train_002092,clean,1,61,-1
train_002093,goal_drift,0,2,6
train_002094,deadlock,0,2,4
train_002095,dropped_handoff,0,13,38
train_002096,deadlock,0,0,1
train_002097,dropped_handoff,0,5,20
train_002098,deadlock,0,5,7
train_002099,goal_drift,0,0,0
train_002100,runaway_loop,0,3,2
train_002101,clean,1,14,-1
train_002102,deadlock,0,2,1
train_002103,clean,1,42,-1
train_002104,clean,1,47,-1
train_002105,goal_drift,0,1,8
train_002106,runaway_loop,1,5,6
train_002107,deadlock,0,2,1
train_002108,conflict,0,26,6
train_002109,deadlock,0,6,6
train_002110,conflict,1,20,18
train_002111,runaway_loop,1,0,0
train_002112,runaway_loop,0,2,1
train_002113,duplicated_work,1,21,20
train_002114,runaway_loop,0,2,0
train_002115,dropped_handoff,0,3,11
train_002116,clean,1,15,-1
train_002117,conflict,0,18,18
train_002118,goal_drift,0,4,5
train_002119,clean,1,28,-1
train_002120,conflict,0,24,11
train_002121,conflict,0,38,37
train_002122,runaway_loop,0,2,2
train_002123,clean,1,20,-1
train_002124,runaway_loop,0,0,1
train_002125,clean,1,39,-1
train_002126,clean,1,37,-1
train_002127,clean,1,18,-1
train_002128,clean,1,32,-1
train_002129,runaway_loop,1,4,6
train_002130,clean,1,55,-1
train_002131,goal_drift,1,3,3
train_002132,clean,1,22,-1
train_002133,deadlock,0,2,2
train_002134,conflict,0,18,17
train_002135,conflict,1,13,14
train_002136,conflict,0,28,30
train_002137,conflict,1,72,49
train_002138,duplicated_work,0,28,29
train_002139,clean,1,26,-1
train_002140,deadlock,0,14,16
train_002141,clean,1,37,-1
train_002142,runaway_loop,0,0,0
train_002143,clean,1,29,-1
train_002144,runaway_loop,0,6,7
train_002145,goal_drift,0,2,3
train_002146,conflict,0,40,38
train_002147,duplicated_work,1,25,27
train_002148,duplicated_work,1,25,17
train_002149,deadlock,0,2,3
train_002150,goal_drift,0,5,7
train_002151,goal_drift,1,0,1
train_002152,clean,1,43,-1
train_002153,clean,1,18,-1
train_002154,deadlock,0,4,5
train_002155,deadlock,0,2,3
train_002156,clean,1,45,-1
train_002157,duplicated_work,0,8,8
train_002158,runaway_loop,0,1,2
train_002159,clean,1,72,-1
train_002160,runaway_loop,0,0,0
train_002161,deadlock,0,1,1
train_002162,goal_drift,0,2,1
train_002163,deadlock,0,6,5
train_002164,runaway_loop,0,2,0
train_002165,clean,1,43,-1
train_002166,dropped_handoff,0,10,1
train_002167,runaway_loop,1,1,15
train_002168,runaway_loop,0,2,0
train_002169,duplicated_work,1,17,19
train_002170,clean,1,49,-1
train_002171,runaway_loop,0,3,1
train_002172,conflict,0,18,17
train_002173,clean,1,21,-1
train_002174,clean,1,27,-1
train_002175,dropped_handoff,0,4,11
train_002176,conflict,1,14,1
train_002177,clean,1,24,-1
train_002178,duplicated_work,0,36,35
train_002179,duplicated_work,1,12,14
train_002180,deadlock,0,8,10
train_002181,clean,1,19,-1
train_002182,runaway_loop,0,2,6
train_002183,runaway_loop,0,1,2
train_002184,clean,1,53,-1
train_002185,goal_drift,1,2,21
train_002186,clean,0,49,-1
train_002187,duplicated_work,1,21,19
train_002188,goal_drift,1,6,34
train_002189,duplicated_work,1,11,11
train_002190,goal_drift,0,12,14
train_002191,clean,1,49,-1
train_002192,clean,1,53,-1
train_002193,clean,1,81,-1
train_002194,duplicated_work,1,18,16
train_002195,conflict,1,42,35
train_002196,deadlock,0,6,8
train_002197,goal_drift,0,3,5
train_002198,dropped_handoff,0,1,6
train_002199,duplicated_work,0,31,32
train_002200,dropped_handoff,0,8,8
train_002201,clean,1,55,-1
train_002202,duplicated_work,1,18,16
train_002203,clean,1,62,-1
train_002204,clean,1,13,-1
train_002205,runaway_loop,0,4,2
train_002206,duplicated_work,1,13,15
train_002207,clean,1,43,-1
train_002208,runaway_loop,1,2,4
train_002209,clean,1,50,-1
train_002210,clean,1,43,-1
train_002211,duplicated_work,0,37,37
train_002212,clean,1,11,-1
train_002213,dropped_handoff,0,2,10
train_002214,duplicated_work,0,29,27
train_002215,duplicated_work,1,29,31
train_002216,dropped_handoff,0,2,10
train_002217,goal_drift,0,11,42
train_002218,conflict,0,28,26
train_002219,dropped_handoff,0,8,3
train_002220,conflict,0,35,20
train_002221,runaway_loop,0,9,0
train_002222,goal_drift,0,0,1
train_002223,duplicated_work,0,17,18
train_002224,conflict,1,28,27
train_002225,clean,1,24,-1
train_002226,duplicated_work,1,19,21
train_002227,conflict,0,22,21
train_002228,runaway_loop,1,6,2
train_002229,clean,1,44,-1
train_002230,runaway_loop,0,0,0
train_002231,clean,0,14,-1
train_002232,dropped_handoff,0,2,10
train_002233,dropped_handoff,0,2,4
train_002234,goal_drift,1,6,0
train_002235,duplicated_work,1,46,48
train_002236,dropped_handoff,0,3,12
train_002237,conflict,0,3,5
train_002238,runaway_loop,0,2,4
train_002239,goal_drift,1,8,1
train_002240,runaway_loop,0,6,0
train_002241,goal_drift,0,1,43
train_002242,clean,1,63,-1
train_002243,clean,1,20,-1
train_002244,clean,1,66,-1
train_002245,runaway_loop,0,0,0
train_002246,goal_drift,0,9,11
train_002247,goal_drift,0,1,12
train_002248,conflict,0,27,29
train_002249,conflict,0,19,21
train_002250,goal_drift,0,9,9
train_002251,dropped_handoff,0,17,15
train_002252,goal_drift,0,0,5
train_002253,dropped_handoff,0,7,9
train_002254,runaway_loop,0,6,5
train_002255,runaway_loop,0,3,0
train_002256,conflict,1,48,26
train_002257,clean,1,36,-1
train_002258,goal_drift,0,20,21
train_002259,dropped_handoff,0,5,9
train_002260,clean,1,32,-1
train_002261,goal_drift,0,11,1
train_002262,duplicated_work,1,68,36
train_002263,clean,1,41,-1
train_002264,dropped_handoff,0,2,13
train_002265,goal_drift,0,4,2
train_002266,clean,1,15,-1
train_002267,clean,0,13,-1
train_002268,deadlock,0,6,2
train_002269,clean,0,68,-1
train_002270,clean,1,47,-1
train_002271,dropped_handoff,0,5,2
train_002272,clean,1,89,-1
train_002273,clean,1,40,-1
train_002274,duplicated_work,0,18,19
train_002275,duplicated_work,1,35,34
train_002276,clean,1,67,-1
train_002277,duplicated_work,0,15,23
train_002278,runaway_loop,1,3,1
train_002279,clean,0,63,-1
train_002280,goal_drift,0,16,14
train_002281,deadlock,0,0,0
train_002282,duplicated_work,1,18,16
train_002283,clean,1,38,-1
train_002284,goal_drift,0,4,3
train_002285,goal_drift,0,1,3
train_002286,conflict,0,15,11
train_002287,runaway_loop,1,0,28
train_002288,clean,1,43,-1
train_002289,runaway_loop,0,4,2
train_002290,dropped_handoff,0,3,1
train_002291,runaway_loop,0,1,3
train_002292,duplicated_work,0,22,21
train_002293,deadlock,0,5,7
train_002294,deadlock,0,6,3
train_002295,dropped_handoff,1,4,12
train_002296,deadlock,0,7,5
train_002297,conflict,1,26,19
train_002298,clean,1,64,-1
train_002299,clean,1,24,-1
train_002300,goal_drift,1,1,8
train_002301,runaway_loop,0,1,1
train_002302,goal_drift,1,1,5
train_002303,conflict,0,26,27
train_002304,clean,1,44,-1
train_002305,deadlock,0,2,7
train_002306,clean,1,20,-1
train_002307,clean,1,64,-1
train_002308,clean,1,44,-1
train_002309,dropped_handoff,0,9,19
train_002310,deadlock,0,0,0
train_002311,duplicated_work,1,45,30
train_002312,clean,1,46,-1
train_002313,conflict,0,22,24
train_002314,conflict,1,11,13
train_002315,goal_drift,1,0,8
train_002316,conflict,1,41,41
train_002317,clean,1,26,-1
train_002318,clean,0,32,-1
train_002319,clean,1,63,-1
train_002320,conflict,0,23,23
train_002321,dropped_handoff,0,13,20
train_002322,goal_drift,1,2,1
train_002323,conflict,0,25,26
train_002324,clean,1,86,-1
train_002325,dropped_handoff,0,0,3
train_002326,conflict,0,16,15
train_002327,duplicated_work,1,26,28
train_002328,conflict,0,43,41
train_002329,runaway_loop,1,1,0
train_002330,runaway_loop,0,2,0
train_002331,clean,1,36,-1
train_002332,goal_drift,0,9,8
train_002333,deadlock,0,1,1
train_002334,runaway_loop,0,1,0
train_002335,goal_drift,0,2,0
train_002336,duplicated_work,0,28,26
train_002337,deadlock,0,3,4
train_002338,clean,0,71,-1
train_002339,clean,1,48,-1
train_002340,duplicated_work,0,16,16
train_002341,conflict,1,9,7
train_002342,duplicated_work,1,32,33
train_002343,runaway_loop,0,2,3
train_002344,duplicated_work,1,15,13
train_002345,clean,1,72,-1
train_002346,runaway_loop,0,4,2
train_002347,duplicated_work,0,53,53
train_002348,clean,1,19,-1
train_002349,conflict,0,48,50
train_002350,deadlock,0,1,21
train_002351,duplicated_work,1,28,30
train_002352,runaway_loop,1,0,4
train_002353,deadlock,0,3,1
train_002354,clean,1,41,-1
train_002355,runaway_loop,0,1,0
train_002356,conflict,0,14,12
train_002357,conflict,0,11,12
train_002358,runaway_loop,0,1,0
train_002359,runaway_loop,0,2,1
train_002360,duplicated_work,0,16,14
train_002361,clean,1,31,-1
train_002362,clean,1,51,-1
train_002363,deadlock,0,0,2
train_002364,duplicated_work,1,16,14
train_002365,clean,1,24,-1
train_002366,dropped_handoff,0,11,13
train_002367,goal_drift,0,1,1
train_002368,clean,1,42,-1
train_002369,dropped_handoff,0,26,24
train_002370,duplicated_work,1,19,18
train_002371,conflict,1,27,26
train_002372,clean,1,17,-1
train_002373,dropped_handoff,0,14,3
train_002374,duplicated_work,0,37,37
train_002375,duplicated_work,0,26,27
train_002376,clean,1,44,-1
train_002377,runaway_loop,1,6,4
train_002378,clean,1,30,-1
train_002379,clean,1,49,-1
train_002380,runaway_loop,0,0,0
train_002381,clean,1,31,-1
train_002382,deadlock,0,20,11
train_002383,clean,1,47,-1
train_002384,conflict,1,93,91
train_002385,clean,1,41,-1
train_002386,goal_drift,1,2,3
train_002387,conflict,0,18,18
train_002388,deadlock,0,2,3
train_002389,clean,1,17,-1
train_002390,clean,1,39,-1
train_002391,dropped_handoff,0,4,5
train_002392,dropped_handoff,0,4,2
train_002393,deadlock,0,0,0
train_002394,deadlock,0,1,3
train_002395,clean,1,22,-1
train_002396,clean,1,28,-1
train_002397,clean,1,27,-1
train_002398,clean,1,10,-1
train_002399,duplicated_work,1,18,16
train_002400,conflict,0,38,4
train_002401,clean,1,41,-1
train_002402,runaway_loop,0,1,3
train_002403,conflict,0,4,3
train_002404,clean,1,43,-1
train_002405,runaway_loop,0,0,1
train_002406,clean,1,23,-1
train_002407,goal_drift,0,9,8
train_002408,clean,1,41,-1
train_002409,dropped_handoff,1,7,26
train_002410,duplicated_work,0,21,20
train_002411,conflict,0,12,12
train_002412,deadlock,0,6,8
train_002413,dropped_handoff,0,4,23
train_002414,clean,1,24,-1
train_002415,duplicated_work,1,48,38
train_002416,duplicated_work,1,25,27
train_002417,runaway_loop,0,0,12
train_002418,clean,1,38,-1
train_002419,deadlock,0,7,4
train_002420,conflict,1,12,10
train_002421,clean,0,46,-1
train_002422,goal_drift,0,4,2
train_002423,clean,1,31,-1
train_002424,deadlock,0,15,15
train_002425,clean,1,76,-1
train_002426,goal_drift,0,3,11
train_002427,duplicated_work,1,10,15
train_002428,runaway_loop,0,3,2
train_002429,goal_drift,1,2,5
train_002430,clean,1,51,-1
train_002431,clean,1,29,-1
train_002432,clean,1,43,-1
train_002433,clean,1,41,-1
train_002434,conflict,0,23,8
train_002435,runaway_loop,0,5,0
train_002436,duplicated_work,1,26,25
train_002437,dropped_handoff,1,3,27
train_002438,goal_drift,0,9,7
train_002439,dropped_handoff,0,9,24
train_002440,clean,1,18,-1
train_002441,dropped_handoff,0,2,14
train_002442,conflict,1,11,13
train_002443,duplicated_work,1,7,9
train_002444,runaway_loop,0,7,7
train_002445,clean,1,28,-1
train_002446,deadlock,0,2,4
train_002447,clean,1,29,-1
train_002448,goal_drift,0,10,9
train_002449,runaway_loop,0,0,0
train_002450,goal_drift,0,4,3
train_002451,duplicated_work,1,15,17
train_002452,clean,1,35,-1
train_002453,runaway_loop,0,1,0
train_002454,goal_drift,0,2,3
train_002455,clean,1,71,-1
train_002456,goal_drift,0,2,2
train_002457,clean,1,19,-1
train_002458,duplicated_work,0,33,45
train_002459,goal_drift,0,0,6
train_002460,dropped_handoff,0,1,9
train_002461,clean,1,23,-1
train_002462,clean,1,63,-1
train_002463,deadlock,0,5,4
train_002464,clean,1,42,-1
train_002465,goal_drift,0,6,4
train_002466,conflict,1,22,20
train_002467,runaway_loop,0,2,0
train_002468,goal_drift,0,7,1
train_002469,clean,1,19,-1
train_002470,clean,1,37,-1
train_002471,goal_drift,0,1,13
train_002472,goal_drift,0,2,6
train_002473,runaway_loop,1,3,1
train_002474,clean,0,58,-1
train_002475,runaway_loop,0,2,1
train_002476,clean,1,33,-1
train_002477,deadlock,0,1,9
train_002478,goal_drift,0,5,9
train_002479,conflict,0,83,81
train_002480,clean,1,46,-1
train_002481,goal_drift,1,1,1
train_002482,goal_drift,0,4,2
train_002483,goal_drift,0,2,10
train_002484,conflict,0,12,14
train_002485,dropped_handoff,0,0,1
train_002486,runaway_loop,0,3,1
train_002487,clean,1,20,-1
train_002488,goal_drift,0,1,27
train_002489,clean,1,64,-1
train_002490,clean,0,67,-1
train_002491,goal_drift,0,2,4
train_002492,goal_drift,0,2,7
train_002493,duplicated_work,1,11,13
train_002494,conflict,0,4,3
train_002495,goal_drift,0,11,3
train_002496,conflict,1,37,35
train_002497,duplicated_work,1,12,13
train_002498,goal_drift,0,6,8
train_002499,duplicated_work,1,27,27
train_002500,clean,1,32,-1
train_002501,clean,1,44,-1
train_002502,goal_drift,0,8,0
train_002503,duplicated_work,1,18,20
train_002504,goal_drift,1,5,13
train_002505,clean,1,41,-1
train_002506,conflict,0,13,3
train_002507,clean,1,42,-1
train_002508,clean,1,19,-1
train_002509,clean,0,28,-1
train_002510,runaway_loop,1,0,0
train_002511,runaway_loop,1,1,0
train_002512,conflict,1,42,44
train_002513,runaway_loop,0,2,0
train_002514,duplicated_work,0,22,24
train_002515,dropped_handoff,0,2,4
train_002516,dropped_handoff,0,18,12
train_002517,conflict,0,22,20
train_002518,conflict,0,20,18
train_002519,duplicated_work,1,13,15
train_002520,clean,1,29,-1
train_002521,clean,1,53,-1
train_002522,goal_drift,0,4,38
train_002523,duplicated_work,1,34,33
train_002524,conflict,0,26,26
train_002525,deadlock,0,1,2
train_002526,dropped_handoff,0,7,7
train_002527,clean,1,41,-1
train_002528,clean,1,32,-1
train_002529,clean,1,45,-1
train_002530,duplicated_work,1,22,15
train_002531,goal_drift,0,3,3
train_002532,conflict,0,20,19
train_002533,conflict,0,10,20
train_002534,goal_drift,1,9,22
train_002535,runaway_loop,1,8,0
train_002536,duplicated_work,1,26,25
train_002537,conflict,0,50,36
train_002538,deadlock,0,6,5
train_002539,clean,0,58,-1
train_002540,runaway_loop,1,1,0
train_002541,goal_drift,0,4,2
train_002542,goal_drift,0,2,1
train_002543,clean,1,105,-1
train_002544,clean,1,40,-1
train_002545,clean,1,25,-1
train_002546,clean,1,38,-1
train_002547,clean,1,29,-1
train_002548,clean,1,32,-1
train_002549,clean,1,49,-1
train_002550,conflict,0,36,35
train_002551,dropped_handoff,0,2,8
train_002552,runaway_loop,0,9,7
train_002553,conflict,0,7,6
train_002554,clean,1,35,-1
train_002555,clean,0,53,-1
train_002556,clean,1,29,-1
train_002557,runaway_loop,0,3,5
train_002558,runaway_loop,1,1,1
train_002559,goal_drift,1,0,1
train_002560,deadlock,0,0,1
train_002561,conflict,0,26,24
train_002562,clean,1,41,-1
train_002563,clean,0,23,-1
train_002564,conflict,1,17,18
train_002565,conflict,0,36,36
train_002566,clean,1,29,-1
train_002567,goal_drift,0,2,1
train_002568,dropped_handoff,0,0,6
train_002569,clean,1,35,-1
train_002570,conflict,1,19,21
train_002571,duplicated_work,1,27,27
train_002572,clean,0,34,-1
train_002573,runaway_loop,0,2,1
train_002574,goal_drift,0,2,1
train_002575,clean,1,37,-1
train_002576,clean,1,31,-1
train_002577,deadlock,0,12,26
train_002578,clean,1,34,-1
train_002579,deadlock,0,7,9
train_002580,deadlock,0,2,0
train_002581,dropped_handoff,0,14,2
train_002582,duplicated_work,0,47,48
train_002583,clean,1,39,-1
train_002584,clean,0,51,-1
train_002585,conflict,0,23,24
train_002586,conflict,0,14,5
train_002587,deadlock,0,7,0
train_002588,runaway_loop,0,3,2
train_002589,goal_drift,0,2,15
train_002590,goal_drift,0,2,15
train_002591,clean,1,31,-1
train_002592,clean,1,32,-1
train_002593,conflict,0,19,18
train_002594,dropped_handoff,0,10,16
train_002595,goal_drift,0,6,6
train_002596,deadlock,0,3,2
train_002597,deadlock,0,4,4
train_002598,clean,1,20,-1
train_002599,clean,1,33,-1
train_002600,clean,1,52,-1
train_002601,deadlock,0,0,2
train_002602,runaway_loop,1,0,5
train_002603,duplicated_work,1,46,45
train_002604,clean,1,25,-1
train_002605,duplicated_work,1,34,32
train_002606,clean,1,32,-1
train_002607,deadlock,0,18,12
train_002608,clean,1,40,-1
train_002609,clean,1,61,-1
train_002610,conflict,0,14,16
train_002611,runaway_loop,0,6,4
train_002612,goal_drift,0,5,4
train_002613,goal_drift,0,7,8
train_002614,duplicated_work,1,22,21
train_002615,runaway_loop,1,3,1
train_002616,clean,1,33,-1
train_002617,runaway_loop,0,4,3
train_002618,dropped_handoff,0,2,13
train_002619,clean,1,72,-1
train_002620,clean,1,32,-1
train_002621,deadlock,0,2,3
train_002622,deadlock,0,10,11
train_002623,clean,1,28,-1
train_002624,conflict,0,28,20
train_002625,clean,1,24,-1
train_002626,dropped_handoff,0,3,7
train_002627,goal_drift,0,2,2
train_002628,duplicated_work,1,34,34
train_002629,deadlock,0,2,1
train_002630,goal_drift,0,3,10
train_002631,clean,1,43,-1
train_002632,duplicated_work,0,18,10
train_002633,goal_drift,0,1,3
train_002634,duplicated_work,1,15,18
train_002635,conflict,0,7,8
train_002636,clean,1,29,-1
train_002637,runaway_loop,0,2,3
train_002638,conflict,1,19,14
train_002639,clean,1,34,-1
train_002640,conflict,0,7,1
train_002641,goal_drift,1,2,0
train_002642,clean,1,21,-1
train_002643,goal_drift,0,3,1
train_002644,clean,1,75,-1
train_002645,dropped_handoff,0,3,2
train_002646,goal_drift,0,10,8
train_002647,clean,1,22,-1
train_002648,duplicated_work,1,20,23
train_002649,clean,1,59,-1
train_002650,deadlock,0,8,8
train_002651,runaway_loop,0,4,1
train_002652,goal_drift,0,0,16
train_002653,clean,1,62,-1
train_002654,duplicated_work,1,11,9
train_002655,clean,1,40,-1
train_002656,clean,1,27,-1
train_002657,clean,1,28,-1
train_002658,clean,1,42,-1
train_002659,dropped_handoff,0,15,6
train_002660,clean,1,28,-1
train_002661,clean,1,70,-1
train_002662,conflict,0,7,5
train_002663,conflict,1,14,15
train_002664,runaway_loop,0,1,0
train_002665,dropped_handoff,0,1,7
train_002666,conflict,1,26,24
train_002667,clean,1,14,-1
train_002668,dropped_handoff,0,3,7
train_002669,deadlock,0,13,15
train_002670,duplicated_work,1,28,26
train_002671,conflict,0,56,41
train_002672,deadlock,0,9,10
train_002673,clean,1,28,-1
train_002674,goal_drift,0,3,4
train_002675,conflict,1,12,10
train_002676,runaway_loop,1,2,1
train_002677,runaway_loop,0,2,4
train_002678,clean,1,14,-1
train_002679,runaway_loop,1,0,0
train_002680,clean,1,33,-1
train_002681,goal_drift,0,2,1
train_002682,runaway_loop,0,6,4
train_002683,runaway_loop,0,3,2
train_002684,clean,0,37,-1
train_002685,dropped_handoff,1,5,6
train_002686,runaway_loop,0,2,0
train_002687,clean,1,36,-1
train_002688,clean,1,27,-1
train_002689,duplicated_work,0,12,13
train_002690,clean,1,18,-1
train_002691,conflict,0,38,39
train_002692,clean,1,12,-1
train_002693,dropped_handoff,1,3,4
train_002694,clean,1,58,-1
train_002695,goal_drift,0,3,5
train_002696,deadlock,0,10,24
train_002697,conflict,1,25,12
train_002698,duplicated_work,1,42,42
train_002699,goal_drift,0,1,10
train_002700,dropped_handoff,0,13,10
train_002701,goal_drift,0,13,14
train_002702,clean,1,31,-1
train_002703,runaway_loop,0,1,3
train_002704,goal_drift,1,0,8
train_002705,deadlock,0,6,4
train_002706,clean,1,33,-1
train_002707,clean,1,56,-1
train_002708,clean,1,53,-1
train_002709,conflict,0,4,7
train_002710,deadlock,0,0,0
train_002711,conflict,1,21,13
train_002712,duplicated_work,1,23,22
train_002713,goal_drift,1,2,1
train_002714,clean,1,35,-1
train_002715,dropped_handoff,0,2,19
train_002716,goal_drift,0,1,15
train_002717,dropped_handoff,1,0,7
train_002718,clean,1,60,-1
train_002719,duplicated_work,0,18,20
train_002720,conflict,0,17,18
train_002721,goal_drift,0,2,2
train_002722,goal_drift,0,1,5
train_002723,clean,1,19,-1
train_002724,clean,1,27,-1
train_002725,dropped_handoff,0,9,16
train_002726,clean,1,70,-1
train_002727,deadlock,0,1,3
train_002728,clean,1,54,-1
train_002729,clean,1,35,-1
train_002730,conflict,0,15,13
train_002731,conflict,0,15,17
train_002732,runaway_loop,0,1,0
train_002733,duplicated_work,0,28,58
train_002734,deadlock,0,3,5
train_002735,clean,1,33,-1
train_002736,conflict,0,14,13
train_002737,dropped_handoff,0,18,6
train_002738,clean,1,44,-1
train_002739,clean,1,19,-1
train_002740,runaway_loop,0,2,6
train_002741,runaway_loop,1,0,0
train_002742,clean,1,27,-1
train_002743,conflict,1,15,32
train_002744,duplicated_work,1,23,22
train_002745,clean,1,31,-1
train_002746,conflict,1,26,9
train_002747,clean,1,31,-1
train_002748,conflict,1,21,22
train_002749,goal_drift,1,2,1
train_002750,conflict,1,5,4
train_002751,conflict,0,17,16
train_002752,dropped_handoff,0,3,10
train_002753,clean,0,24,-1
train_002754,clean,0,35,-1
train_002755,conflict,0,19,19
train_002756,clean,0,47,-1
train_002757,deadlock,0,27,26
train_002758,clean,1,43,-1
train_002759,conflict,0,10,10
train_002760,clean,1,50,-1
train_002761,goal_drift,0,2,3
train_002762,conflict,1,20,21
train_002763,conflict,1,13,15
train_002764,runaway_loop,0,2,1
train_002765,conflict,0,22,22
train_002766,runaway_loop,1,0,0
train_002767,goal_drift,0,2,0
train_002768,clean,1,34,-1
train_002769,clean,1,42,-1
train_002770,duplicated_work,1,14,15
train_002771,clean,1,24,-1
train_002772,conflict,0,35,25
train_002773,goal_drift,0,9,5
train_002774,clean,0,45,-1
train_002775,dropped_handoff,0,16,3
train_002776,duplicated_work,1,33,35
train_002777,clean,1,56,-1
train_002778,conflict,0,10,8
train_002779,runaway_loop,1,9,10
train_002780,dropped_handoff,1,2,5
train_002781,deadlock,0,0,0
train_002782,runaway_loop,1,1,3
train_002783,duplicated_work,1,57,39
train_002784,clean,1,30,-1
train_002785,clean,1,50,-1
train_002786,clean,1,77,-1
train_002787,dropped_handoff,0,12,13
train_002788,clean,1,42,-1
train_002789,duplicated_work,1,17,17
train_002790,dropped_handoff,0,7,10
train_002791,goal_drift,0,4,9
train_002792,clean,1,15,-1
train_002793,goal_drift,0,2,0
train_002794,clean,1,39,-1
train_002795,dropped_handoff,0,14,9
train_002796,clean,1,41,-1
train_002797,duplicated_work,1,10,8
train_002798,dropped_handoff,0,4,5
train_002799,dropped_handoff,0,28,2
train_002800,clean,1,49,-1
train_002801,dropped_handoff,0,1,4
train_002802,dropped_handoff,0,1,7
train_002803,conflict,0,36,29
train_002804,conflict,1,5,26
train_002805,clean,1,26,-1
train_002806,clean,1,33,-1
train_002807,runaway_loop,0,12,14
train_002808,deadlock,0,6,8
train_002809,clean,1,41,-1
train_002810,runaway_loop,0,1,32
train_002811,runaway_loop,1,2,0
train_002812,runaway_loop,0,4,4
train_002813,runaway_loop,0,4,9
train_002814,goal_drift,0,0,15
train_002815,conflict,0,11,12
train_002816,dropped_handoff,1,9,8
train_002817,runaway_loop,0,3,1
train_002818,runaway_loop,0,2,1
train_002819,goal_drift,0,3,2
train_002820,goal_drift,1,3,0
train_002821,conflict,0,63,64
train_002822,duplicated_work,0,57,55
train_002823,clean,1,29,-1
train_002824,duplicated_work,1,23,21
train_002825,clean,1,29,-1
train_002826,clean,1,8,-1
train_002827,duplicated_work,0,56,47
train_002828,duplicated_work,1,33,31
train_002829,deadlock,1,10,10
train_002830,conflict,0,26,26
train_002831,clean,1,38,-1
train_002832,runaway_loop,1,1,2
train_002833,clean,1,41,-1
train_002834,conflict,1,53,12
train_002835,dropped_handoff,0,5,11
train_002836,clean,1,11,-1
train_002837,dropped_handoff,0,12,2
train_002838,runaway_loop,0,2,3
train_002839,deadlock,0,4,2
train_002840,goal_drift,0,6,0
train_002841,clean,1,53,-1
train_002842,conflict,1,32,24
train_002843,conflict,0,21,22
train_002844,clean,1,37,-1
train_002845,duplicated_work,0,15,16
train_002846,clean,1,43,-1
train_002847,clean,1,10,-1
train_002848,clean,1,18,-1
train_002849,clean,1,27,-1
train_002850,goal_drift,0,1,1
train_002851,dropped_handoff,0,26,22
train_002852,conflict,0,22,11
train_002853,duplicated_work,1,24,24
train_002854,clean,1,68,-1
train_002855,clean,1,36,-1
train_002856,goal_drift,0,2,5
train_002857,runaway_loop,0,2,0
train_002858,conflict,0,15,15
train_002859,clean,1,33,-1
train_002860,clean,1,31,-1
train_002861,clean,1,44,-1
train_002862,conflict,0,32,33
train_002863,dropped_handoff,0,16,3
train_002864,deadlock,0,3,2
train_002865,clean,1,55,-1
train_002866,deadlock,0,6,8
train_002867,deadlock,0,2,2
train_002868,goal_drift,0,1,0
train_002869,goal_drift,0,1,0
train_002870,deadlock,1,5,7
train_002871,deadlock,0,13,13
train_002872,dropped_handoff,0,15,21
train_002873,clean,1,29,-1
train_002874,clean,1,14,-1
train_002875,duplicated_work,0,22,21
train_002876,duplicated_work,1,15,13
train_002877,deadlock,0,2,1
train_002878,duplicated_work,1,27,33
train_002879,conflict,1,16,21
train_002880,conflict,0,13,13
train_002881,clean,1,51,-1
train_002882,clean,1,44,-1
train_002883,dropped_handoff,0,2,14
train_002884,runaway_loop,1,4,6
train_002885,conflict,1,11,12
train_002886,duplicated_work,0,36,36
train_002887,clean,1,21,-1
train_002888,conflict,1,53,23
train_002889,clean,1,38,-1
train_002890,deadlock,0,5,7
train_002891,dropped_handoff,0,3,5
train_002892,duplicated_work,1,44,43
train_002893,clean,1,53,-1
train_002894,conflict,0,27,26
train_002895,dropped_handoff,0,0,4
train_002896,runaway_loop,0,2,0
train_002897,goal_drift,0,4,8
train_002898,conflict,1,16,14
train_002899,conflict,0,17,7
train_002900,clean,1,78,-1
train_002901,goal_drift,0,0,2
train_002902,clean,1,16,-1
train_002903,deadlock,0,1,0
train_002904,clean,1,27,-1
train_002905,clean,1,55,-1
train_002906,conflict,0,59,44
train_002907,duplicated_work,0,18,20
train_002908,clean,1,49,-1
train_002909,dropped_handoff,1,47,18
train_002910,goal_drift,0,1,1
train_002911,clean,1,15,-1
train_002912,clean,1,39,-1
train_002913,conflict,1,16,7
train_002914,dropped_handoff,1,0,7
train_002915,deadlock,0,0,0
train_002916,clean,1,45,-1
train_002917,duplicated_work,0,21,21
train_002918,conflict,0,15,14
train_002919,duplicated_work,1,35,33
train_002920,conflict,0,33,32
train_002921,duplicated_work,1,37,35
train_002922,duplicated_work,0,25,25
train_002923,conflict,0,30,30
train_002924,runaway_loop,0,2,5
train_002925,deadlock,0,5,8
train_002926,goal_drift,0,4,6
train_002927,conflict,0,6,34
train_002928,conflict,0,12,11
train_002929,conflict,0,21,47
train_002930,goal_drift,0,2,4
train_002931,duplicated_work,1,31,32
train_002932,duplicated_work,1,34,32
train_002933,goal_drift,0,2,3
train_002934,clean,1,36,-1
train_002935,dropped_handoff,0,3,2
train_002936,clean,1,33,-1
train_002937,goal_drift,1,16,1
train_002938,dropped_handoff,0,2,9
train_002939,deadlock,0,0,2
train_002940,clean,1,29,-1
train_002941,duplicated_work,1,42,42
train_002942,duplicated_work,1,25,26
train_002943,runaway_loop,0,4,6
train_002944,duplicated_work,1,25,24
train_002945,dropped_handoff,0,12,10
train_002946,dropped_handoff,0,3,20
train_002947,deadlock,0,0,2
train_002948,duplicated_work,1,40,42
train_002949,duplicated_work,1,25,25
train_002950,clean,1,47,-1
train_002951,runaway_loop,0,3,0
train_002952,clean,1,65,-1
train_002953,deadlock,0,3,15
train_002954,clean,1,100,-1
train_002955,deadlock,0,7,5
train_002956,conflict,1,10,11
train_002957,runaway_loop,1,2,7
train_002958,clean,1,67,-1
train_002959,runaway_loop,0,0,0
train_002960,goal_drift,0,2,13
train_002961,clean,1,48,-1
train_002962,deadlock,0,13,15
train_002963,clean,1,52,-1
train_002964,clean,1,42,-1
train_002965,conflict,1,11,12
train_002966,conflict,1,32,5
train_002967,duplicated_work,1,28,30
train_002968,clean,1,22,-1
train_002969,duplicated_work,1,17,19
train_002970,clean,1,46,-1
train_002971,goal_drift,0,0,8
train_002972,clean,1,91,-1
train_002973,duplicated_work,1,16,36
train_002974,goal_drift,0,4,6
train_002975,clean,1,33,-1
train_002976,runaway_loop,0,0,1
train_002977,runaway_loop,0,3,1
train_002978,deadlock,0,1,0
train_002979,conflict,0,15,13
train_002980,dropped_handoff,0,6,3
train_002981,clean,1,44,-1
train_002982,deadlock,0,3,1
train_002983,runaway_loop,0,0,1
train_002984,goal_drift,0,4,6
train_002985,clean,1,41,-1
train_002986,clean,1,22,-1
train_002987,clean,1,56,-1
train_002988,duplicated_work,1,29,30
train_002989,dropped_handoff,0,8,3
train_002990,runaway_loop,1,4,2
train_002991,conflict,1,24,22
train_002992,deadlock,0,2,1
train_002993,clean,1,53,-1
train_002994,deadlock,0,1,0
train_002995,deadlock,0,0,0
train_002996,clean,1,47,-1
train_002997,dropped_handoff,0,2,6
train_002998,clean,1,53,-1
train_002999,duplicated_work,1,33,35
train_003000,clean,1,25,-1
train_003001,runaway_loop,0,4,5
train_003002,conflict,1,41,31
train_003003,clean,1,35,-1
train_003004,goal_drift,0,5,5
train_003005,clean,1,22,-1
train_003006,runaway_loop,1,1,2
train_003007,deadlock,0,0,1
train_003008,clean,1,56,-1
train_003009,clean,1,30,-1
train_003010,conflict,0,28,30
train_003011,goal_drift,0,1,1
train_003012,dropped_handoff,0,2,3
train_003013,clean,1,30,-1
train_003014,goal_drift,0,6,4
train_003015,deadlock,0,2,9
train_003016,runaway_loop,0,0,1
train_003017,deadlock,0,1,0
train_003018,conflict,0,15,17
train_003019,clean,1,32,-1
train_003020,runaway_loop,0,0,0
train_003021,dropped_handoff,0,12,7
train_003022,conflict,0,15,17
train_003023,duplicated_work,1,27,27
train_003024,conflict,0,9,8
train_003025,clean,1,55,-1
train_003026,duplicated_work,1,38,40
train_003027,deadlock,0,6,7
train_003028,clean,1,47,-1
train_003029,clean,1,46,-1
train_003030,runaway_loop,0,0,1
train_003031,clean,1,52,-1
train_003032,duplicated_work,1,14,15
train_003033,runaway_loop,0,1,2
train_003034,goal_drift,0,3,11
train_003035,clean,1,22,-1
train_003036,goal_drift,0,0,0
train_003037,clean,1,55,-1
train_003038,runaway_loop,1,3,1
train_003039,clean,1,59,-1
train_003040,conflict,1,22,20
train_003041,clean,1,45,-1
train_003042,dropped_handoff,1,1,7
train_003043,duplicated_work,1,27,29
train_003044,goal_drift,0,5,6
train_003045,deadlock,0,0,0
train_003046,goal_drift,0,3,4
train_003047,duplicated_work,0,13,12
train_003048,dropped_handoff,0,17,26
train_003049,deadlock,0,0,12
train_003050,duplicated_work,1,52,50
train_003051,clean,1,15,-1
train_003052,dropped_handoff,0,8,3
train_003053,clean,1,43,-1
train_003054,duplicated_work,1,58,57
train_003055,duplicated_work,1,12,12
train_003056,deadlock,0,1,8
train_003057,clean,1,70,-1
train_003058,duplicated_work,1,67,70
train_003059,duplicated_work,1,28,42
train_003060,runaway_loop,0,1,0
train_003061,clean,1,59,-1
train_003062,conflict,0,76,67
train_003063,runaway_loop,0,5,4
train_003064,deadlock,0,1,0
train_003065,goal_drift,0,20,4
train_003066,clean,1,63,-1
train_003067,goal_drift,1,4,6
train_003068,clean,1,69,-1
train_003069,runaway_loop,0,2,2
train_003070,clean,1,53,-1
train_003071,conflict,1,37,39
train_003072,conflict,1,9,8
train_003073,clean,1,29,-1
train_003074,clean,1,33,-1
train_003075,dropped_handoff,0,19,17
train_003076,dropped_handoff,0,3,16
train_003077,clean,1,19,-1
train_003078,conflict,0,7,9
train_003079,duplicated_work,1,28,29
train_003080,clean,1,19,-1
train_003081,deadlock,0,1,1
train_003082,goal_drift,0,12,14
train_003083,dropped_handoff,0,0,19
train_003084,conflict,0,20,22
train_003085,deadlock,0,0,1
train_003086,clean,1,38,-1
train_003087,goal_drift,0,6,0
train_003088,runaway_loop,0,4,2
train_003089,duplicated_work,1,42,41
train_003090,clean,1,40,-1
train_003091,runaway_loop,0,1,0
train_003092,conflict,1,21,3
train_003093,goal_drift,0,7,9
train_003094,goal_drift,0,2,0
train_003095,goal_drift,0,5,1
train_003096,clean,1,44,-1
train_003097,runaway_loop,0,2,18
train_003098,duplicated_work,1,12,12
train_003099,conflict,0,24,22
train_003100,conflict,0,12,10
train_003101,conflict,0,48,43
train_003102,conflict,1,17,18
train_003103,goal_drift,0,2,3
train_003104,goal_drift,0,2,0
train_003105,runaway_loop,1,2,1
train_003106,clean,1,37,-1
train_003107,clean,0,44,-1
train_003108,clean,1,35,-1
train_003109,conflict,1,22,20
train_003110,conflict,0,16,5
train_003111,dropped_handoff,0,4,3
train_003112,duplicated_work,1,35,37
train_003113,clean,1,33,-1
train_003114,goal_drift,1,1,2
train_003115,clean,0,28,-1
train_003116,duplicated_work,0,33,34
train_003117,clean,1,22,-1
train_003118,deadlock,0,4,2
train_003119,goal_drift,0,11,9
train_003120,dropped_handoff,0,8,5
train_003121,clean,1,38,-1
train_003122,goal_drift,0,1,6
train_003123,clean,1,37,-1
train_003124,conflict,0,35,36
train_003125,duplicated_work,1,37,35
train_003126,deadlock,0,11,5
train_003127,clean,1,66,-1
train_003128,conflict,1,12,10
train_003129,deadlock,0,3,1
train_003130,deadlock,0,1,3
train_003131,deadlock,0,1,8
train_003132,goal_drift,0,1,0
train_003133,clean,0,32,-1
train_003134,deadlock,0,2,3
train_003135,deadlock,0,4,5
train_003136,runaway_loop,0,2,0
train_003137,duplicated_work,1,18,17
train_003138,goal_drift,0,2,4
train_003139,runaway_loop,0,2,21
train_003140,clean,1,21,-1
train_003141,duplicated_work,0,39,39
train_003142,goal_drift,0,1,1
train_003143,goal_drift,0,1,11
train_003144,clean,1,31,-1
train_003145,clean,0,33,-1
train_003146,duplicated_work,1,17,15
train_003147,runaway_loop,1,4,10
train_003148,duplicated_work,0,30,19
train_003149,clean,1,39,-1
train_003150,goal_drift,0,1,5
train_003151,conflict,0,10,11
train_003152,goal_drift,0,3,11
train_003153,duplicated_work,0,36,23
train_003154,deadlock,0,5,3
train_003155,runaway_loop,0,6,4
train_003156,runaway_loop,0,0,1
train_003157,duplicated_work,1,43,35
train_003158,clean,1,40,-1
train_003159,clean,1,18,-1
train_003160,conflict,0,11,13
train_003161,duplicated_work,0,19,21
train_003162,clean,1,25,-1
train_003163,clean,1,29,-1
train_003164,clean,1,29,-1
train_003165,deadlock,0,0,2
train_003166,clean,1,32,-1
train_003167,goal_drift,0,7,5
train_003168,clean,1,21,-1
train_003169,clean,1,51,-1
train_003170,runaway_loop,0,2,0
train_003171,clean,1,24,-1
train_003172,runaway_loop,0,4,2
train_003173,conflict,0,6,8
train_003174,runaway_loop,0,5,3
train_003175,runaway_loop,0,2,0
train_003176,dropped_handoff,0,7,28
train_003177,goal_drift,0,2,7
train_003178,conflict,1,15,15
train_003179,duplicated_work,1,45,32
train_003180,goal_drift,0,17,9
train_003181,duplicated_work,1,29,31
train_003182,clean,1,29,-1
train_003183,duplicated_work,0,39,38
train_003184,clean,1,27,-1
train_003185,clean,1,78,-1
train_003186,dropped_handoff,0,4,2
train_003187,conflict,0,14,29
train_003188,dropped_handoff,0,1,1
train_003189,clean,1,53,-1
train_003190,conflict,0,17,17
train_003191,clean,1,46,-1
train_003192,clean,1,34,-1
train_003193,conflict,1,26,17
train_003194,goal_drift,0,0,0
train_003195,clean,1,23,-1
train_003196,goal_drift,0,2,1
train_003197,dropped_handoff,0,9,7
train_003198,goal_drift,1,17,11
train_003199,conflict,0,5,4
train_003200,duplicated_work,1,46,44
train_003201,dropped_handoff,0,20,2
train_003202,conflict,0,9,11
train_003203,duplicated_work,1,15,33
train_003204,dropped_handoff,1,10,12
train_003205,runaway_loop,0,2,2
train_003206,clean,1,45,-1
train_003207,conflict,0,18,16
train_003208,clean,1,26,-1
train_003209,dropped_handoff,0,9,3
train_003210,duplicated_work,0,27,28
train_003211,clean,1,54,-1
train_003212,clean,1,41,-1
train_003213,clean,1,35,-1
train_003214,dropped_handoff,0,10,30
train_003215,goal_drift,1,2,3
train_003216,goal_drift,0,1,9
train_003217,goal_drift,0,7,6
train_003218,conflict,0,17,18
train_003219,clean,1,71,-1
train_003220,dropped_handoff,0,5,1
train_003221,duplicated_work,1,44,45
train_003222,runaway_loop,0,2,0
train_003223,runaway_loop,0,0,0
train_003224,duplicated_work,1,19,18
train_003225,runaway_loop,0,3,1
train_003226,runaway_loop,0,0,1
train_003227,deadlock,0,7,8
train_003228,conflict,1,19,12
train_003229,clean,1,21,-1
train_003230,conflict,0,19,21
train_003231,dropped_handoff,0,6,4
train_003232,clean,1,24,-1
train_003233,clean,1,58,-1
train_003234,conflict,1,15,14
train_003235,conflict,0,12,11
train_003236,conflict,0,9,9
train_003237,goal_drift,0,6,8
train_003238,deadlock,0,5,7
train_003239,goal_drift,0,1,1
train_003240,clean,1,39,-1
train_003241,goal_drift,0,1,3
train_003242,clean,1,10,-1
train_003243,clean,1,33,-1
train_003244,clean,1,38,-1
train_003245,duplicated_work,1,28,14
train_003246,goal_drift,0,10,12
train_003247,runaway_loop,1,2,0
train_003248,deadlock,0,3,5
train_003249,clean,1,58,-1
train_003250,runaway_loop,0,3,1
train_003251,runaway_loop,0,3,2
train_003252,deadlock,0,5,5
train_003253,deadlock,0,7,7
train_003254,runaway_loop,0,3,3
train_003255,dropped_handoff,1,1,11
train_003256,conflict,1,17,4
train_003257,clean,1,41,-1
train_003258,deadlock,0,3,1
train_003259,runaway_loop,1,2,3
train_003260,dropped_handoff,0,2,17
train_003261,duplicated_work,1,23,24
train_003262,runaway_loop,0,2,4
train_003263,deadlock,0,10,12
train_003264,clean,1,35,-1
train_003265,runaway_loop,0,5,7
train_003266,conflict,1,10,12
train_003267,conflict,1,16,14
train_003268,duplicated_work,0,17,15
train_003269,runaway_loop,0,1,0
train_003270,goal_drift,0,2,7
train_003271,clean,1,27,-1
train_003272,runaway_loop,1,3,2
train_003273,clean,1,20,-1
train_003274,conflict,0,9,19
train_003275,clean,1,28,-1
train_003276,duplicated_work,1,14,15
train_003277,duplicated_work,1,27,28
train_003278,conflict,0,7,7
train_003279,goal_drift,0,2,0
train_003280,clean,1,35,-1
train_003281,conflict,0,22,23
train_003282,runaway_loop,0,0,19
train_003283,duplicated_work,1,9,14
train_003284,runaway_loop,1,2,1
train_003285,runaway_loop,0,3,2
train_003286,conflict,1,9,7
train_003287,clean,1,30,-1
train_003288,clean,1,39,-1
train_003289,runaway_loop,1,2,0
train_003290,clean,1,27,-1
train_003291,conflict,0,16,16
train_003292,clean,1,41,-1
train_003293,dropped_handoff,0,11,11
train_003294,goal_drift,0,3,5
train_003295,runaway_loop,1,0,43
train_003296,goal_drift,0,8,8
train_003297,deadlock,0,4,1
train_003298,goal_drift,0,5,7
train_003299,runaway_loop,0,2,0
train_003300,dropped_handoff,0,8,24
train_003301,clean,1,30,-1
train_003302,duplicated_work,0,21,23
train_003303,runaway_loop,0,2,0
train_003304,goal_drift,0,0,1
train_003305,clean,1,44,-1
train_003306,runaway_loop,0,5,5
train_003307,clean,1,30,-1
train_003308,runaway_loop,0,0,2
train_003309,deadlock,0,8,7
train_003310,conflict,0,11,10
train_003311,deadlock,0,3,2
train_003312,clean,1,51,-1
train_003313,dropped_handoff,0,4,3
train_003314,clean,1,33,-1
train_003315,goal_drift,0,1,14
train_003316,dropped_handoff,0,5,13
train_003317,duplicated_work,0,34,36
train_003318,duplicated_work,0,14,10
train_003319,goal_drift,0,1,7
train_003320,runaway_loop,1,8,6
train_003321,runaway_loop,0,0,3
train_003322,deadlock,0,2,0
train_003323,clean,1,47,-1
train_003324,runaway_loop,0,3,5
train_003325,dropped_handoff,0,10,8
train_003326,deadlock,0,2,0
train_003327,clean,0,83,-1
train_003328,goal_drift,0,2,37
train_003329,goal_drift,0,2,0
train_003330,deadlock,0,4,4
train_003331,runaway_loop,1,7,3
train_003332,clean,1,57,-1
train_003333,goal_drift,1,2,1
train_003334,deadlock,0,0,6
train_003335,clean,1,23,-1
train_003336,duplicated_work,0,38,40
train_003337,clean,1,34,-1
train_003338,conflict,0,30,28
train_003339,goal_drift,0,7,7
train_003340,clean,1,56,-1
train_003341,conflict,0,13,14
train_003342,conflict,0,8,9
train_003343,dropped_handoff,0,1,6
train_003344,goal_drift,0,2,0
train_003345,clean,1,53,-1
train_003346,conflict,1,38,38
train_003347,conflict,1,44,36
train_003348,deadlock,0,9,11
train_003349,dropped_handoff,0,3,13
train_003350,dropped_handoff,0,2,5
train_003351,goal_drift,0,1,9
train_003352,conflict,1,29,13
train_003353,conflict,1,6,8
train_003354,duplicated_work,1,23,24
train_003355,duplicated_work,1,28,26
train_003356,clean,1,26,-1
train_003357,clean,0,32,-1
train_003358,clean,1,57,-1
train_003359,clean,1,30,-1
train_003360,runaway_loop,0,11,31
train_003361,goal_drift,0,0,2
train_003362,clean,1,68,-1
train_003363,goal_drift,0,3,16
train_003364,goal_drift,0,3,1
train_003365,runaway_loop,0,0,4
train_003366,duplicated_work,1,13,10
train_003367,runaway_loop,0,1,0
train_003368,clean,0,42,-1
train_003369,clean,1,68,-1
train_003370,clean,1,34,-1
train_003371,conflict,0,47,48
train_003372,deadlock,0,5,6
train_003373,duplicated_work,0,22,24
train_003374,conflict,0,12,14
train_003375,dropped_handoff,1,4,9
train_003376,conflict,1,21,28
train_003377,deadlock,0,4,16
train_003378,clean,1,15,-1
train_003379,deadlock,0,0,0
train_003380,dropped_handoff,0,22,2
train_003381,clean,1,12,-1
train_003382,goal_drift,0,8,9
train_003383,goal_drift,1,15,13
train_003384,conflict,0,22,23
train_003385,deadlock,0,4,5
train_003386,deadlock,0,20,20
train_003387,runaway_loop,0,8,0
train_003388,runaway_loop,0,0,0
train_003389,duplicated_work,0,16,20
train_003390,clean,1,31,-1
train_003391,conflict,0,7,8
train_003392,dropped_handoff,0,11,12
train_003393,duplicated_work,1,17,20
train_003394,clean,1,50,-1
train_003395,deadlock,0,2,2
train_003396,clean,1,41,-1
train_003397,clean,1,117,-1
train_003398,conflict,0,14,16
train_003399,goal_drift,0,3,3
train_003400,clean,0,35,-1
train_003401,runaway_loop,0,0,2
train_003402,clean,1,16,-1
train_003403,duplicated_work,1,40,41
train_003404,runaway_loop,0,0,1
train_003405,clean,1,47,-1
train_003406,goal_drift,0,1,7
train_003407,dropped_handoff,1,11,9
train_003408,clean,1,38,-1
train_003409,clean,1,38,-1
train_003410,duplicated_work,1,23,23
train_003411,clean,1,40,-1
train_003412,deadlock,0,0,10
train_003413,clean,1,54,-1
train_003414,conflict,0,6,6
train_003415,goal_drift,0,1,1
train_003416,runaway_loop,0,18,9
train_003417,duplicated_work,0,54,53
train_003418,clean,0,32,-1
train_003419,dropped_handoff,0,2,6
train_003420,conflict,0,12,11
train_003421,clean,1,40,-1
train_003422,duplicated_work,1,22,24
train_003423,dropped_handoff,1,4,24
train_003424,clean,1,29,-1
train_003425,clean,1,30,-1
train_003426,clean,1,32,-1
train_003427,clean,1,50,-1
train_003428,clean,1,31,-1
train_003429,deadlock,0,9,10
train_003430,duplicated_work,0,61,69
train_003431,clean,1,23,-1
train_003432,dropped_handoff,1,4,14
train_003433,clean,1,39,-1
train_003434,goal_drift,1,10,9
train_003435,duplicated_work,1,26,24
train_003436,clean,1,63,-1
train_003437,conflict,0,23,21
train_003438,conflict,0,30,28
train_003439,clean,1,43,-1
train_003440,dropped_handoff,0,10,9
train_003441,runaway_loop,0,0,0
train_003442,dropped_handoff,1,2,5
train_003443,clean,1,34,-1
train_003444,goal_drift,0,2,3
train_003445,goal_drift,0,7,8
train_003446,clean,1,47,-1
train_003447,dropped_handoff,0,2,1
train_003448,runaway_loop,1,1,7
train_003449,goal_drift,0,6,9
train_003450,goal_drift,0,1,2
train_003451,goal_drift,0,1,0
train_003452,clean,1,44,-1
train_003453,dropped_handoff,0,0,3
train_003454,clean,1,37,-1
train_003455,conflict,0,26,26
train_003456,runaway_loop,0,4,2
train_003457,clean,1,50,-1
train_003458,dropped_handoff,0,1,5
train_003459,duplicated_work,0,22,23
train_003460,deadlock,0,5,7
train_003461,deadlock,0,6,8
train_003462,clean,1,25,-1
train_003463,deadlock,0,0,2
train_003464,clean,1,75,-1
train_003465,clean,1,26,-1
train_003466,duplicated_work,1,30,31
train_003467,conflict,0,5,6
train_003468,runaway_loop,0,1,1
train_003469,clean,1,43,-1
train_003470,conflict,0,12,11
train_003471,clean,1,41,-1
train_003472,duplicated_work,1,45,45
train_003473,clean,1,89,-1
train_003474,clean,1,16,-1
train_003475,clean,0,27,-1
train_003476,clean,1,17,-1
train_003477,duplicated_work,1,25,27
train_003478,conflict,0,28,30
train_003479,runaway_loop,0,2,0
train_003480,clean,1,53,-1
train_003481,runaway_loop,0,2,2
train_003482,deadlock,0,4,6
train_003483,clean,1,54,-1
train_003484,conflict,1,5,5
train_003485,clean,1,40,-1
train_003486,goal_drift,0,10,1
train_003487,deadlock,0,5,4
train_003488,duplicated_work,1,34,34
train_003489,deadlock,0,3,5
train_003490,clean,1,20,-1
train_003491,deadlock,0,7,1
train_003492,clean,1,56,-1
train_003493,deadlock,0,9,2
train_003494,runaway_loop,0,14,4
train_003495,goal_drift,0,2,0
train_003496,runaway_loop,0,1,0
train_003497,dropped_handoff,0,2,21
train_003498,clean,1,17,-1
train_003499,goal_drift,0,8,19
train_003500,clean,1,17,-1
train_003501,conflict,0,26,28
train_003502,runaway_loop,0,0,1
train_003503,deadlock,0,2,0
train_003504,goal_drift,0,22,20
train_003505,duplicated_work,1,25,16
train_003506,goal_drift,0,4,4
train_003507,deadlock,0,2,1
train_003508,deadlock,0,1,2
train_003509,clean,1,37,-1
train_003510,clean,1,53,-1
train_003511,conflict,1,40,28
train_003512,conflict,1,6,8
train_003513,clean,1,32,-1
train_003514,duplicated_work,1,34,35
train_003515,clean,1,54,-1
train_003516,clean,1,36,-1
train_003517,dropped_handoff,0,20,13
train_003518,deadlock,0,2,3
train_003519,goal_drift,1,2,0
train_003520,conflict,0,9,7
train_003521,dropped_handoff,0,3,2
train_003522,dropped_handoff,0,8,8
train_003523,deadlock,0,1,0
train_003524,clean,1,24,-1
train_003525,conflict,1,8,7
train_003526,conflict,0,9,11
train_003527,clean,1,16,-1
train_003528,dropped_handoff,0,1,7
train_003529,clean,1,39,-1
train_003530,clean,1,40,-1
train_003531,dropped_handoff,0,5,8
train_003532,duplicated_work,0,24,23
train_003533,dropped_handoff,0,3,4
train_003534,dropped_handoff,0,2,7
train_003535,deadlock,0,2,3
train_003536,duplicated_work,0,28,27
train_003537,dropped_handoff,0,9,16
train_003538,goal_drift,0,0,0
train_003539,deadlock,0,3,1
train_003540,deadlock,0,2,1
train_003541,deadlock,0,4,6
train_003542,clean,1,30,-1
train_003543,clean,1,39,-1
train_003544,runaway_loop,1,3,3
train_003545,clean,1,77,-1
train_003546,deadlock,0,6,5
train_003547,conflict,0,11,13
train_003548,dropped_handoff,0,2,17
train_003549,deadlock,1,4,3
train_003550,goal_drift,0,2,1
train_003551,clean,1,39,-1
train_003552,goal_drift,0,0,18
train_003553,deadlock,0,4,25
train_003554,clean,1,43,-1
train_003555,clean,1,54,-1
train_003556,runaway_loop,0,0,2
train_003557,clean,1,42,-1
train_003558,clean,1,111,-1
train_003559,conflict,0,9,8
train_003560,deadlock,0,4,3
train_003561,dropped_handoff,1,4,25
train_003562,clean,1,47,-1
train_003563,runaway_loop,1,2,0
train_003564,goal_drift,0,4,26
train_003565,conflict,0,20,21
train_003566,duplicated_work,1,17,20
train_003567,clean,1,75,-1
train_003568,conflict,1,33,23
train_003569,runaway_loop,0,4,2
train_003570,clean,1,44,-1
train_003571,goal_drift,0,4,2
train_003572,deadlock,0,3,1
train_003573,conflict,1,21,8
train_003574,conflict,0,20,20
train_003575,goal_drift,0,6,8
train_003576,conflict,1,23,21
train_003577,dropped_handoff,0,18,12
train_003578,deadlock,0,4,6
train_003579,deadlock,1,8,10
train_003580,duplicated_work,0,34,32
train_003581,runaway_loop,1,2,10
train_003582,deadlock,1,2,16
train_003583,deadlock,0,1,3
train_003584,duplicated_work,1,62,45
train_003585,clean,1,50,-1
train_003586,conflict,0,16,17
train_003587,runaway_loop,0,4,2
train_003588,goal_drift,1,0,13
train_003589,duplicated_work,0,13,10
train_003590,clean,1,15,-1
train_003591,duplicated_work,1,14,14
train_003592,deadlock,0,1,3
train_003593,deadlock,0,2,0
train_003594,dropped_handoff,0,3,3
train_003595,clean,1,133,-1
train_003596,goal_drift,0,5,3
train_003597,clean,1,39,-1
train_003598,clean,1,61,-1
train_003599,goal_drift,0,3,1
train_003600,runaway_loop,0,2,0
train_003601,duplicated_work,1,11,9
train_003602,goal_drift,0,1,1
train_003603,clean,1,41,-1
train_003604,goal_drift,0,1,0
train_003605,clean,1,25,-1
train_003606,goal_drift,0,7,5
train_003607,deadlock,0,8,23
train_003608,clean,1,30,-1
train_003609,conflict,0,36,34
train_003610,deadlock,0,5,0
train_003611,runaway_loop,0,4,6
train_003612,clean,1,33,-1
train_003613,deadlock,0,2,3
train_003614,dropped_handoff,1,2,8
train_003615,clean,1,13,-1
train_003616,deadlock,0,0,0
train_003617,conflict,0,25,27
train_003618,duplicated_work,0,13,13
train_003619,clean,1,28,-1
train_003620,dropped_handoff,1,8,10
train_003621,runaway_loop,0,3,1
train_003622,conflict,0,22,24
train_003623,goal_drift,1,9,1
train_003624,clean,0,65,-1
train_003625,deadlock,0,8,7
train_003626,conflict,1,29,30
train_003627,clean,1,14,-1
train_003628,deadlock,0,0,0
train_003629,conflict,0,8,7
train_003630,runaway_loop,0,0,0
train_003631,goal_drift,1,5,6
train_003632,conflict,1,23,9
train_003633,duplicated_work,1,17,20
train_003634,deadlock,0,5,17
train_003635,clean,1,34,-1
train_003636,dropped_handoff,0,2,3
train_003637,dropped_handoff,0,3,17
train_003638,duplicated_work,1,21,27
train_003639,clean,1,17,-1
train_003640,clean,1,36,-1
train_003641,deadlock,0,2,0
train_003642,deadlock,0,2,0
train_003643,clean,1,22,-1
train_003644,deadlock,0,1,2
train_003645,clean,1,35,-1
train_003646,duplicated_work,1,13,19
train_003647,runaway_loop,0,11,6
train_003648,goal_drift,0,11,3
train_003649,clean,1,55,-1
train_003650,conflict,1,37,39
train_003651,dropped_handoff,1,0,10
train_003652,clean,1,35,-1
train_003653,clean,1,32,-1
train_003654,duplicated_work,0,25,26
train_003655,clean,1,43,-1
train_003656,deadlock,0,16,15
train_003657,clean,1,131,-1
train_003658,clean,1,32,-1
train_003659,goal_drift,0,2,1
train_003660,conflict,0,7,9
train_003661,duplicated_work,1,37,35
train_003662,runaway_loop,1,2,1
train_003663,clean,1,48,-1
train_003664,dropped_handoff,1,2,3
train_003665,dropped_handoff,0,28,10
train_003666,deadlock,0,4,6
train_003667,goal_drift,0,7,11
train_003668,conflict,1,42,24
train_003669,goal_drift,0,4,4
train_003670,conflict,0,12,14
train_003671,runaway_loop,0,3,1
train_003672,deadlock,0,2,4
train_003673,runaway_loop,0,1,32
train_003674,conflict,0,12,11
train_003675,deadlock,0,10,12
train_003676,runaway_loop,1,1,0
train_003677,runaway_loop,1,3,1
train_003678,conflict,0,4,6
train_003679,clean,1,55,-1
train_003680,deadlock,0,5,8
train_003681,goal_drift,1,6,15
train_003682,clean,1,44,-1
train_003683,conflict,1,18,20
train_003684,clean,1,29,-1
train_003685,clean,1,32,-1
train_003686,deadlock,0,9,13
train_003687,clean,1,45,-1
train_003688,goal_drift,0,3,12
train_003689,clean,1,49,-1
train_003690,conflict,0,44,43
train_003691,conflict,0,11,10
train_003692,deadlock,0,0,0
train_003693,conflict,1,11,10
train_003694,deadlock,0,4,2
train_003695,deadlock,0,2,4
train_003696,conflict,1,22,21
train_003697,deadlock,0,13,13
train_003698,duplicated_work,1,37,35
train_003699,goal_drift,0,6,7
train_003700,duplicated_work,1,21,23
train_003701,clean,1,17,-1
train_003702,clean,0,48,-1
train_003703,deadlock,0,5,4
train_003704,runaway_loop,1,4,3
train_003705,clean,1,33,-1
train_003706,conflict,1,19,18
train_003707,conflict,0,22,18
train_003708,conflict,1,12,12
train_003709,goal_drift,0,0,9
train_003710,clean,1,48,-1
train_003711,duplicated_work,0,23,22
train_003712,conflict,0,17,15
train_003713,clean,0,77,-1
train_003714,goal_drift,0,3,4
train_003715,conflict,0,76,67
train_003716,conflict,0,2,8
train_003717,goal_drift,0,3,33
train_003718,deadlock,0,2,0
train_003719,runaway_loop,0,4,1
train_003720,dropped_handoff,0,1,7
train_003721,duplicated_work,0,20,22
train_003722,duplicated_work,1,32,32
train_003723,deadlock,0,15,8
train_003724,clean,1,54,-1
train_003725,conflict,0,18,51
train_003726,clean,1,46,-1
train_003727,clean,1,36,-1
train_003728,clean,1,33,-1
train_003729,deadlock,0,2,4
train_003730,deadlock,0,4,5
train_003731,goal_drift,0,1,9
train_003732,runaway_loop,0,2,0
train_003733,clean,1,23,-1
train_003734,deadlock,0,22,20
train_003735,clean,1,52,-1
train_003736,clean,1,26,-1
train_003737,clean,0,22,-1
train_003738,clean,1,69,-1
train_003739,goal_drift,0,1,0
train_003740,goal_drift,1,7,0
train_003741,conflict,0,13,8
train_003742,conflict,1,7,8
train_003743,dropped_handoff,0,2,4
train_003744,clean,1,67,-1
train_003745,clean,1,49,-1
train_003746,duplicated_work,1,39,40
train_003747,clean,1,24,-1
train_003748,conflict,0,16,17
train_003749,goal_drift,0,1,1
train_003750,goal_drift,0,3,5
train_003751,clean,1,31,-1
train_003752,duplicated_work,1,65,64
train_003753,clean,0,50,-1
train_003754,duplicated_work,0,30,21
train_003755,duplicated_work,1,28,28
train_003756,conflict,0,34,32
train_003757,clean,1,55,-1
train_003758,runaway_loop,1,3,2
train_003759,deadlock,1,4,2
train_003760,clean,1,25,-1
train_003761,clean,1,10,-1
train_003762,runaway_loop,0,2,3
train_003763,duplicated_work,0,28,17
train_003764,runaway_loop,0,3,1
train_003765,goal_drift,0,4,2
train_003766,conflict,0,30,28
train_003767,deadlock,0,11,0
train_003768,conflict,0,26,25
train_003769,deadlock,0,13,14
train_003770,runaway_loop,0,1,2
train_003771,runaway_loop,0,3,1
train_003772,duplicated_work,1,47,46
train_003773,clean,1,34,-1
train_003774,runaway_loop,0,0,2
train_003775,goal_drift,0,7,10
train_003776,goal_drift,0,5,6
train_003777,goal_drift,0,7,8
train_003778,clean,1,48,-1
train_003779,conflict,0,26,9
train_003780,duplicated_work,1,42,40
train_003781,duplicated_work,1,25,24
train_003782,clean,1,28,-1
train_003783,clean,1,23,-1
train_003784,dropped_handoff,0,3,7
train_003785,clean,1,18,-1
train_003786,deadlock,0,0,0
train_003787,deadlock,0,2,3
train_003788,goal_drift,0,2,1
train_003789,dropped_handoff,0,5,12
train_003790,runaway_loop,0,6,1
train_003791,runaway_loop,0,3,1
train_003792,goal_drift,1,1,0
train_003793,conflict,0,14,13
train_003794,runaway_loop,0,0,6
train_003795,clean,0,50,-1
train_003796,runaway_loop,0,2,0
train_003797,goal_drift,0,1,2
train_003798,goal_drift,0,2,0
train_003799,runaway_loop,1,3,0
train_003800,runaway_loop,0,1,0
train_003801,duplicated_work,1,16,17
train_003802,clean,1,17,-1
train_003803,clean,1,27,-1
train_003804,conflict,0,10,10
train_003805,clean,1,36,-1
train_003806,conflict,1,12,13
train_003807,duplicated_work,0,26,26
train_003808,clean,1,50,-1
train_003809,goal_drift,0,2,0
train_003810,clean,1,18,-1
train_003811,clean,1,17,-1
train_003812,deadlock,0,7,5
train_003813,deadlock,0,11,13
train_003814,goal_drift,0,7,0
train_003815,dropped_handoff,0,1,23
train_003816,duplicated_work,0,33,31
train_003817,deadlock,0,2,1
train_003818,clean,1,25,-1
train_003819,deadlock,0,16,17
train_003820,clean,1,64,-1
train_003821,clean,1,43,-1
train_003822,deadlock,0,2,15
train_003823,dropped_handoff,0,7,8
train_003824,runaway_loop,0,1,6
train_003825,goal_drift,0,2,3
train_003826,duplicated_work,1,22,24
train_003827,clean,1,60,-1
train_003828,dropped_handoff,0,5,13
train_003829,clean,1,44,-1
train_003830,goal_drift,0,2,2
train_003831,duplicated_work,1,24,22
train_003832,conflict,1,42,44
train_003833,dropped_handoff,1,4,2
train_003834,deadlock,0,2,0
train_003835,goal_drift,0,3,14
train_003836,runaway_loop,0,1,1
train_003837,conflict,1,8,7
train_003838,clean,1,58,-1
train_003839,deadlock,0,22,1
train_003840,clean,1,28,-1
train_003841,deadlock,0,2,4
train_003842,goal_drift,0,1,3
train_003843,goal_drift,0,4,2
train_003844,clean,1,26,-1
train_003845,deadlock,0,7,9
train_003846,deadlock,0,9,8
train_003847,deadlock,0,6,4
train_003848,dropped_handoff,0,12,38
train_003849,clean,1,18,-1
train_003850,clean,1,39,-1
train_003851,dropped_handoff,1,1,6
train_003852,goal_drift,0,4,2
train_003853,conflict,1,28,27
train_003854,deadlock,0,14,14
train_003855,dropped_handoff,1,18,8
train_003856,clean,1,32,-1
train_003857,clean,1,11,-1
train_003858,goal_drift,0,3,0
train_003859,conflict,1,56,6
train_003860,clean,1,71,-1
train_003861,clean,1,64,-1
train_003862,duplicated_work,1,37,38
train_003863,dropped_handoff,0,3,3
train_003864,clean,1,57,-1
train_003865,deadlock,0,5,3
train_003866,clean,1,55,-1
train_003867,clean,1,39,-1
train_003868,clean,1,39,-1
train_003869,duplicated_work,1,42,47
train_003870,clean,1,17,-1
train_003871,duplicated_work,0,29,28
train_003872,goal_drift,0,6,4
train_003873,clean,1,36,-1
train_003874,duplicated_work,1,22,20
train_003875,runaway_loop,0,1,3
train_003876,duplicated_work,0,50,49
train_003877,goal_drift,0,3,9
train_003878,clean,1,63,-1
train_003879,clean,1,40,-1
train_003880,deadlock,0,2,2
train_003881,deadlock,0,8,10
train_003882,goal_drift,0,1,3
train_003883,clean,1,68,-1
train_003884,duplicated_work,1,26,28
train_003885,clean,1,83,-1
train_003886,deadlock,0,14,9
train_003887,deadlock,0,22,22
train_003888,duplicated_work,1,35,36
train_003889,goal_drift,1,1,1
train_003890,conflict,0,14,8
train_003891,deadlock,0,0,1
train_003892,clean,1,11,-1
train_003893,conflict,0,13,11
train_003894,clean,1,20,-1
train_003895,goal_drift,0,3,15
train_003896,clean,1,68,-1
train_003897,runaway_loop,0,0,2
train_003898,dropped_handoff,1,15,16
train_003899,clean,1,58,-1
train_003900,clean,1,15,-1
train_003901,deadlock,0,9,0
train_003902,goal_drift,0,5,21
train_003903,duplicated_work,1,46,55
train_003904,deadlock,0,2,1
train_003905,duplicated_work,1,19,16
train_003906,clean,1,29,-1
train_003907,runaway_loop,1,12,3
train_003908,deadlock,0,3,2
train_003909,runaway_loop,0,2,1
train_003910,runaway_loop,1,2,1
train_003911,clean,1,47,-1
train_003912,dropped_handoff,0,9,16
train_003913,runaway_loop,1,0,0
train_003914,duplicated_work,1,14,14
train_003915,goal_drift,0,10,10
train_003916,clean,1,34,-1
train_003917,goal_drift,0,1,0
train_003918,runaway_loop,1,2,3
train_003919,dropped_handoff,0,15,13
train_003920,goal_drift,0,15,17
train_003921,deadlock,0,3,1
train_003922,conflict,0,20,20
train_003923,dropped_handoff,0,7,11
train_003924,runaway_loop,0,2,4
train_003925,deadlock,0,0,0
train_003926,dropped_handoff,0,6,17
train_003927,conflict,1,14,15
train_003928,runaway_loop,1,2,5
train_003929,deadlock,1,6,7
train_003930,duplicated_work,0,32,31
train_003931,duplicated_work,1,12,11
train_003932,runaway_loop,0,1,0
train_003933,conflict,0,16,14
train_003934,clean,1,72,-1
train_003935,clean,1,26,-1
train_003936,clean,1,31,-1
train_003937,goal_drift,0,2,10
train_003938,clean,0,16,-1
train_003939,goal_drift,0,3,8
train_003940,duplicated_work,0,16,15
train_003941,runaway_loop,1,3,5
train_003942,runaway_loop,0,5,3
train_003943,duplicated_work,0,26,26
train_003944,deadlock,0,4,2
train_003945,clean,1,35,-1
train_003946,clean,1,14,-1
train_003947,duplicated_work,1,12,13
train_003948,conflict,0,23,9
train_003949,goal_drift,0,1,3
train_003950,goal_drift,0,4,8
train_003951,goal_drift,0,1,0
train_003952,clean,1,33,-1
train_003953,clean,1,50,-1
train_003954,deadlock,0,2,3
train_003955,deadlock,0,26,26
train_003956,dropped_handoff,0,10,3
train_003957,goal_drift,0,4,14
train_003958,duplicated_work,1,22,20
train_003959,duplicated_work,0,21,19
train_003960,goal_drift,0,0,8
train_003961,clean,1,36,-1
train_003962,dropped_handoff,0,0,5
train_003963,conflict,0,10,12
train_003964,runaway_loop,1,7,5
train_003965,clean,1,38,-1
train_003966,deadlock,0,3,3
train_003967,clean,0,64,-1
train_003968,conflict,1,16,18
train_003969,runaway_loop,1,2,18
train_003970,clean,0,34,-1
train_003971,duplicated_work,1,30,29
train_003972,runaway_loop,0,2,1
train_003973,clean,1,30,-1
train_003974,dropped_handoff,0,1,3
train_003975,deadlock,0,1,0
train_003976,clean,1,45,-1
train_003977,deadlock,0,1,0
train_003978,clean,1,33,-1
train_003979,runaway_loop,1,1,5
train_003980,goal_drift,0,9,11
train_003981,goal_drift,1,3,2
train_003982,goal_drift,0,6,30
train_003983,conflict,0,17,15
train_003984,dropped_handoff,1,0,13
train_003985,clean,1,34,-1
train_003986,deadlock,0,11,13
train_003987,clean,1,32,-1
train_003988,goal_drift,0,7,5
train_003989,conflict,0,36,31
train_003990,dropped_handoff,0,10,1
train_003991,duplicated_work,0,21,14
train_003992,deadlock,0,1,0
train_003993,runaway_loop,0,2,7
train_003994,goal_drift,0,1,1
train_003995,duplicated_work,0,56,55
train_003996,clean,1,78,-1
train_003997,clean,1,26,-1
train_003998,clean,1,38,-1
train_003999,clean,1,17,-1
train_004000,clean,1,22,-1
train_004001,runaway_loop,0,3,3
train_004002,clean,1,41,-1
train_004003,runaway_loop,0,0,1
train_004004,deadlock,0,3,1
train_004005,clean,1,45,-1
train_004006,runaway_loop,0,2,0
train_004007,clean,1,13,-1
train_004008,runaway_loop,0,3,5
train_004009,dropped_handoff,0,11,2
train_004010,runaway_loop,0,1,0
train_004011,goal_drift,1,3,14
train_004012,deadlock,0,2,2
train_004013,runaway_loop,0,0,1
train_004014,duplicated_work,1,30,28
train_004015,duplicated_work,1,18,20
train_004016,clean,0,81,-1
train_004017,goal_drift,1,3,5
train_004018,clean,1,31,-1
train_004019,clean,1,60,-1
train_004020,goal_drift,1,2,0
train_004021,runaway_loop,0,1,0
train_004022,duplicated_work,1,47,33
train_004023,goal_drift,0,3,5
train_004024,clean,1,16,-1
train_004025,dropped_handoff,0,9,11
train_004026,clean,1,32,-1
train_004027,dropped_handoff,0,5,3
train_004028,goal_drift,0,2,0
train_004029,goal_drift,0,0,4
train_004030,goal_drift,1,19,17
train_004031,clean,1,34,-1
train_004032,duplicated_work,0,20,21
train_004033,runaway_loop,1,2,2
train_004034,duplicated_work,1,44,43
train_004035,dropped_handoff,0,0,20
train_004036,dropped_handoff,1,6,12
train_004037,duplicated_work,1,44,42
train_004038,dropped_handoff,0,7,4
train_004039,goal_drift,0,0,2
train_004040,conflict,0,8,7
train_004041,goal_drift,0,2,28
train_004042,deadlock,0,2,3
train_004043,clean,1,44,-1
train_004044,deadlock,0,4,3
train_004045,goal_drift,0,3,2
train_004046,conflict,0,18,20
train_004047,duplicated_work,1,29,23
train_004048,conflict,0,28,30
train_004049,clean,1,29,-1
train_004050,runaway_loop,1,5,5
train_004051,duplicated_work,0,11,10
train_004052,conflict,0,15,15
train_004053,runaway_loop,0,5,7
train_004054,conflict,1,32,33
train_004055,goal_drift,0,1,15
train_004056,conflict,0,14,16
train_004057,runaway_loop,0,5,6
train_004058,clean,1,53,-1
train_004059,clean,1,36,-1
train_004060,deadlock,0,1,0
train_004061,clean,1,76,-1
train_004062,deadlock,0,0,2
train_004063,runaway_loop,0,1,0
train_004064,dropped_handoff,0,1,3
train_004065,runaway_loop,0,3,4
train_004066,deadlock,0,1,7
train_004067,dropped_handoff,1,5,6
train_004068,runaway_loop,0,3,6
train_004069,dropped_handoff,0,5,5
train_004070,runaway_loop,0,0,2
train_004071,clean,1,33,-1
train_004072,clean,1,22,-1
train_004073,clean,1,24,-1
train_004074,conflict,0,8,14
train_004075,runaway_loop,0,6,1
train_004076,deadlock,0,0,4
train_004077,deadlock,0,1,0
train_004078,conflict,1,48,16
train_004079,clean,1,28,-1
train_004080,clean,1,31,-1
train_004081,goal_drift,0,1,10
train_004082,clean,1,50,-1
train_004083,clean,1,42,-1
train_004084,clean,0,42,-1
train_004085,duplicated_work,1,26,27
train_004086,conflict,0,15,13
train_004087,clean,0,50,-1
train_004088,goal_drift,0,0,1
train_004089,conflict,1,61,60
train_004090,clean,1,29,-1
train_004091,deadlock,1,4,2
train_004092,conflict,0,21,20
train_004093,clean,1,26,-1
train_004094,duplicated_work,1,39,38
train_004095,clean,1,16,-1
train_004096,clean,1,54,-1
train_004097,dropped_handoff,0,0,4
train_004098,clean,1,35,-1
train_004099,clean,1,19,-1
train_004100,conflict,1,26,27
train_004101,clean,1,12,-1
train_004102,clean,1,41,-1
train_004103,goal_drift,0,2,5
train_004104,conflict,0,41,42
train_004105,clean,1,47,-1
train_004106,runaway_loop,0,7,6
train_004107,runaway_loop,1,4,2
train_004108,deadlock,0,1,3
train_004109,clean,1,26,-1
train_004110,clean,0,47,-1
train_004111,goal_drift,1,10,8
train_004112,duplicated_work,1,30,29
train_004113,duplicated_work,1,23,25
train_004114,duplicated_work,1,37,34
train_004115,clean,1,122,-1
train_004116,conflict,1,18,18
train_004117,duplicated_work,1,15,13
train_004118,conflict,1,30,24
train_004119,deadlock,0,1,2
train_004120,clean,1,60,-1
train_004121,clean,1,17,-1
train_004122,clean,1,34,-1
train_004123,conflict,1,21,51
train_004124,runaway_loop,1,2,0
train_004125,duplicated_work,1,39,45
train_004126,clean,1,22,-1
train_004127,clean,1,48,-1
train_004128,conflict,0,13,15
train_004129,runaway_loop,0,0,2
train_004130,duplicated_work,1,40,33
train_004131,conflict,0,23,25
train_004132,runaway_loop,0,6,5
train_004133,clean,1,47,-1
train_004134,duplicated_work,1,36,35
train_004135,deadlock,0,12,10
train_004136,clean,1,60,-1
train_004137,dropped_handoff,0,9,5
train_004138,runaway_loop,0,0,0
train_004139,clean,1,33,-1
train_004140,duplicated_work,1,28,29
train_004141,clean,1,66,-1
train_004142,clean,0,12,-1
train_004143,conflict,0,47,47
train_004144,duplicated_work,0,72,45
train_004145,goal_drift,0,4,0
train_004146,clean,1,24,-1
train_004147,conflict,1,21,21
train_004148,clean,1,27,-1
train_004149,runaway_loop,0,1,0
train_004150,goal_drift,0,3,1
train_004151,goal_drift,1,2,4
train_004152,duplicated_work,1,34,34
train_004153,goal_drift,0,3,4
train_004154,deadlock,0,2,0
train_004155,conflict,0,14,16
train_004156,runaway_loop,0,2,0
train_004157,runaway_loop,1,14,12
train_004158,conflict,0,12,14
train_004159,dropped_handoff,0,7,5
train_004160,deadlock,0,2,0
train_004161,runaway_loop,0,2,1
train_004162,dropped_handoff,0,9,11
train_004163,duplicated_work,1,25,23
train_004164,duplicated_work,1,32,32
train_004165,deadlock,0,19,18
train_004166,clean,1,64,-1
train_004167,clean,1,34,-1
train_004168,runaway_loop,0,7,1
train_004169,clean,1,61,-1
train_004170,clean,1,56,-1
train_004171,duplicated_work,1,9,9
train_004172,dropped_handoff,0,22,3
train_004173,deadlock,0,1,1
train_004174,deadlock,0,1,1
train_004175,dropped_handoff,0,6,7
train_004176,goal_drift,0,0,1
train_004177,deadlock,0,1,2
train_004178,goal_drift,0,3,1
train_004179,clean,1,15,-1
train_004180,runaway_loop,0,6,4
train_004181,dropped_handoff,0,3,2
train_004182,goal_drift,0,1,35
train_004183,dropped_handoff,0,3,5
train_004184,clean,1,35,-1
train_004185,goal_drift,0,6,7
train_004186,clean,0,45,-1
train_004187,runaway_loop,0,4,5
train_004188,runaway_loop,0,2,1
train_004189,clean,1,39,-1
train_004190,goal_drift,1,2,4
train_004191,clean,1,43,-1
train_004192,conflict,0,23,40
train_004193,dropped_handoff,0,3,8
train_004194,deadlock,0,4,6
train_004195,dropped_handoff,0,2,3
train_004196,goal_drift,0,25,6
train_004197,runaway_loop,0,5,3
train_004198,dropped_handoff,0,1,6
train_004199,clean,1,38,-1
train_004200,runaway_loop,0,2,0
train_004201,conflict,0,52,53
train_004202,clean,0,30,-1
train_004203,clean,0,89,-1
train_004204,runaway_loop,0,2,0
train_004205,goal_drift,1,1,3
train_004206,runaway_loop,0,2,0
train_004207,conflict,0,19,21
train_004208,goal_drift,1,0,1
train_004209,conflict,0,32,34
train_004210,deadlock,0,1,1
train_004211,clean,1,19,-1
train_004212,clean,1,44,-1
train_004213,clean,1,38,-1
train_004214,conflict,0,18,52
train_004215,clean,1,40,-1
train_004216,goal_drift,0,4,6
train_004217,goal_drift,0,1,3
train_004218,dropped_handoff,0,4,9
train_004219,clean,1,40,-1
train_004220,clean,1,44,-1
train_004221,conflict,1,11,9
train_004222,duplicated_work,1,18,8
train_004223,duplicated_work,1,32,34
train_004224,duplicated_work,0,28,27
train_004225,clean,1,18,-1
train_004226,goal_drift,0,2,0
train_004227,dropped_handoff,0,1,2
train_004228,dropped_handoff,0,24,28
train_004229,dropped_handoff,0,2,8
train_004230,dropped_handoff,0,3,1
train_004231,deadlock,0,1,1
train_004232,clean,1,21,-1
train_004233,deadlock,0,4,7
train_004234,duplicated_work,1,29,31
train_004235,duplicated_work,1,25,30
train_004236,clean,1,70,-1
train_004237,dropped_handoff,0,1,6
train_004238,deadlock,0,0,1
train_004239,dropped_handoff,1,6,2
train_004240,clean,1,33,-1
train_004241,clean,1,44,-1
train_004242,clean,1,71,-1
train_004243,clean,1,19,-1
train_004244,conflict,0,15,6
train_004245,deadlock,0,6,5
train_004246,duplicated_work,0,19,17
train_004247,goal_drift,0,0,0
train_004248,duplicated_work,1,21,22
train_004249,conflict,0,12,10
train_004250,duplicated_work,1,59,23
train_004251,goal_drift,0,2,7
train_004252,goal_drift,0,0,0
train_004253,clean,1,10,-1
train_004254,runaway_loop,0,2,3
train_004255,runaway_loop,0,1,0
train_004256,deadlock,0,9,0
train_004257,goal_drift,0,6,10
train_004258,clean,1,27,-1
train_004259,conflict,0,19,21
train_004260,deadlock,0,11,11
train_004261,clean,1,33,-1
train_004262,clean,1,33,-1
train_004263,duplicated_work,0,44,45
train_004264,goal_drift,1,2,1
train_004265,conflict,0,15,16
train_004266,conflict,0,18,16
train_004267,clean,0,44,-1
train_004268,goal_drift,1,4,23
train_004269,goal_drift,0,2,1
train_004270,duplicated_work,1,21,23
train_004271,goal_drift,0,9,4
train_004272,runaway_loop,0,2,1
train_004273,duplicated_work,1,67,66
train_004274,clean,1,30,-1
train_004275,clean,1,31,-1
train_004276,conflict,0,37,35
train_004277,clean,1,33,-1
train_004278,dropped_handoff,0,13,7
train_004279,deadlock,0,2,0
train_004280,goal_drift,0,4,2
train_004281,clean,1,30,-1
train_004282,goal_drift,0,1,3
train_004283,clean,1,41,-1
train_004284,conflict,0,34,36
train_004285,deadlock,0,1,1
train_004286,goal_drift,0,7,11
train_004287,duplicated_work,0,22,20
train_004288,duplicated_work,1,44,42
train_004289,goal_drift,0,2,0
train_004290,clean,1,51,-1
train_004291,conflict,0,13,15
train_004292,duplicated_work,1,41,39
train_004293,duplicated_work,1,62,62
train_004294,dropped_handoff,0,2,1
train_004295,goal_drift,1,3,11
train_004296,deadlock,0,5,4
train_004297,clean,1,42,-1
train_004298,clean,1,22,-1
train_004299,conflict,0,26,36
train_004300,clean,1,41,-1
train_004301,deadlock,0,4,5
train_004302,duplicated_work,0,22,22
train_004303,dropped_handoff,0,6,3
train_004304,clean,1,39,-1
train_004305,runaway_loop,0,3,0
train_004306,clean,1,21,-1
train_004307,clean,1,35,-1
train_004308,deadlock,0,4,6
train_004309,clean,1,43,-1
train_004310,conflict,0,18,17
train_004311,duplicated_work,1,23,25
train_004312,clean,1,53,-1
train_004313,deadlock,0,4,2
train_004314,dropped_handoff,0,3,1
train_004315,deadlock,0,0,12
train_004316,runaway_loop,0,4,4
train_004317,runaway_loop,0,2,2
train_004318,goal_drift,0,5,6
train_004319,dropped_handoff,0,0,8
train_004320,clean,1,34,-1
train_004321,goal_drift,0,1,24
train_004322,runaway_loop,0,0,0
train_004323,runaway_loop,0,9,7
train_004324,deadlock,0,7,5
train_004325,deadlock,0,3,3
train_004326,conflict,1,29,26
train_004327,clean,1,19,-1
train_004328,clean,1,43,-1
train_004329,duplicated_work,1,35,36
train_004330,clean,1,56,-1
train_004331,clean,1,31,-1
train_004332,runaway_loop,0,1,1
train_004333,clean,1,20,-1
train_004334,clean,1,35,-1
train_004335,clean,1,56,-1
train_004336,dropped_handoff,1,0,22
train_004337,goal_drift,0,4,4
train_004338,duplicated_work,1,27,20
train_004339,dropped_handoff,0,8,3
train_004340,clean,1,31,-1
train_004341,clean,1,21,-1
train_004342,conflict,0,18,16
train_004343,runaway_loop,0,14,12
train_004344,clean,1,62,-1
train_004345,duplicated_work,1,22,23
train_004346,deadlock,0,8,6
train_004347,deadlock,0,1,1
train_004348,dropped_handoff,0,0,11
train_004349,duplicated_work,1,26,28
train_004350,goal_drift,0,2,4
train_004351,dropped_handoff,0,1,7
train_004352,runaway_loop,0,1,1
train_004353,dropped_handoff,0,1,14
train_004354,deadlock,0,2,1
train_004355,conflict,0,13,7
train_004356,runaway_loop,0,4,7
train_004357,dropped_handoff,0,3,7
train_004358,duplicated_work,0,21,23
train_004359,clean,0,42,-1
train_004360,duplicated_work,1,15,15
train_004361,deadlock,0,2,0
train_004362,clean,1,21,-1
train_004363,dropped_handoff,0,16,26
train_004364,duplicated_work,1,18,20
train_004365,clean,1,35,-1
train_004366,deadlock,0,5,5
train_004367,goal_drift,0,0,2
train_004368,conflict,0,20,20
train_004369,runaway_loop,0,0,0
train_004370,deadlock,0,0,0
train_004371,duplicated_work,1,18,19
train_004372,clean,1,21,-1
train_004373,goal_drift,0,0,12
train_004374,runaway_loop,0,8,6
train_004375,clean,0,101,-1
train_004376,runaway_loop,0,2,0
train_004377,clean,0,72,-1
train_004378,runaway_loop,0,0,3
train_004379,goal_drift,0,1,2
train_004380,conflict,0,19,17
train_004381,clean,1,20,-1
train_004382,runaway_loop,0,0,0
train_004383,runaway_loop,0,4,2
train_004384,goal_drift,0,2,7
train_004385,runaway_loop,1,4,10
train_004386,dropped_handoff,0,8,3
train_004387,runaway_loop,1,1,0
train_004388,goal_drift,0,3,1
train_004389,deadlock,0,5,3
train_004390,dropped_handoff,0,3,2
train_004391,goal_drift,0,0,5
train_004392,duplicated_work,0,39,20
train_004393,duplicated_work,1,33,31
train_004394,deadlock,1,3,4
train_004395,clean,1,25,-1
train_004396,clean,1,26,-1
train_004397,dropped_handoff,0,2,23
train_004398,deadlock,0,8,15
train_004399,runaway_loop,0,14,24
train_004400,runaway_loop,0,0,1
train_004401,runaway_loop,0,1,2
train_004402,clean,1,48,-1
train_004403,deadlock,0,7,20
train_004404,clean,1,39,-1
train_004405,clean,1,48,-1
train_004406,dropped_handoff,0,0,6
train_004407,conflict,1,8,9
train_004408,clean,1,44,-1
train_004409,deadlock,0,3,5
train_004410,clean,1,54,-1
train_004411,goal_drift,0,1,1
train_004412,conflict,1,7,6
train_004413,clean,1,58,-1
train_004414,duplicated_work,1,27,25
train_004415,runaway_loop,0,2,5
train_004416,conflict,1,30,28
train_004417,goal_drift,0,0,2
train_004418,deadlock,0,32,17
train_004419,conflict,1,8,10
train_004420,goal_drift,0,6,21
train_004421,duplicated_work,0,28,27
train_004422,dropped_handoff,0,2,3
train_004423,goal_drift,0,6,5
train_004424,clean,1,52,-1
train_004425,deadlock,0,3,2
train_004426,clean,1,49,-1
train_004427,conflict,0,19,18
train_004428,clean,1,16,-1
train_004429,runaway_loop,0,2,2
train_004430,deadlock,0,0,0
train_004431,clean,1,35,-1
train_004432,conflict,0,13,14
train_004433,clean,1,28,-1
train_004434,deadlock,0,2,3
train_004435,duplicated_work,1,14,14
train_004436,clean,1,20,-1
train_004437,conflict,0,20,30
train_004438,conflict,0,3,4
train_004439,clean,1,40,-1
train_004440,clean,1,42,-1
train_004441,runaway_loop,0,2,6
train_004442,conflict,0,7,7
train_004443,conflict,0,48,46
train_004444,deadlock,1,1,0
train_004445,goal_drift,0,3,11
train_004446,goal_drift,0,3,24
train_004447,deadlock,0,2,3
train_004448,clean,1,74,-1
train_004449,clean,1,33,-1
train_004450,goal_drift,0,5,3
train_004451,clean,1,29,-1
train_004452,conflict,0,5,4
train_004453,clean,1,35,-1
train_004454,duplicated_work,1,53,51
train_004455,dropped_handoff,0,2,3
train_004456,goal_drift,0,3,2
train_004457,dropped_handoff,0,2,0
train_004458,deadlock,0,7,15
train_004459,clean,1,36,-1
train_004460,deadlock,0,2,1
train_004461,goal_drift,0,4,3
train_004462,clean,1,21,-1
train_004463,conflict,1,29,31
train_004464,runaway_loop,1,1,0
train_004465,duplicated_work,1,17,17
train_004466,conflict,0,26,25
train_004467,deadlock,0,3,5
train_004468,goal_drift,0,8,10
train_004469,runaway_loop,1,1,0
train_004470,dropped_handoff,0,5,19
train_004471,dropped_handoff,0,2,7
train_004472,deadlock,0,20,18
train_004473,goal_drift,0,13,11
train_004474,runaway_loop,0,1,2
train_004475,goal_drift,0,8,1
train_004476,duplicated_work,1,36,34
train_004477,clean,1,19,-1
train_004478,conflict,0,27,79
train_004479,duplicated_work,0,17,15
train_004480,dropped_handoff,0,10,8
train_004481,runaway_loop,0,2,4
train_004482,dropped_handoff,0,1,16
train_004483,goal_drift,0,9,7
train_004484,clean,1,42,-1
train_004485,clean,1,36,-1
train_004486,duplicated_work,0,53,63
train_004487,duplicated_work,0,43,45
train_004488,conflict,1,27,29
train_004489,deadlock,0,5,7
train_004490,clean,0,35,-1
train_004491,goal_drift,0,25,1
train_004492,duplicated_work,1,30,31
train_004493,goal_drift,0,0,1
train_004494,clean,1,26,-1
train_004495,dropped_handoff,0,17,22
train_004496,duplicated_work,0,25,29
train_004497,duplicated_work,0,22,24
train_004498,clean,1,35,-1
train_004499,duplicated_work,1,28,30
train_004500,conflict,0,21,19
train_004501,goal_drift,0,1,0
train_004502,duplicated_work,1,34,36
train_004503,runaway_loop,1,0,19
train_004504,goal_drift,0,3,1
train_004505,clean,1,36,-1
train_004506,goal_drift,0,2,20
train_004507,deadlock,0,7,9
train_004508,conflict,1,6,15
train_004509,goal_drift,0,1,3
train_004510,goal_drift,0,2,2
train_004511,conflict,1,13,15
train_004512,clean,1,51,-1
train_004513,dropped_handoff,0,14,17
train_004514,conflict,1,24,14
train_004515,conflict,0,35,23
train_004516,clean,1,28,-1
train_004517,duplicated_work,1,43,45
train_004518,conflict,0,33,31
train_004519,deadlock,0,8,10
train_004520,deadlock,0,2,1
train_004521,goal_drift,0,13,12
train_004522,clean,1,27,-1
train_004523,deadlock,0,17,16
train_004524,clean,1,35,-1
train_004525,deadlock,0,2,0
train_004526,deadlock,0,3,4
train_004527,duplicated_work,1,59,58
train_004528,deadlock,0,6,4
train_004529,duplicated_work,1,50,57
train_004530,clean,1,53,-1
train_004531,clean,1,79,-1
train_004532,runaway_loop,0,2,2
train_004533,clean,1,34,-1
train_004534,dropped_handoff,0,1,10
train_004535,conflict,1,18,23
train_004536,dropped_handoff,1,1,7
train_004537,goal_drift,0,8,3
train_004538,deadlock,0,3,4
train_004539,clean,1,43,-1
train_004540,duplicated_work,1,15,17
train_004541,clean,1,43,-1
train_004542,clean,1,77,-1
train_004543,deadlock,0,25,27
train_004544,duplicated_work,0,45,49
train_004545,clean,1,39,-1
train_004546,duplicated_work,0,43,43
train_004547,conflict,0,10,10
train_004548,runaway_loop,0,11,1
train_004549,conflict,0,25,21
train_004550,duplicated_work,1,17,18
train_004551,goal_drift,0,2,16
train_004552,clean,0,33,-1
train_004553,goal_drift,0,1,6
train_004554,conflict,0,13,15
train_004555,deadlock,0,12,0
train_004556,deadlock,0,0,1
train_004557,clean,1,94,-1
train_004558,clean,1,43,-1
train_004559,runaway_loop,0,3,3
train_004560,runaway_loop,0,1,2
train_004561,dropped_handoff,0,2,3
train_004562,conflict,0,19,18
train_004563,conflict,0,35,37
train_004564,clean,1,28,-1
train_004565,clean,1,43,-1
train_004566,goal_drift,1,3,2
train_004567,clean,1,35,-1
train_004568,deadlock,0,1,22
train_004569,deadlock,0,9,11
train_004570,goal_drift,0,2,2
train_004571,dropped_handoff,1,5,32
train_004572,clean,1,36,-1
train_004573,conflict,0,8,9
train_004574,conflict,0,25,12
train_004575,clean,1,66,-1
train_004576,clean,1,39,-1
train_004577,clean,1,81,-1
train_004578,deadlock,0,12,7
train_004579,conflict,0,15,16
train_004580,goal_drift,0,1,1
train_004581,clean,1,55,-1
train_004582,conflict,0,26,7
train_004583,conflict,0,15,17
train_004584,conflict,0,33,21
train_004585,goal_drift,0,0,2
train_004586,runaway_loop,1,2,1
train_004587,runaway_loop,0,4,2
train_004588,conflict,1,42,44
train_004589,clean,1,48,-1
train_004590,deadlock,0,10,9
train_004591,clean,1,25,-1
train_004592,clean,1,35,-1
train_004593,clean,1,65,-1
train_004594,clean,1,89,-1
train_004595,duplicated_work,0,51,53
train_004596,deadlock,0,7,5
train_004597,clean,1,43,-1
train_004598,clean,1,54,-1
train_004599,dropped_handoff,0,16,10
train_004600,clean,1,46,-1
train_004601,clean,1,39,-1
train_004602,goal_drift,0,5,5
train_004603,clean,1,19,-1
train_004604,clean,1,30,-1
train_004605,runaway_loop,1,1,1
train_004606,runaway_loop,1,0,1
train_004607,clean,1,37,-1
train_004608,goal_drift,0,0,1
train_004609,clean,0,45,-1
train_004610,conflict,1,29,22
train_004611,clean,1,24,-1
train_004612,dropped_handoff,0,1,13
train_004613,clean,1,29,-1
train_004614,clean,1,27,-1
train_004615,dropped_handoff,0,1,6
train_004616,goal_drift,0,9,11
train_004617,dropped_handoff,0,9,3
train_004618,dropped_handoff,0,3,12
train_004619,clean,1,50,-1
train_004620,clean,0,52,-1
train_004621,duplicated_work,0,14,12
train_004622,goal_drift,0,1,0
train_004623,duplicated_work,0,26,25
train_004624,duplicated_work,0,26,28
train_004625,runaway_loop,0,2,3
train_004626,goal_drift,0,2,1
train_004627,goal_drift,0,0,1
train_004628,goal_drift,0,42,41
train_004629,clean,0,37,-1
train_004630,conflict,0,16,15
train_004631,dropped_handoff,0,7,11
train_004632,goal_drift,0,4,13
train_004633,clean,1,61,-1
train_004634,deadlock,0,1,0
train_004635,clean,1,15,-1
train_004636,duplicated_work,1,36,36
train_004637,runaway_loop,0,0,0
train_004638,runaway_loop,0,3,4
train_004639,conflict,0,49,47
train_004640,runaway_loop,0,2,1
train_004641,clean,1,18,-1
train_004642,goal_drift,0,4,6
train_004643,dropped_handoff,0,13,13
train_004644,clean,1,45,-1
train_004645,clean,1,24,-1
train_004646,clean,1,35,-1
train_004647,clean,1,59,-1
train_004648,clean,0,29,-1
train_004649,clean,1,33,-1
train_004650,deadlock,0,6,0
train_004651,clean,1,26,-1
train_004652,dropped_handoff,0,23,18
train_004653,goal_drift,0,2,1
train_004654,deadlock,0,7,9
train_004655,deadlock,0,7,11
train_004656,clean,1,55,-1
train_004657,conflict,0,46,47
train_004658,conflict,0,17,18
train_004659,duplicated_work,1,18,18
train_004660,clean,1,34,-1
train_004661,deadlock,0,0,0
train_004662,clean,1,38,-1
train_004663,duplicated_work,0,48,47
train_004664,clean,1,41,-1
train_004665,runaway_loop,0,2,1
train_004666,conflict,1,48,46
train_004667,duplicated_work,1,52,54
train_004668,clean,0,72,-1
train_004669,dropped_handoff,1,3,19
train_004670,clean,1,39,-1
train_004671,clean,1,18,-1
train_004672,clean,1,16,-1
train_004673,goal_drift,0,1,3
train_004674,duplicated_work,0,28,26
train_004675,goal_drift,1,0,1
train_004676,runaway_loop,1,2,2
train_004677,clean,1,29,-1
train_004678,deadlock,0,3,5
train_004679,clean,1,24,-1
train_004680,clean,1,33,-1
train_004681,runaway_loop,1,0,0
train_004682,clean,1,44,-1
train_004683,conflict,1,19,11
train_004684,clean,1,23,-1
train_004685,clean,1,50,-1
train_004686,clean,1,19,-1
train_004687,conflict,0,15,14
train_004688,clean,1,37,-1
train_004689,clean,1,19,-1
train_004690,goal_drift,0,2,2
train_004691,duplicated_work,0,17,16
train_004692,conflict,1,24,26
train_004693,clean,1,40,-1
train_004694,duplicated_work,0,11,13
train_004695,duplicated_work,1,19,19
train_004696,deadlock,0,4,6
train_004697,clean,0,27,-1
train_004698,deadlock,0,5,7
train_004699,dropped_handoff,0,11,20
train_004700,clean,0,52,-1
train_004701,deadlock,0,2,4
train_004702,clean,1,65,-1
train_004703,conflict,0,17,18
train_004704,clean,1,69,-1
train_004705,dropped_handoff,0,2,2
train_004706,dropped_handoff,0,4,9
train_004707,conflict,0,21,30
train_004708,deadlock,0,10,11
train_004709,deadlock,0,1,3
train_004710,deadlock,0,2,0
train_004711,runaway_loop,0,1,0
train_004712,goal_drift,1,6,3
train_004713,clean,1,79,-1
train_004714,duplicated_work,1,43,41
train_004715,clean,1,32,-1
train_004716,clean,1,59,-1
train_004717,runaway_loop,1,0,2
train_004718,clean,1,36,-1
train_004719,runaway_loop,0,2,4
train_004720,duplicated_work,1,20,20
train_004721,clean,1,89,-1
train_004722,clean,1,47,-1
train_004723,clean,1,46,-1
train_004724,clean,1,33,-1
train_004725,deadlock,0,0,0
train_004726,goal_drift,0,1,0
train_004727,clean,1,104,-1
train_004728,clean,1,43,-1
train_004729,deadlock,0,2,1
train_004730,duplicated_work,1,29,31
train_004731,runaway_loop,0,2,3
train_004732,duplicated_work,1,20,22
train_004733,deadlock,0,11,10
train_004734,dropped_handoff,0,4,6
train_004735,duplicated_work,0,21,18
train_004736,deadlock,0,4,10
train_004737,duplicated_work,1,21,23
train_004738,conflict,0,17,19
train_004739,runaway_loop,0,4,5
train_004740,duplicated_work,1,20,22
train_004741,conflict,1,8,10
train_004742,clean,1,32,-1
train_004743,duplicated_work,1,50,50
train_004744,clean,1,19,-1
train_004745,clean,1,33,-1
train_004746,runaway_loop,0,1,0
train_004747,clean,1,23,-1
train_004748,clean,1,32,-1
train_004749,clean,1,32,-1
train_004750,conflict,1,8,8
train_004751,clean,0,87,-1
train_004752,clean,0,32,-1
train_004753,clean,1,53,-1
train_004754,goal_drift,0,3,5
train_004755,clean,1,43,-1
train_004756,clean,1,21,-1
train_004757,conflict,0,19,21
train_004758,duplicated_work,1,22,20
train_004759,duplicated_work,0,16,18
train_004760,clean,1,26,-1
train_004761,conflict,0,24,14
train_004762,clean,0,25,-1
train_004763,goal_drift,0,6,18
train_004764,clean,1,78,-1
train_004765,clean,1,36,-1
train_004766,conflict,0,34,28
train_004767,goal_drift,0,1,23
train_004768,clean,1,14,-1
train_004769,dropped_handoff,0,8,5
train_004770,deadlock,0,0,0
train_004771,conflict,0,7,25
train_004772,conflict,1,25,24
train_004773,clean,1,24,-1
train_004774,goal_drift,1,2,13
train_004775,goal_drift,0,2,3
train_004776,goal_drift,0,3,3
train_004777,goal_drift,0,2,13
train_004778,goal_drift,0,13,12
train_004779,runaway_loop,0,5,1
train_004780,dropped_handoff,1,5,39
train_004781,clean,1,32,-1
train_004782,clean,1,55,-1
train_004783,dropped_handoff,0,5,5
train_004784,deadlock,0,13,5
train_004785,clean,1,48,-1
train_004786,deadlock,0,5,15
train_004787,clean,1,38,-1
train_004788,runaway_loop,1,15,15
train_004789,conflict,0,23,21
train_004790,clean,1,23,-1
train_004791,deadlock,0,5,5
train_004792,clean,1,33,-1
train_004793,clean,1,33,-1
train_004794,clean,1,29,-1
train_004795,clean,1,29,-1
train_004796,clean,1,40,-1
train_004797,dropped_handoff,1,2,1
train_004798,clean,1,19,-1
train_004799,dropped_handoff,1,0,11
train_004800,clean,1,43,-1
train_004801,conflict,0,10,18
train_004802,goal_drift,0,17,25
train_004803,conflict,0,17,19
train_004804,dropped_handoff,0,11,11
train_004805,runaway_loop,0,7,7
train_004806,clean,1,77,-1
train_004807,runaway_loop,0,2,0
train_004808,conflict,0,40,41
train_004809,deadlock,0,6,5
train_004810,clean,1,12,-1
train_004811,deadlock,0,3,3
train_004812,goal_drift,0,19,21
train_004813,conflict,0,17,17
train_004814,deadlock,0,6,5
train_004815,runaway_loop,0,1,0
train_004816,goal_drift,0,9,10
train_004817,clean,1,28,-1
train_004818,deadlock,0,0,2
train_004819,duplicated_work,1,29,27
train_004820,clean,1,36,-1
train_004821,conflict,0,20,21
train_004822,conflict,0,6,6
train_004823,duplicated_work,0,15,13
train_004824,conflict,0,21,10
train_004825,goal_drift,0,3,1
train_004826,conflict,0,24,10
train_004827,clean,1,79,-1
train_004828,goal_drift,0,2,4
train_004829,runaway_loop,0,7,0
train_004830,deadlock,0,6,11
train_004831,deadlock,0,8,8
train_004832,clean,1,43,-1
train_004833,clean,1,52,-1
train_004834,runaway_loop,0,6,8
train_004835,goal_drift,0,1,0
train_004836,clean,1,31,-1
train_004837,runaway_loop,0,3,17
train_004838,dropped_handoff,0,2,3
train_004839,clean,1,46,-1
train_004840,deadlock,0,3,5
train_004841,conflict,0,11,13
train_004842,deadlock,0,2,0
train_004843,conflict,1,13,12
train_004844,goal_drift,0,5,3
train_004845,conflict,0,28,26
train_004846,runaway_loop,0,1,1
train_004847,goal_drift,0,2,7
train_004848,conflict,0,21,23
train_004849,conflict,0,2,2
train_004850,dropped_handoff,1,27,9
train_004851,goal_drift,0,14,0
train_004852,goal_drift,0,7,17
train_004853,conflict,0,15,17
train_004854,duplicated_work,0,41,40
train_004855,deadlock,0,6,8
train_004856,deadlock,0,4,6
train_004857,conflict,0,25,20
train_004858,conflict,1,26,24
train_004859,conflict,0,51,52
train_004860,duplicated_work,0,30,29
train_004861,goal_drift,1,6,4
train_004862,duplicated_work,1,31,33
train_004863,clean,1,30,-1
train_004864,clean,1,13,-1
train_004865,duplicated_work,1,41,27
train_004866,duplicated_work,0,40,40
train_004867,runaway_loop,0,3,5
train_004868,clean,1,57,-1
train_004869,duplicated_work,1,17,19
train_004870,clean,1,66,-1
train_004871,deadlock,0,13,15
train_004872,clean,1,44,-1
train_004873,conflict,0,10,11
train_004874,deadlock,0,9,8
train_004875,deadlock,0,9,21
train_004876,duplicated_work,0,11,8
train_004877,dropped_handoff,0,5,9
train_004878,clean,1,12,-1
train_004879,runaway_loop,1,0,5
train_004880,goal_drift,0,0,7
train_004881,clean,1,26,-1
train_004882,clean,1,19,-1
train_004883,clean,1,36,-1
train_004884,clean,1,37,-1
train_004885,conflict,1,77,30
train_004886,clean,0,16,-1
train_004887,clean,1,28,-1
train_004888,clean,0,62,-1
train_004889,goal_drift,0,2,10
train_004890,goal_drift,0,3,9
train_004891,conflict,0,13,15
train_004892,conflict,0,16,17
train_004893,conflict,0,10,12
train_004894,runaway_loop,0,5,3
train_004895,clean,1,35,-1
train_004896,clean,1,17,-1
train_004897,clean,1,24,-1
train_004898,goal_drift,0,3,1
train_004899,goal_drift,0,0,19
train_004900,clean,1,20,-1
train_004901,runaway_loop,1,6,11
train_004902,deadlock,0,7,5
train_004903,clean,1,39,-1
train_004904,goal_drift,1,0,2
train_004905,duplicated_work,1,51,52
train_004906,clean,1,22,-1
train_004907,conflict,1,22,21
train_004908,deadlock,0,7,8
train_004909,duplicated_work,1,47,49
train_004910,runaway_loop,1,0,5
train_004911,deadlock,0,10,12
train_004912,dropped_handoff,0,2,4
train_004913,deadlock,0,4,2
train_004914,duplicated_work,1,28,33
train_004915,deadlock,0,4,3
train_004916,goal_drift,0,2,4
train_004917,clean,1,31,-1
train_004918,deadlock,0,29,16
train_004919,goal_drift,0,4,20
train_004920,runaway_loop,0,0,0
train_004921,goal_drift,1,5,7
train_004922,dropped_handoff,0,10,10
train_004923,conflict,0,22,22
train_004924,clean,1,27,-1
train_004925,conflict,0,18,19
train_004926,runaway_loop,0,2,4
train_004927,deadlock,0,1,0
train_004928,clean,1,57,-1
train_004929,clean,1,19,-1
train_004930,clean,1,22,-1
train_004931,clean,1,56,-1
train_004932,clean,1,56,-1
train_004933,duplicated_work,0,29,39
train_004934,duplicated_work,0,17,19
train_004935,runaway_loop,0,3,23
train_004936,clean,1,38,-1
train_004937,clean,1,37,-1
train_004938,clean,1,27,-1
train_004939,clean,1,27,-1
train_004940,dropped_handoff,0,24,32
train_004941,duplicated_work,0,16,16
train_004942,goal_drift,0,7,6
train_004943,duplicated_work,1,50,52
train_004944,deadlock,0,36,38
train_004945,goal_drift,0,1,3
train_004946,runaway_loop,0,4,34
train_004947,clean,0,44,-1
train_004948,deadlock,0,5,7
train_004949,duplicated_work,0,24,25
train_004950,clean,1,59,-1
train_004951,runaway_loop,1,3,2
train_004952,deadlock,0,1,2
train_004953,duplicated_work,1,36,38
train_004954,clean,1,37,-1
train_004955,clean,1,37,-1
train_004956,clean,1,84,-1
train_004957,goal_drift,0,2,1
train_004958,goal_drift,0,1,0
train_004959,dropped_handoff,1,6,7
train_004960,clean,1,59,-1
train_004961,clean,1,50,-1
train_004962,conflict,1,12,14
train_004963,goal_drift,0,4,4
train_004964,deadlock,0,5,10
train_004965,conflict,0,13,14
train_004966,runaway_loop,0,8,1
train_004967,conflict,0,21,23
train_004968,clean,1,65,-1
train_004969,goal_drift,0,1,37
train_004970,clean,1,23,-1
train_004971,runaway_loop,0,3,1
train_004972,clean,1,57,-1
train_004973,dropped_handoff,0,11,11
train_004974,conflict,0,30,40
train_004975,dropped_handoff,0,3,7
train_004976,runaway_loop,0,0,14
train_004977,runaway_loop,1,2,13
train_004978,duplicated_work,1,16,9
train_004979,deadlock,0,0,7
train_004980,dropped_handoff,1,2,29
train_004981,duplicated_work,1,15,17
train_004982,runaway_loop,0,4,3
train_004983,deadlock,0,2,4
train_004984,duplicated_work,1,37,37
train_004985,runaway_loop,0,3,12
train_004986,clean,1,48,-1
train_004987,conflict,0,21,20
train_004988,dropped_handoff,0,15,13
train_004989,dropped_handoff,0,4,5
train_004990,clean,1,28,-1
train_004991,clean,1,47,-1
train_004992,conflict,0,69,40
train_004993,duplicated_work,0,33,34
train_004994,clean,1,29,-1
train_004995,deadlock,0,1,1
train_004996,clean,1,59,-1
train_004997,duplicated_work,0,11,13
train_004998,clean,1,32,-1
train_004999,deadlock,0,8,32
train_005000,dropped_handoff,1,10,19
train_005001,goal_drift,0,4,2
train_005002,runaway_loop,1,3,4
train_005003,clean,1,49,-1
train_005004,clean,1,23,-1
train_005005,duplicated_work,0,38,39
train_005006,deadlock,0,7,5
train_005007,conflict,1,16,15
train_005008,conflict,1,12,13
train_005009,deadlock,0,2,0
train_005010,runaway_loop,0,1,2
train_005011,dropped_handoff,1,37,3
train_005012,deadlock,0,4,13
train_005013,goal_drift,0,2,8
train_005014,deadlock,0,1,2
train_005015,clean,1,45,-1
train_005016,clean,1,23,-1
train_005017,deadlock,0,2,0
train_005018,duplicated_work,1,19,20
train_005019,clean,1,20,-1
train_005020,dropped_handoff,1,6,1
train_005021,clean,1,45,-1
train_005022,dropped_handoff,0,1,3
train_005023,clean,1,22,-1
train_005024,deadlock,0,2,1
train_005025,duplicated_work,0,7,9
train_005026,conflict,1,6,8
train_005027,deadlock,0,8,0
train_005028,deadlock,0,5,11
train_005029,clean,1,37,-1
train_005030,deadlock,1,0,0
train_005031,clean,1,53,-1
train_005032,conflict,0,22,22
train_005033,clean,1,28,-1
train_005034,dropped_handoff,0,18,8
train_005035,dropped_handoff,0,2,8
train_005036,deadlock,0,3,4
train_005037,goal_drift,0,11,10
train_005038,goal_drift,1,3,8
train_005039,clean,1,44,-1
train_005040,conflict,0,5,7
train_005041,conflict,0,33,35
train_005042,dropped_handoff,0,1,2
train_005043,clean,1,47,-1
train_005044,goal_drift,0,2,2
train_005045,deadlock,0,1,3
train_005046,clean,1,30,-1
train_005047,duplicated_work,1,25,27
train_005048,clean,1,41,-1
train_005049,runaway_loop,0,4,2
train_005050,runaway_loop,0,1,1
train_005051,conflict,1,29,30
train_005052,conflict,0,26,3
train_005053,clean,1,27,-1
train_005054,conflict,0,17,17
train_005055,goal_drift,0,2,0
train_005056,clean,1,29,-1
train_005057,runaway_loop,0,2,9
train_005058,goal_drift,0,0,8
train_005059,dropped_handoff,0,22,19
train_005060,deadlock,0,0,0
train_005061,deadlock,0,3,3
train_005062,runaway_loop,0,13,13
train_005063,clean,1,25,-1
train_005064,goal_drift,0,10,10
train_005065,duplicated_work,0,29,35
train_005066,goal_drift,1,6,20
train_005067,runaway_loop,0,4,3
train_005068,runaway_loop,0,0,0
train_005069,deadlock,0,5,7
train_005070,clean,1,67,-1
train_005071,clean,0,29,-1
train_005072,goal_drift,0,4,10
train_005073,clean,0,39,-1
train_005074,clean,1,39,-1
train_005075,goal_drift,1,10,8
train_005076,runaway_loop,0,2,0
train_005077,clean,0,81,-1
train_005078,clean,1,31,-1
train_005079,deadlock,0,1,1
train_005080,duplicated_work,0,32,31
train_005081,deadlock,0,2,4
train_005082,runaway_loop,0,2,0
train_005083,runaway_loop,0,1,5
train_005084,clean,1,80,-1
train_005085,clean,1,36,-1
train_005086,runaway_loop,1,1,2
train_005087,deadlock,0,2,4
train_005088,deadlock,0,1,0
train_005089,clean,1,32,-1
train_005090,deadlock,0,25,27
train_005091,duplicated_work,1,39,41
train_005092,conflict,0,45,13
train_005093,duplicated_work,0,34,36
train_005094,clean,1,52,-1
train_005095,clean,1,50,-1
train_005096,clean,1,64,-1
train_005097,deadlock,0,4,4
train_005098,clean,1,26,-1
train_005099,clean,1,23,-1
train_005100,clean,1,21,-1
train_005101,conflict,1,22,22
train_005102,runaway_loop,0,2,0
train_005103,clean,1,43,-1
train_005104,conflict,0,18,20
train_005105,goal_drift,0,11,1
train_005106,clean,1,53,-1
train_005107,conflict,0,15,13
train_005108,conflict,0,35,33
train_005109,clean,1,24,-1
train_005110,clean,1,20,-1
train_005111,goal_drift,0,0,1
train_005112,clean,1,38,-1
train_005113,runaway_loop,1,4,0
train_005114,dropped_handoff,1,9,10
train_005115,clean,1,50,-1
train_005116,runaway_loop,1,0,1
train_005117,duplicated_work,1,21,20
train_005118,conflict,1,25,18
train_005119,clean,1,41,-1
train_005120,conflict,0,26,26
train_005121,duplicated_work,1,22,49
train_005122,deadlock,0,0,0
train_005123,conflict,1,12,16
train_005124,runaway_loop,1,2,0
train_005125,goal_drift,0,2,12
train_005126,runaway_loop,0,3,1
train_005127,clean,1,41,-1
train_005128,conflict,1,71,50
train_005129,conflict,1,23,10
train_005130,goal_drift,0,3,2
train_005131,duplicated_work,1,32,29
train_005132,clean,1,41,-1
train_005133,deadlock,0,5,6
train_005134,clean,1,20,-1
train_005135,clean,1,62,-1
train_005136,goal_drift,0,6,12
train_005137,clean,1,26,-1
train_005138,clean,1,49,-1
train_005139,deadlock,0,4,14
train_005140,conflict,0,10,10
train_005141,conflict,1,16,14
train_005142,goal_drift,0,12,15
train_005143,clean,1,32,-1
train_005144,dropped_handoff,0,12,12
train_005145,duplicated_work,1,9,11
train_005146,runaway_loop,0,2,6
train_005147,clean,1,23,-1
train_005148,goal_drift,0,2,15
train_005149,clean,1,64,-1
train_005150,duplicated_work,1,41,39
train_005151,clean,1,46,-1
train_005152,dropped_handoff,0,7,16
train_005153,runaway_loop,0,0,4
train_005154,dropped_handoff,0,16,3
train_005155,deadlock,0,0,2
train_005156,conflict,0,27,25
train_005157,goal_drift,0,2,4
train_005158,conflict,0,22,24
train_005159,clean,1,52,-1
train_005160,dropped_handoff,0,12,3
train_005161,conflict,0,62,7
train_005162,clean,1,31,-1
train_005163,conflict,1,34,21
train_005164,deadlock,0,0,2
train_005165,clean,1,58,-1
train_005166,duplicated_work,1,58,57
train_005167,goal_drift,1,7,6
train_005168,runaway_loop,0,3,11
train_005169,clean,1,40,-1
train_005170,deadlock,0,6,3
train_005171,clean,1,32,-1
train_005172,dropped_handoff,0,6,7
train_005173,clean,1,18,-1
train_005174,conflict,1,34,35
train_005175,dropped_handoff,0,1,3
train_005176,clean,1,27,-1
train_005177,goal_drift,0,5,4
train_005178,clean,1,87,-1
train_005179,dropped_handoff,0,4,0
train_005180,deadlock,0,18,16
train_005181,conflict,0,16,30
train_005182,conflict,0,21,7
train_005183,duplicated_work,0,71,56
train_005184,dropped_handoff,0,1,4
train_005185,runaway_loop,0,2,0
train_005186,clean,1,30,-1
train_005187,goal_drift,0,10,12
train_005188,duplicated_work,1,43,51
train_005189,conflict,0,17,17
train_005190,goal_drift,0,8,6
train_005191,clean,1,56,-1
train_005192,goal_drift,0,10,11
train_005193,conflict,0,8,6
train_005194,dropped_handoff,0,20,18
train_005195,clean,1,56,-1
train_005196,clean,1,39,-1
train_005197,goal_drift,0,8,0
train_005198,duplicated_work,1,21,22
train_005199,clean,1,33,-1
train_005200,clean,1,94,-1
train_005201,clean,1,40,-1
train_005202,clean,1,21,-1
train_005203,clean,1,30,-1
train_005204,clean,1,53,-1
train_005205,runaway_loop,0,5,3
train_005206,dropped_handoff,0,8,3
train_005207,clean,1,54,-1
train_005208,clean,1,40,-1
train_005209,goal_drift,0,7,9
train_005210,goal_drift,0,2,12
train_005211,clean,1,29,-1
train_005212,runaway_loop,0,1,0
train_005213,deadlock,0,4,2
train_005214,clean,1,47,-1
train_005215,deadlock,0,8,42
train_005216,clean,1,63,-1
train_005217,clean,1,33,-1
train_005218,deadlock,0,2,1
train_005219,conflict,0,4,19
train_005220,conflict,0,15,22
train_005221,dropped_handoff,0,2,0
train_005222,conflict,0,7,8
train_005223,goal_drift,0,4,7
train_005224,deadlock,0,12,11
train_005225,clean,1,21,-1
train_005226,conflict,0,17,18
train_005227,clean,0,53,-1
train_005228,conflict,1,5,6
train_005229,conflict,1,15,15
train_005230,runaway_loop,0,1,0
train_005231,clean,1,42,-1
train_005232,conflict,0,25,10
train_005233,goal_drift,0,4,2
train_005234,clean,1,42,-1
train_005235,duplicated_work,1,46,44
train_005236,deadlock,0,12,10
train_005237,clean,1,124,-1
train_005238,goal_drift,0,2,0
train_005239,conflict,1,8,7
train_005240,clean,1,55,-1
train_005241,dropped_handoff,0,21,23
train_005242,duplicated_work,1,48,46
train_005243,deadlock,0,6,8
train_005244,duplicated_work,1,54,33
train_005245,conflict,1,50,4
train_005246,clean,1,27,-1
train_005247,clean,1,53,-1
train_005248,runaway_loop,0,1,0
train_005249,duplicated_work,0,46,48
train_005250,clean,1,55,-1
train_005251,clean,0,50,-1
train_005252,duplicated_work,1,10,10
train_005253,clean,1,102,-1
train_005254,goal_drift,0,4,13
train_005255,clean,1,20,-1
train_005256,deadlock,0,8,16
train_005257,clean,1,50,-1
train_005258,duplicated_work,1,31,29
train_005259,goal_drift,0,0,2
train_005260,goal_drift,0,0,1
train_005261,duplicated_work,1,37,54
train_005262,duplicated_work,1,37,29
train_005263,goal_drift,0,3,4
train_005264,clean,1,27,-1
train_005265,duplicated_work,1,31,11
train_005266,deadlock,0,6,10
train_005267,runaway_loop,0,2,0
train_005268,clean,1,52,-1
train_005269,clean,1,26,-1
train_005270,runaway_loop,0,2,0
train_005271,conflict,0,14,13
train_005272,clean,1,52,-1
train_005273,deadlock,0,4,2
train_005274,clean,0,53,-1
train_005275,dropped_handoff,1,9,12
train_005276,duplicated_work,1,18,23
train_005277,deadlock,0,1,1
train_005278,clean,1,41,-1
train_005279,clean,1,39,-1
train_005280,deadlock,0,3,5
train_005281,conflict,1,52,34
train_005282,deadlock,0,0,0
train_005283,duplicated_work,0,14,16
train_005284,clean,1,21,-1
train_005285,duplicated_work,1,30,32
train_005286,deadlock,0,1,1
train_005287,goal_drift,0,5,12
train_005288,dropped_handoff,0,14,17
train_005289,runaway_loop,1,0,20
train_005290,clean,1,97,-1
train_005291,duplicated_work,1,50,44
train_005292,dropped_handoff,0,10,5
train_005293,runaway_loop,0,2,0
train_005294,runaway_loop,0,2,15
train_005295,clean,1,109,-1
train_005296,duplicated_work,0,23,22
train_005297,dropped_handoff,0,6,0
train_005298,conflict,0,14,13
train_005299,duplicated_work,0,66,66
train_005300,goal_drift,0,10,22
train_005301,dropped_handoff,0,1,1
train_005302,clean,1,24,-1
train_005303,goal_drift,0,2,34
train_005304,goal_drift,0,9,0
train_005305,deadlock,0,2,1
train_005306,runaway_loop,1,1,0
train_005307,clean,1,33,-1
train_005308,deadlock,0,7,19
train_005309,clean,1,66,-1
train_005310,clean,1,42,-1
train_005311,conflict,0,14,12
train_005312,clean,1,88,-1
train_005313,clean,1,44,-1
train_005314,goal_drift,0,4,0
train_005315,clean,1,25,-1
train_005316,clean,1,35,-1
train_005317,clean,1,34,-1
train_005318,goal_drift,0,2,29
train_005319,goal_drift,0,6,5
train_005320,conflict,1,35,23
train_005321,duplicated_work,0,54,56
train_005322,conflict,0,12,12
train_005323,dropped_handoff,0,2,47
train_005324,clean,1,68,-1
train_005325,clean,1,41,-1
train_005326,clean,1,18,-1
train_005327,clean,1,51,-1
train_005328,deadlock,0,3,1
train_005329,deadlock,0,3,5
train_005330,dropped_handoff,0,24,17
train_005331,deadlock,0,0,0
train_005332,goal_drift,0,13,19
train_005333,conflict,0,17,15
train_005334,conflict,1,13,12
train_005335,duplicated_work,1,69,55
train_005336,conflict,0,16,16
train_005337,duplicated_work,1,23,24
train_005338,duplicated_work,0,55,55
train_005339,deadlock,0,11,5
train_005340,duplicated_work,1,34,32
train_005341,goal_drift,0,9,1
train_005342,clean,1,26,-1
train_005343,duplicated_work,0,32,30
train_005344,goal_drift,0,17,16
train_005345,dropped_handoff,0,5,5
train_005346,duplicated_work,0,45,47
train_005347,conflict,1,9,11
train_005348,clean,1,19,-1
train_005349,runaway_loop,0,2,1
train_005350,goal_drift,0,1,0
train_005351,deadlock,0,9,11
train_005352,deadlock,0,2,0
train_005353,clean,1,51,-1
train_005354,clean,1,23,-1
train_005355,dropped_handoff,0,2,7
train_005356,conflict,1,17,16
train_005357,clean,1,63,-1
train_005358,deadlock,0,8,8
train_005359,conflict,0,6,6
train_005360,dropped_handoff,0,5,5
train_005361,goal_drift,0,3,9
train_005362,runaway_loop,0,3,6
train_005363,conflict,0,41,40
train_005364,runaway_loop,0,2,0
train_005365,conflict,0,5,4
train_005366,conflict,0,42,43
train_005367,clean,1,54,-1
train_005368,dropped_handoff,0,5,1
train_005369,deadlock,0,11,12
train_005370,clean,1,54,-1
train_005371,deadlock,0,8,32
train_005372,duplicated_work,0,28,28
train_005373,clean,1,50,-1
train_005374,conflict,0,11,9
train_005375,deadlock,0,3,1
train_005376,conflict,1,21,23
train_005377,duplicated_work,0,19,21
train_005378,conflict,0,22,14
train_005379,clean,1,32,-1
train_005380,deadlock,0,15,14
train_005381,runaway_loop,1,2,3
train_005382,clean,1,50,-1
train_005383,runaway_loop,0,2,0
train_005384,goal_drift,0,0,0
train_005385,clean,1,53,-1
train_005386,duplicated_work,1,21,23
train_005387,duplicated_work,1,21,18
train_005388,clean,1,18,-1
train_005389,clean,1,47,-1
train_005390,clean,1,36,-1
train_005391,conflict,1,14,15
train_005392,clean,1,56,-1
train_005393,conflict,0,7,9
train_005394,conflict,0,10,9
train_005395,runaway_loop,1,1,0
train_005396,clean,1,23,-1
train_005397,duplicated_work,1,52,29
train_005398,duplicated_work,1,37,35
train_005399,conflict,1,65,56
train_005400,runaway_loop,1,2,0
train_005401,runaway_loop,0,1,0
train_005402,dropped_handoff,0,5,0
train_005403,conflict,0,12,10
train_005404,clean,1,15,-1
train_005405,clean,1,29,-1
train_005406,deadlock,0,9,7
train_005407,deadlock,0,2,3
train_005408,conflict,1,11,9
train_005409,dropped_handoff,0,25,34
train_005410,runaway_loop,0,0,0
train_005411,deadlock,0,14,14
train_005412,goal_drift,0,2,0
train_005413,duplicated_work,0,34,15
train_005414,clean,1,34,-1
train_005415,dropped_handoff,0,2,9
train_005416,dropped_handoff,0,2,23
train_005417,clean,1,51,-1
train_005418,clean,1,27,-1
train_005419,goal_drift,1,0,1
train_005420,deadlock,0,4,6
train_005421,clean,1,36,-1
train_005422,deadlock,0,6,8
train_005423,clean,1,45,-1
train_005424,goal_drift,0,3,5
train_005425,conflict,0,7,8
train_005426,duplicated_work,1,48,50
train_005427,dropped_handoff,1,2,1
train_005428,goal_drift,1,5,6
train_005429,goal_drift,0,12,11
train_005430,clean,1,30,-1
train_005431,conflict,0,20,18
train_005432,deadlock,0,0,0
train_005433,dropped_handoff,0,3,3
train_005434,runaway_loop,0,1,0
train_005435,runaway_loop,0,0,0
train_005436,clean,1,16,-1
train_005437,duplicated_work,1,43,41
train_005438,dropped_handoff,0,7,5
train_005439,clean,1,52,-1
train_005440,deadlock,0,6,0
train_005441,clean,1,60,-1
train_005442,runaway_loop,0,4,3
train_005443,goal_drift,0,3,36
train_005444,goal_drift,0,4,2
train_005445,clean,1,29,-1
train_005446,duplicated_work,1,50,43
train_005447,runaway_loop,1,6,4
train_005448,deadlock,1,0,2
train_005449,goal_drift,0,2,8
train_005450,clean,1,14,-1
train_005451,conflict,0,29,4
train_005452,duplicated_work,1,30,28
train_005453,clean,1,48,-1
train_005454,conflict,1,21,20
train_005455,goal_drift,0,3,4
train_005456,clean,1,29,-1
train_005457,conflict,0,44,45
train_005458,goal_drift,0,2,13
train_005459,duplicated_work,0,34,35
train_005460,runaway_loop,1,1,2
train_005461,runaway_loop,0,7,6
train_005462,clean,1,77,-1
train_005463,clean,0,60,-1
train_005464,deadlock,0,2,0
train_005465,dropped_handoff,0,4,2
train_005466,conflict,0,39,12
train_005467,duplicated_work,0,12,13
train_005468,runaway_loop,0,2,6
train_005469,clean,1,13,-1
train_005470,runaway_loop,0,0,1
train_005471,clean,1,44,-1
train_005472,goal_drift,0,2,1
train_005473,clean,1,34,-1
train_005474,goal_drift,0,2,2
train_005475,conflict,1,32,34
train_005476,clean,1,35,-1
train_005477,conflict,1,36,37
train_005478,goal_drift,0,3,2
train_005479,clean,1,43,-1
train_005480,conflict,1,24,10
train_005481,deadlock,0,4,6
train_005482,clean,1,70,-1
train_005483,clean,1,60,-1
train_005484,dropped_handoff,0,9,18
train_005485,clean,1,20,-1
train_005486,clean,1,39,-1
train_005487,clean,1,31,-1
train_005488,clean,1,19,-1
train_005489,runaway_loop,0,0,2
train_005490,clean,1,50,-1
train_005491,conflict,1,10,8
train_005492,clean,1,30,-1
train_005493,deadlock,0,3,0
train_005494,conflict,0,19,18
train_005495,conflict,1,16,15
train_005496,deadlock,0,4,6
train_005497,dropped_handoff,0,3,2
train_005498,runaway_loop,0,2,0
train_005499,clean,1,38,-1
train_005500,deadlock,0,2,1
train_005501,runaway_loop,0,2,3
train_005502,conflict,0,5,7
train_005503,dropped_handoff,0,9,26
train_005504,clean,1,49,-1
train_005505,deadlock,0,0,2
train_005506,conflict,1,14,13
train_005507,clean,0,32,-1
train_005508,clean,1,17,-1
train_005509,conflict,1,14,14
train_005510,clean,1,62,-1
train_005511,runaway_loop,0,0,0
train_005512,clean,1,46,-1
train_005513,runaway_loop,1,4,3
train_005514,deadlock,1,6,5
train_005515,runaway_loop,0,2,1
train_005516,clean,1,67,-1
train_005517,runaway_loop,0,6,6
train_005518,deadlock,0,0,0
train_005519,conflict,1,27,21
train_005520,goal_drift,0,1,2
train_005521,dropped_handoff,1,3,4
train_005522,dropped_handoff,0,4,1
train_005523,duplicated_work,1,51,53
train_005524,deadlock,0,0,2
train_005525,conflict,0,43,44
train_005526,clean,1,23,-1
train_005527,conflict,0,61,59
train_005528,goal_drift,0,4,20
train_005529,clean,1,28,-1
train_005530,clean,1,23,-1
train_005531,deadlock,1,2,3
train_005532,duplicated_work,1,33,34
train_005533,deadlock,0,1,1
train_005534,conflict,1,25,18
train_005535,goal_drift,0,7,9
train_005536,runaway_loop,0,4,1
train_005537,dropped_handoff,0,5,20
train_005538,goal_drift,0,1,3
train_005539,clean,1,39,-1
train_005540,clean,1,39,-1
train_005541,conflict,0,20,20
train_005542,goal_drift,0,1,2
train_005543,conflict,1,25,26
train_005544,deadlock,0,0,2
train_005545,deadlock,0,6,5
train_005546,goal_drift,0,5,4
train_005547,conflict,0,20,22
train_005548,clean,1,19,-1
train_005549,conflict,0,15,14
train_005550,conflict,0,24,23
train_005551,clean,1,21,-1
train_005552,clean,1,32,-1
train_005553,clean,1,48,-1
train_005554,duplicated_work,1,27,30
train_005555,duplicated_work,1,30,32
train_005556,duplicated_work,1,38,33
train_005557,dropped_handoff,0,9,12
train_005558,dropped_handoff,0,3,4
train_005559,duplicated_work,1,17,18
train_005560,clean,1,37,-1
train_005561,clean,1,35,-1
train_005562,clean,0,41,-1
train_005563,goal_drift,0,17,15
train_005564,deadlock,0,5,3
train_005565,clean,0,60,-1
train_005566,deadlock,0,7,5
train_005567,runaway_loop,1,0,1
train_005568,deadlock,0,0,0
train_005569,clean,1,36,-1
train_005570,conflict,0,21,8
train_005571,clean,1,20,-1
train_005572,runaway_loop,1,1,3
train_005573,clean,1,46,-1
train_005574,runaway_loop,0,1,5
train_005575,dropped_handoff,0,13,18
train_005576,clean,1,44,-1
train_005577,deadlock,0,12,14
train_005578,dropped_handoff,0,5,4
train_005579,clean,1,48,-1
train_005580,deadlock,0,22,21
train_005581,conflict,0,7,6
train_005582,duplicated_work,1,36,35
train_005583,duplicated_work,1,31,21
train_005584,goal_drift,0,0,1
train_005585,deadlock,0,3,1
train_005586,runaway_loop,0,2,2
train_005587,clean,1,39,-1
train_005588,conflict,0,19,19
train_005589,dropped_handoff,0,8,29
train_005590,conflict,0,27,25
train_005591,runaway_loop,0,4,2
train_005592,clean,0,22,-1
train_005593,clean,1,43,-1
train_005594,duplicated_work,0,21,23
train_005595,clean,1,66,-1
train_005596,conflict,0,36,35
train_005597,conflict,0,27,21
train_005598,dropped_handoff,0,6,7
train_005599,deadlock,0,1,0
train_005600,goal_drift,0,32,15
train_005601,duplicated_work,1,61,59
train_005602,clean,1,83,-1
train_005603,clean,0,48,-1
train_005604,goal_drift,1,1,5
train_005605,clean,1,25,-1
train_005606,goal_drift,0,3,4
train_005607,conflict,0,48,42
train_005608,clean,1,21,-1
train_005609,deadlock,0,12,11
train_005610,clean,1,61,-1
train_005611,dropped_handoff,0,8,20
train_005612,conflict,0,17,19
train_005613,dropped_handoff,0,15,4
train_005614,duplicated_work,1,70,47
train_005615,goal_drift,0,1,3
train_005616,goal_drift,0,1,0
train_005617,goal_drift,0,2,1
train_005618,runaway_loop,1,2,0
train_005619,goal_drift,0,10,10
train_005620,conflict,0,31,16
train_005621,runaway_loop,1,0,2
train_005622,duplicated_work,0,22,24
train_005623,duplicated_work,1,22,25
train_005624,goal_drift,0,3,1
train_005625,deadlock,0,2,0
train_005626,deadlock,1,11,45
train_005627,dropped_handoff,1,1,11
train_005628,runaway_loop,1,1,17
train_005629,deadlock,0,2,3
train_005630,conflict,0,15,17
train_005631,goal_drift,1,5,5
train_005632,clean,1,102,-1
train_005633,clean,0,54,-1
train_005634,clean,1,34,-1
train_005635,dropped_handoff,0,1,7
train_005636,clean,1,49,-1
train_005637,duplicated_work,1,28,29
train_005638,deadlock,1,3,2
train_005639,goal_drift,1,4,29
train_005640,goal_drift,0,4,3
train_005641,goal_drift,1,1,2
train_005642,clean,1,29,-1
train_005643,clean,1,23,-1
train_005644,clean,1,39,-1
train_005645,clean,1,40,-1
train_005646,deadlock,0,3,8
train_005647,clean,1,46,-1
train_005648,deadlock,0,7,10
train_005649,dropped_handoff,0,2,3
train_005650,conflict,0,35,34
train_005651,runaway_loop,0,3,2
train_005652,runaway_loop,0,1,0
train_005653,duplicated_work,0,26,28
train_005654,runaway_loop,1,3,1
train_005655,goal_drift,0,7,5
train_005656,runaway_loop,0,2,0
train_005657,goal_drift,1,2,3
train_005658,goal_drift,0,2,7
train_005659,conflict,1,37,27
train_005660,runaway_loop,0,1,0
train_005661,clean,1,32,-1
train_005662,runaway_loop,1,2,0
train_005663,goal_drift,0,2,0
train_005664,runaway_loop,1,2,1
train_005665,conflict,1,14,13
train_005666,duplicated_work,1,18,18
train_005667,duplicated_work,0,20,18
train_005668,clean,1,78,-1
train_005669,dropped_handoff,1,7,1
train_005670,duplicated_work,0,11,13
train_005671,clean,1,45,-1
train_005672,clean,1,23,-1
train_005673,conflict,0,12,37
train_005674,clean,1,52,-1
train_005675,deadlock,1,22,29
train_005676,deadlock,0,10,10
train_005677,runaway_loop,0,1,2
train_005678,duplicated_work,0,21,21
train_005679,runaway_loop,0,1,0
train_005680,clean,1,51,-1
train_005681,clean,0,106,-1
train_005682,runaway_loop,0,3,2
train_005683,conflict,0,9,7
train_005684,goal_drift,1,4,27
train_005685,duplicated_work,1,38,25
train_005686,runaway_loop,1,6,35
train_005687,clean,1,44,-1
train_005688,clean,1,34,-1
train_005689,duplicated_work,1,50,32
train_005690,goal_drift,0,3,1
train_005691,clean,1,38,-1
train_005692,goal_drift,0,10,22
train_005693,clean,1,38,-1
train_005694,goal_drift,0,4,4
train_005695,conflict,0,25,24
train_005696,clean,1,35,-1
train_005697,goal_drift,0,3,43
train_005698,clean,0,26,-1
train_005699,dropped_handoff,0,7,3
train_005700,deadlock,0,0,1
train_005701,deadlock,0,1,6
train_005702,duplicated_work,1,20,20
train_005703,goal_drift,0,3,5
train_005704,duplicated_work,1,38,39
train_005705,deadlock,0,5,3
train_005706,goal_drift,1,6,8
train_005707,conflict,0,9,2
train_005708,duplicated_work,1,29,29
train_005709,deadlock,0,4,6
train_005710,clean,1,28,-1
train_005711,clean,1,85,-1
train_005712,deadlock,0,21,3
train_005713,dropped_handoff,0,3,14
train_005714,clean,1,22,-1
train_005715,deadlock,0,8,7
train_005716,clean,1,34,-1
train_005717,goal_drift,0,0,2
train_005718,clean,1,38,-1
train_005719,clean,1,46,-1
train_005720,goal_drift,1,22,14
train_005721,clean,1,22,-1
train_005722,deadlock,0,7,6
train_005723,clean,1,52,-1
train_005724,dropped_handoff,0,3,5
train_005725,duplicated_work,1,29,26
train_005726,duplicated_work,0,30,28
train_005727,dropped_handoff,0,3,2
train_005728,clean,1,55,-1
train_005729,conflict,0,8,7
train_005730,runaway_loop,0,3,5
train_005731,goal_drift,0,5,3
train_005732,conflict,0,18,18
train_005733,conflict,0,14,13
train_005734,runaway_loop,0,0,0
train_005735,clean,1,34,-1
train_005736,clean,1,27,-1
train_005737,duplicated_work,0,41,40
train_005738,conflict,1,13,15
train_005739,conflict,1,10,10
train_005740,duplicated_work,1,26,28
train_005741,clean,1,31,-1
train_005742,goal_drift,0,1,0
train_005743,duplicated_work,1,19,21
train_005744,clean,1,27,-1
train_005745,conflict,1,11,9
train_005746,conflict,0,17,19
train_005747,conflict,0,19,19
train_005748,duplicated_work,0,35,37
train_005749,clean,1,20,-1
train_005750,conflict,0,9,8
train_005751,dropped_handoff,0,12,26
train_005752,runaway_loop,1,0,0
train_005753,runaway_loop,1,8,3
train_005754,deadlock,0,25,25
train_005755,clean,1,34,-1
train_005756,duplicated_work,1,15,21
train_005757,conflict,0,68,33
train_005758,conflict,0,26,11
train_005759,clean,1,23,-1
train_005760,deadlock,1,8,8
train_005761,dropped_handoff,0,2,19
train_005762,clean,1,52,-1
train_005763,deadlock,0,2,3
train_005764,clean,1,21,-1
train_005765,clean,1,13,-1
train_005766,runaway_loop,0,2,1
train_005767,goal_drift,0,3,3
train_005768,deadlock,0,2,1
train_005769,dropped_handoff,0,2,6
train_005770,duplicated_work,0,15,19
train_005771,deadlock,0,9,7
train_005772,duplicated_work,1,48,50
train_005773,clean,0,26,-1
train_005774,clean,0,51,-1
train_005775,duplicated_work,0,37,39
train_005776,dropped_handoff,0,5,1
train_005777,deadlock,0,3,3
train_005778,conflict,0,44,42
train_005779,goal_drift,0,1,7
train_005780,clean,1,40,-1
train_005781,goal_drift,0,9,7
train_005782,goal_drift,0,2,3
train_005783,goal_drift,0,5,15
train_005784,runaway_loop,1,7,5
train_005785,duplicated_work,1,11,11
train_005786,clean,1,17,-1
train_005787,dropped_handoff,1,4,1
train_005788,duplicated_work,1,17,15
train_005789,duplicated_work,1,25,26
train_005790,dropped_handoff,0,4,24
train_005791,clean,1,41,-1
train_005792,clean,0,79,-1
train_005793,clean,1,28,-1
train_005794,goal_drift,0,5,1
train_005795,runaway_loop,0,1,12
train_005796,clean,1,36,-1
train_005797,dropped_handoff,1,12,10
train_005798,clean,1,87,-1
train_005799,deadlock,0,0,0
train_005800,goal_drift,0,10,9
train_005801,dropped_handoff,0,11,3
train_005802,clean,1,42,-1
train_005803,runaway_loop,0,1,12
train_005804,duplicated_work,0,40,38
train_005805,clean,1,44,-1
train_005806,clean,1,33,-1
train_005807,clean,1,39,-1
train_005808,clean,1,72,-1
train_005809,clean,1,62,-1
train_005810,conflict,0,21,23
train_005811,goal_drift,0,2,5
train_005812,deadlock,0,16,18
train_005813,deadlock,0,2,0
train_005814,clean,1,41,-1
train_005815,dropped_handoff,0,7,27
train_005816,clean,1,64,-1
train_005817,clean,1,105,-1
train_005818,conflict,1,29,28
train_005819,dropped_handoff,0,3,4
train_005820,dropped_handoff,0,8,8
train_005821,conflict,0,12,12
train_005822,runaway_loop,0,0,13
train_005823,dropped_handoff,0,6,3
train_005824,clean,1,36,-1
train_005825,clean,1,24,-1
train_005826,deadlock,0,2,1
train_005827,clean,1,28,-1
train_005828,duplicated_work,1,21,23
train_005829,runaway_loop,1,4,2
train_005830,clean,1,47,-1
train_005831,duplicated_work,0,40,48
train_005832,conflict,1,39,37
train_005833,runaway_loop,0,10,20
train_005834,clean,0,77,-1
train_005835,runaway_loop,0,1,6
train_005836,clean,0,72,-1
train_005837,clean,1,67,-1
train_005838,goal_drift,0,13,11
train_005839,clean,1,34,-1
train_005840,conflict,0,18,36
train_005841,duplicated_work,1,37,54
train_005842,duplicated_work,0,16,18
train_005843,conflict,1,23,24
train_005844,goal_drift,0,6,0
train_005845,conflict,1,21,7
train_005846,clean,1,48,-1
train_005847,duplicated_work,0,6,8
train_005848,deadlock,0,2,1
train_005849,conflict,1,13,22
train_005850,dropped_handoff,0,3,31
train_005851,runaway_loop,1,7,10
train_005852,clean,1,49,-1
train_005853,dropped_handoff,0,6,18
train_005854,clean,1,41,-1
train_005855,goal_drift,0,9,25
train_005856,dropped_handoff,0,2,2
train_005857,clean,1,42,-1
train_005858,clean,1,63,-1
train_005859,conflict,1,32,30
train_005860,runaway_loop,0,8,7
train_005861,conflict,1,33,32
train_005862,goal_drift,0,1,1
train_005863,runaway_loop,1,0,21
train_005864,dropped_handoff,0,3,11
train_005865,duplicated_work,1,59,57
train_005866,duplicated_work,0,34,32
train_005867,duplicated_work,1,17,16
train_005868,runaway_loop,0,1,1
train_005869,goal_drift,0,6,0
train_005870,conflict,1,14,12
train_005871,duplicated_work,1,28,27
train_005872,runaway_loop,0,1,1
train_005873,conflict,0,29,5
train_005874,clean,1,39,-1
train_005875,clean,1,42,-1
train_005876,conflict,1,57,57
train_005877,clean,1,31,-1
train_005878,dropped_handoff,1,7,1
train_005879,goal_drift,0,4,4
train_005880,clean,1,33,-1
train_005881,clean,1,55,-1
train_005882,runaway_loop,0,9,4
train_005883,dropped_handoff,0,1,6
train_005884,goal_drift,0,7,3
train_005885,runaway_loop,0,1,0
train_005886,clean,1,46,-1
train_005887,clean,1,41,-1
train_005888,conflict,0,26,24
train_005889,deadlock,0,3,21
train_005890,goal_drift,0,7,5
train_005891,conflict,1,10,12
train_005892,runaway_loop,0,3,3
train_005893,conflict,0,4,6
train_005894,duplicated_work,0,28,27
train_005895,clean,1,54,-1
train_005896,clean,1,89,-1
train_005897,conflict,0,5,3
train_005898,runaway_loop,0,1,0
train_005899,dropped_handoff,0,6,6
train_005900,runaway_loop,0,0,0
train_005901,deadlock,0,0,2
train_005902,deadlock,0,8,8
train_005903,runaway_loop,1,0,0
train_005904,deadlock,0,2,1
train_005905,clean,1,39,-1
train_005906,clean,1,44,-1
train_005907,duplicated_work,0,19,20
train_005908,deadlock,1,2,49
train_005909,conflict,1,28,26
train_005910,runaway_loop,0,0,1
train_005911,conflict,0,26,26
train_005912,conflict,1,20,19
train_005913,runaway_loop,1,9,2
train_005914,conflict,0,36,37
train_005915,dropped_handoff,1,3,9
train_005916,clean,1,16,-1
train_005917,conflict,0,13,15
train_005918,clean,1,59,-1
train_005919,clean,1,58,-1
train_005920,runaway_loop,0,0,0
train_005921,duplicated_work,0,28,27
train_005922,goal_drift,0,3,3
train_005923,duplicated_work,1,46,46
train_005924,duplicated_work,1,82,81
train_005925,deadlock,0,2,3
train_005926,goal_drift,0,3,3
train_005927,dropped_handoff,0,8,9
train_005928,clean,1,10,-1
train_005929,conflict,0,20,18
train_005930,goal_drift,0,8,9
train_005931,deadlock,0,8,2
train_005932,runaway_loop,0,5,5
train_005933,clean,1,33,-1
train_005934,goal_drift,0,2,0
train_005935,clean,1,11,-1
train_005936,deadlock,0,8,10
train_005937,clean,0,48,-1
train_005938,clean,1,27,-1
train_005939,conflict,0,34,3
train_005940,clean,1,34,-1
train_005941,dropped_handoff,0,7,3
train_005942,runaway_loop,0,0,0
train_005943,runaway_loop,0,5,3
train_005944,goal_drift,0,4,8
train_005945,dropped_handoff,0,1,1
train_005946,conflict,1,16,18
train_005947,deadlock,0,1,34
train_005948,clean,1,25,-1
train_005949,conflict,0,16,16
train_005950,duplicated_work,1,36,34
train_005951,runaway_loop,0,2,19
train_005952,clean,0,60,-1
train_005953,deadlock,0,4,6
train_005954,goal_drift,0,9,2
train_005955,runaway_loop,0,1,0
train_005956,clean,1,39,-1
train_005957,runaway_loop,0,2,4
train_005958,dropped_handoff,0,4,20
train_005959,dropped_handoff,0,12,5
train_005960,goal_drift,0,4,1
train_005961,clean,1,29,-1
train_005962,duplicated_work,0,24,24
train_005963,goal_drift,1,9,9
train_005964,conflict,1,41,41
train_005965,clean,1,46,-1
train_005966,conflict,0,18,19
train_005967,conflict,1,13,11
train_005968,duplicated_work,1,16,16
train_005969,goal_drift,0,3,1
train_005970,dropped_handoff,0,13,2
train_005971,dropped_handoff,0,1,2
train_005972,conflict,0,22,21
train_005973,dropped_handoff,1,1,7
train_005974,runaway_loop,0,3,3
train_005975,dropped_handoff,1,2,2
train_005976,clean,1,54,-1
train_005977,clean,1,57,-1
train_005978,clean,1,26,-1
train_005979,deadlock,0,8,6
train_005980,deadlock,0,10,6
train_005981,conflict,0,25,23
train_005982,goal_drift,0,4,2
train_005983,goal_drift,0,10,8
train_005984,duplicated_work,1,37,38
train_005985,clean,1,15,-1
train_005986,duplicated_work,1,15,16
train_005987,goal_drift,1,4,4
train_005988,clean,1,21,-1
train_005989,clean,1,19,-1
train_005990,clean,1,13,-1
train_005991,dropped_handoff,1,3,19
train_005992,goal_drift,0,10,0
train_005993,dropped_handoff,1,5,27
train_005994,clean,0,46,-1
train_005995,clean,1,33,-1
train_005996,goal_drift,1,8,8
train_005997,runaway_loop,0,4,5
train_005998,clean,1,76,-1
train_005999,runaway_loop,0,3,2
train_006000,runaway_loop,0,0,0
train_006001,deadlock,0,7,6
train_006002,conflict,0,11,22
train_006003,clean,1,33,-1
train_006004,deadlock,0,0,6
train_006005,conflict,1,31,31
train_006006,conflict,0,8,8
train_006007,runaway_loop,0,1,0
train_006008,clean,1,76,-1
train_006009,clean,1,28,-1
train_006010,clean,0,68,-1
train_006011,conflict,1,15,15
train_006012,clean,1,31,-1
train_006013,clean,1,35,-1
train_006014,clean,1,46,-1
train_006015,dropped_handoff,0,1,14
train_006016,duplicated_work,1,19,22
train_006017,clean,1,39,-1
train_006018,runaway_loop,0,1,0
train_006019,conflict,0,13,12
train_006020,runaway_loop,0,1,11
train_006021,dropped_handoff,0,12,3
train_006022,goal_drift,0,3,2
train_006023,deadlock,0,1,3
train_006024,goal_drift,0,0,14
train_006025,dropped_handoff,1,16,3
train_006026,clean,1,23,-1
train_006027,clean,1,56,-1
train_006028,goal_drift,0,7,0
train_006029,dropped_handoff,0,2,11
train_006030,clean,1,67,-1
train_006031,clean,1,45,-1
train_006032,clean,1,48,-1
train_006033,clean,1,65,-1
train_006034,deadlock,0,5,3
train_006035,duplicated_work,0,21,22
train_006036,clean,1,30,-1
train_006037,clean,1,47,-1
train_006038,clean,1,39,-1
train_006039,conflict,0,8,7
train_006040,goal_drift,0,1,1
train_006041,goal_drift,0,5,0
train_006042,clean,1,114,-1
train_006043,clean,1,34,-1
train_006044,dropped_handoff,0,0,0
train_006045,deadlock,0,5,3
train_006046,clean,1,27,-1
train_006047,deadlock,0,2,0
train_006048,clean,1,27,-1
train_006049,deadlock,0,3,4
train_006050,clean,1,48,-1
train_006051,deadlock,0,2,55
train_006052,clean,1,15,-1
train_006053,clean,1,49,-1
train_006054,conflict,0,18,19
train_006055,duplicated_work,1,26,26
train_006056,runaway_loop,0,1,1
train_006057,deadlock,0,3,3
train_006058,goal_drift,0,2,3
train_006059,clean,1,30,-1
train_006060,conflict,0,23,25
train_006061,goal_drift,0,8,0
train_006062,goal_drift,1,3,4
train_006063,duplicated_work,1,18,20
train_006064,conflict,0,13,14
train_006065,deadlock,0,1,2
train_006066,deadlock,0,5,7
train_006067,runaway_loop,1,4,9
train_006068,runaway_loop,1,4,3
train_006069,goal_drift,1,5,7
train_006070,clean,1,63,-1
train_006071,goal_drift,0,1,0
train_006072,clean,1,36,-1
train_006073,clean,1,17,-1
train_006074,conflict,0,16,16
train_006075,goal_drift,0,8,2
train_006076,clean,1,68,-1
train_006077,deadlock,0,2,1
train_006078,clean,1,87,-1
train_006079,clean,1,51,-1
train_006080,clean,1,42,-1
train_006081,duplicated_work,0,22,9
train_006082,conflict,1,28,28
train_006083,conflict,0,7,5
train_006084,runaway_loop,0,1,1
train_006085,conflict,0,31,30
train_006086,conflict,1,23,17
train_006087,clean,1,17,-1
train_006088,runaway_loop,0,12,42
train_006089,runaway_loop,0,1,1
train_006090,clean,1,45,-1
train_006091,deadlock,0,6,7
train_006092,conflict,0,25,10
train_006093,clean,1,31,-1
train_006094,clean,1,67,-1
train_006095,clean,1,47,-1
train_006096,goal_drift,0,2,1
train_006097,dropped_handoff,1,13,17
train_006098,dropped_handoff,0,3,6
train_006099,dropped_handoff,0,14,12
train_006100,goal_drift,0,9,7
train_006101,dropped_handoff,0,0,9
train_006102,duplicated_work,1,30,32
train_006103,deadlock,0,8,1
train_006104,goal_drift,0,1,3
train_006105,deadlock,0,3,1
train_006106,runaway_loop,0,2,1
train_006107,dropped_handoff,0,0,4
train_006108,clean,1,59,-1
train_006109,duplicated_work,0,50,49
train_006110,clean,1,54,-1
train_006111,clean,1,59,-1
train_006112,dropped_handoff,0,10,3
train_006113,clean,1,48,-1
train_006114,clean,1,36,-1
train_006115,conflict,0,19,18
train_006116,dropped_handoff,0,6,2
train_006117,conflict,0,44,61
train_006118,clean,1,63,-1
train_006119,clean,1,52,-1
train_006120,clean,1,32,-1
train_006121,dropped_handoff,0,12,12
train_006122,dropped_handoff,0,1,3
train_006123,runaway_loop,0,4,5
train_006124,duplicated_work,1,38,40
train_006125,clean,1,16,-1
train_006126,clean,1,20,-1
train_006127,goal_drift,0,5,5
train_006128,dropped_handoff,0,16,4
train_006129,deadlock,0,4,6
train_006130,conflict,0,57,30
train_006131,dropped_handoff,1,1,6
train_006132,deadlock,0,5,12
train_006133,clean,0,17,-1
train_006134,conflict,1,13,15
train_006135,clean,1,46,-1
train_006136,deadlock,0,10,11
train_006137,runaway_loop,0,3,1
train_006138,clean,1,21,-1
train_006139,runaway_loop,0,3,2
train_006140,duplicated_work,1,15,13
train_006141,clean,1,38,-1
train_006142,duplicated_work,0,15,16
train_006143,runaway_loop,1,4,4
train_006144,conflict,0,23,24
train_006145,clean,1,32,-1
train_006146,goal_drift,0,4,5
train_006147,conflict,0,13,11
train_006148,clean,1,21,-1
train_006149,clean,1,40,-1
train_006150,duplicated_work,1,6,9
train_006151,clean,1,53,-1
train_006152,duplicated_work,0,20,18
train_006153,duplicated_work,1,21,19
train_006154,deadlock,0,6,4
train_006155,dropped_handoff,0,2,10
train_006156,duplicated_work,0,19,17
train_006157,deadlock,0,14,13
train_006158,conflict,1,39,38
train_006159,clean,1,94,-1
train_006160,clean,1,64,-1
train_006161,duplicated_work,1,19,19
train_006162,runaway_loop,1,2,0
train_006163,conflict,0,43,30
train_006164,dropped_handoff,0,4,6
train_006165,duplicated_work,0,13,11
train_006166,dropped_handoff,0,13,11
train_006167,clean,1,70,-1
train_006168,conflict,0,26,20
train_006169,conflict,0,3,3
train_006170,clean,0,54,-1
train_006171,clean,1,24,-1
train_006172,clean,1,30,-1
train_006173,clean,0,51,-1
train_006174,goal_drift,1,2,12
train_006175,conflict,0,30,30
train_006176,goal_drift,0,18,13
train_006177,deadlock,0,1,0
train_006178,clean,1,20,-1
train_006179,duplicated_work,0,16,16
train_006180,dropped_handoff,0,4,5
train_006181,goal_drift,0,3,3
train_006182,runaway_loop,0,2,2
train_006183,goal_drift,1,0,1
train_006184,deadlock,0,11,12
train_006185,runaway_loop,0,1,3
train_006186,clean,1,27,-1
train_006187,goal_drift,0,5,31
train_006188,deadlock,0,6,7
train_006189,clean,1,32,-1
train_006190,conflict,0,19,13
train_006191,deadlock,0,0,1
train_006192,conflict,1,27,28
train_006193,runaway_loop,0,5,6
train_006194,clean,0,27,-1
train_006195,duplicated_work,1,33,33
train_006196,clean,1,19,-1
train_006197,clean,1,26,-1
train_006198,duplicated_work,1,22,24
train_006199,clean,1,60,-1
train_006200,duplicated_work,1,56,57
train_006201,conflict,1,9,18
train_006202,duplicated_work,1,62,63
train_006203,clean,1,32,-1
train_006204,conflict,0,4,3
train_006205,clean,1,46,-1
train_006206,duplicated_work,1,29,30
train_006207,clean,0,32,-1
train_006208,dropped_handoff,0,1,11
train_006209,duplicated_work,1,39,40
train_006210,clean,1,18,-1
train_006211,goal_drift,0,5,11
train_006212,dropped_handoff,0,2,11
train_006213,dropped_handoff,0,11,11
train_006214,duplicated_work,1,35,35
train_006215,runaway_loop,0,2,0
train_006216,clean,1,80,-1
train_006217,goal_drift,0,17,0
train_006218,duplicated_work,1,51,49
train_006219,duplicated_work,1,55,54
train_006220,runaway_loop,0,0,0
train_006221,duplicated_work,1,27,29
train_006222,clean,1,56,-1
train_006223,deadlock,0,22,24
train_006224,clean,1,31,-1
train_006225,clean,1,36,-1
train_006226,clean,1,37,-1
train_006227,conflict,0,21,11
train_006228,deadlock,0,3,2
train_006229,conflict,0,9,8
train_006230,duplicated_work,1,13,12
train_006231,duplicated_work,0,28,27
train_006232,goal_drift,0,3,1
train_006233,conflict,0,14,16
train_006234,duplicated_work,1,24,22
train_006235,clean,1,62,-1
train_006236,clean,0,47,-1
train_006237,clean,1,16,-1
train_006238,clean,1,44,-1
train_006239,dropped_handoff,0,2,16
train_006240,runaway_loop,1,3,71
train_006241,clean,1,34,-1
train_006242,deadlock,0,5,18
train_006243,conflict,1,22,12
train_006244,clean,1,18,-1
train_006245,clean,1,56,-1
train_006246,conflict,1,43,26
train_006247,clean,1,14,-1
train_006248,deadlock,0,0,0
train_006249,clean,0,27,-1
train_006250,clean,1,39,-1
train_006251,conflict,1,31,6
train_006252,goal_drift,0,3,9
train_006253,goal_drift,0,2,3
train_006254,runaway_loop,0,2,1
train_006255,goal_drift,0,10,12
train_006256,deadlock,0,16,17
train_006257,dropped_handoff,0,2,3
train_006258,goal_drift,0,5,3
train_006259,dropped_handoff,0,2,0
train_006260,clean,1,39,-1
train_006261,clean,1,45,-1
train_006262,conflict,0,30,14
train_006263,clean,1,28,-1
train_006264,conflict,1,3,4
train_006265,runaway_loop,0,4,4
train_006266,clean,1,50,-1
train_006267,duplicated_work,1,22,20
train_006268,clean,1,58,-1
train_006269,runaway_loop,1,1,0
train_006270,clean,1,39,-1
train_006271,conflict,0,6,6
train_006272,clean,1,67,-1
train_006273,clean,1,32,-1
train_006274,clean,1,60,-1
train_006275,dropped_handoff,0,12,10
train_006276,deadlock,0,1,0
train_006277,clean,1,27,-1
train_006278,goal_drift,0,0,2
train_006279,goal_drift,1,2,0
train_006280,runaway_loop,1,6,5
train_006281,clean,1,41,-1
train_006282,clean,1,33,-1
train_006283,goal_drift,1,1,17
train_006284,duplicated_work,0,37,39
train_006285,duplicated_work,0,30,29
train_006286,goal_drift,0,2,1
train_006287,duplicated_work,1,73,75
train_006288,duplicated_work,0,11,12
train_006289,goal_drift,0,3,2
train_006290,dropped_handoff,0,6,7
train_006291,deadlock,1,3,10
train_006292,clean,1,24,-1
train_006293,dropped_handoff,0,1,10
train_006294,runaway_loop,0,3,4
train_006295,runaway_loop,0,4,6
train_006296,goal_drift,0,4,5
train_006297,goal_drift,1,7,0
train_006298,duplicated_work,1,13,14
train_006299,clean,1,33,-1
train_006300,dropped_handoff,0,5,3
train_006301,clean,1,18,-1
train_006302,dropped_handoff,1,8,3
train_006303,duplicated_work,1,14,15
train_006304,deadlock,0,2,3
train_006305,dropped_handoff,0,2,4
train_006306,goal_drift,0,3,2
train_006307,clean,0,53,-1
train_006308,duplicated_work,1,22,20
train_006309,clean,1,33,-1
train_006310,conflict,0,83,77
train_006311,runaway_loop,0,0,1
train_006312,goal_drift,0,3,2
train_006313,clean,1,17,-1
train_006314,clean,1,27,-1
train_006315,dropped_handoff,1,6,16
train_006316,clean,1,38,-1
train_006317,goal_drift,1,2,1
train_006318,deadlock,0,3,3
train_006319,clean,1,32,-1
train_006320,clean,1,32,-1
train_006321,conflict,0,33,24
train_006322,goal_drift,1,8,9
train_006323,clean,1,46,-1
train_006324,deadlock,0,2,3
train_006325,goal_drift,0,2,4
train_006326,clean,1,42,-1
train_006327,dropped_handoff,0,2,3
train_006328,clean,1,15,-1
train_006329,clean,1,30,-1
train_006330,runaway_loop,0,3,1
train_006331,dropped_handoff,0,2,6
train_006332,clean,1,31,-1
train_006333,goal_drift,0,4,13
train_006334,duplicated_work,1,13,11
train_006335,goal_drift,0,10,10
train_006336,dropped_handoff,0,6,3
train_006337,goal_drift,0,2,15
train_006338,conflict,1,11,12
train_006339,runaway_loop,0,2,17
train_006340,clean,1,43,-1
train_006341,conflict,0,21,20
train_006342,duplicated_work,1,48,47
train_006343,clean,0,27,-1
train_006344,clean,1,13,-1
train_006345,duplicated_work,1,14,15
train_006346,runaway_loop,0,2,1
train_006347,deadlock,1,40,0
train_006348,deadlock,0,2,4
train_006349,conflict,0,6,5
train_006350,dropped_handoff,0,5,3
train_006351,clean,1,46,-1
train_006352,goal_drift,0,1,2
train_006353,runaway_loop,0,2,0
train_006354,runaway_loop,1,3,3
train_006355,runaway_loop,0,1,3
train_006356,goal_drift,0,4,4
train_006357,clean,1,15,-1
train_006358,goal_drift,0,2,0
train_006359,clean,0,37,-1
train_006360,conflict,1,11,12
train_006361,dropped_handoff,0,2,7
train_006362,conflict,0,10,10
train_006363,dropped_handoff,0,4,5
train_006364,duplicated_work,0,17,19
train_006365,dropped_handoff,0,2,3
train_006366,runaway_loop,0,2,14
train_006367,clean,1,28,-1
train_006368,goal_drift,0,6,0
train_006369,clean,1,46,-1
train_006370,clean,1,61,-1
train_006371,deadlock,0,6,42
train_006372,conflict,0,15,4
train_006373,conflict,0,17,11
train_006374,clean,1,25,-1
train_006375,conflict,1,22,10
train_006376,duplicated_work,1,18,19
train_006377,runaway_loop,0,4,8
train_006378,conflict,1,8,10
train_006379,deadlock,0,2,0
train_006380,conflict,0,23,23
train_006381,clean,1,13,-1
train_006382,clean,1,39,-1
train_006383,clean,1,31,-1
train_006384,conflict,0,10,32
train_006385,deadlock,0,23,23
train_006386,clean,1,41,-1
train_006387,runaway_loop,0,4,58
train_006388,duplicated_work,1,20,17
train_006389,clean,1,40,-1
train_006390,deadlock,0,0,0
train_006391,goal_drift,0,2,0
train_006392,conflict,0,20,1
train_006393,deadlock,0,1,3
train_006394,clean,1,31,-1
train_006395,clean,1,13,-1
train_006396,goal_drift,0,3,9
train_006397,goal_drift,0,8,6
train_006398,deadlock,0,2,3
train_006399,conflict,0,24,25
train_006400,goal_drift,1,1,0
train_006401,goal_drift,0,4,2
train_006402,deadlock,0,0,1
train_006403,deadlock,0,1,1
train_006404,deadlock,1,3,1
train_006405,clean,0,26,-1
train_006406,deadlock,0,1,0
train_006407,clean,1,21,-1
train_006408,clean,0,39,-1
train_006409,goal_drift,0,4,17
train_006410,clean,1,80,-1
train_006411,deadlock,0,1,6
train_006412,goal_drift,0,6,4
train_006413,deadlock,0,1,4
train_006414,duplicated_work,1,33,35
train_006415,conflict,1,29,27
train_006416,deadlock,0,8,15
train_006417,deadlock,0,2,4
train_006418,clean,1,31,-1
train_006419,goal_drift,0,5,4
train_006420,clean,1,19,-1
train_006421,clean,1,49,-1
train_006422,clean,1,15,-1
train_006423,goal_drift,0,2,0
train_006424,clean,1,66,-1
train_006425,runaway_loop,0,3,14
train_006426,conflict,1,19,17
train_006427,duplicated_work,1,38,36
train_006428,duplicated_work,1,27,29
train_006429,deadlock,0,8,0
train_006430,runaway_loop,1,2,1
train_006431,dropped_handoff,0,5,6
train_006432,goal_drift,0,4,2
train_006433,duplicated_work,0,22,27
train_006434,conflict,0,19,9
train_006435,deadlock,0,3,4
train_006436,conflict,1,37,10
train_006437,runaway_loop,1,11,11
train_006438,clean,1,57,-1
train_006439,clean,1,31,-1
train_006440,clean,1,31,-1
train_006441,dropped_handoff,0,1,14
train_006442,deadlock,0,0,2
train_006443,clean,1,26,-1
train_006444,conflict,0,5,4
train_006445,deadlock,0,0,0
train_006446,clean,1,23,-1
train_006447,goal_drift,1,7,27
train_006448,clean,1,21,-1
train_006449,deadlock,0,7,9
train_006450,dropped_handoff,0,2,4
train_006451,deadlock,1,6,6
train_006452,conflict,1,25,27
train_006453,runaway_loop,0,2,4
train_006454,goal_drift,0,2,7
train_006455,conflict,0,9,11
train_006456,runaway_loop,0,0,1
train_006457,deadlock,0,1,2
train_006458,runaway_loop,0,5,3
train_006459,conflict,1,18,20
train_006460,clean,1,39,-1
train_006461,clean,1,55,-1
train_006462,duplicated_work,1,25,43
train_006463,deadlock,0,1,2
train_006464,clean,1,29,-1
train_006465,clean,1,51,-1
train_006466,clean,1,41,-1
train_006467,duplicated_work,1,48,50
train_006468,clean,1,44,-1
train_006469,goal_drift,0,8,6
train_006470,goal_drift,0,0,0
train_006471,runaway_loop,0,3,1
train_006472,duplicated_work,1,68,69
train_006473,clean,1,52,-1
train_006474,goal_drift,0,0,2
train_006475,clean,1,20,-1
train_006476,goal_drift,0,2,0
train_006477,clean,1,28,-1
train_006478,duplicated_work,1,34,36
train_006479,dropped_handoff,0,10,16
train_006480,conflict,1,31,30
train_006481,runaway_loop,1,2,1
train_006482,goal_drift,0,4,4
train_006483,clean,1,34,-1
train_006484,duplicated_work,1,30,32
train_006485,deadlock,0,11,9
train_006486,deadlock,0,4,6
train_006487,clean,1,45,-1
train_006488,dropped_handoff,0,8,10
train_006489,clean,1,17,-1
train_006490,duplicated_work,1,52,42
train_006491,clean,1,38,-1
train_006492,runaway_loop,0,1,0
train_006493,dropped_handoff,0,17,4
train_006494,deadlock,0,1,23
train_006495,runaway_loop,0,0,0
train_006496,duplicated_work,0,17,17
train_006497,goal_drift,0,4,5
train_006498,clean,0,38,-1
train_006499,goal_drift,1,2,4
train_006500,clean,1,70,-1
train_006501,goal_drift,0,7,8
train_006502,conflict,0,17,17
train_006503,dropped_handoff,0,2,14
train_006504,dropped_handoff,0,2,17
train_006505,clean,1,14,-1
train_006506,clean,1,33,-1
train_006507,clean,1,30,-1
train_006508,deadlock,0,15,18
train_006509,deadlock,0,15,17
train_006510,goal_drift,0,3,2
train_006511,dropped_handoff,1,4,7
train_006512,conflict,1,44,43
train_006513,goal_drift,0,4,2
train_006514,clean,1,18,-1
train_006515,deadlock,0,2,3
train_006516,goal_drift,0,8,1
train_006517,clean,1,26,-1
train_006518,goal_drift,0,1,4
train_006519,conflict,1,21,20
train_006520,runaway_loop,1,3,7
train_006521,runaway_loop,1,0,1
train_006522,clean,1,50,-1
train_006523,clean,1,33,-1
train_006524,conflict,0,23,24
train_006525,clean,1,39,-1
train_006526,duplicated_work,1,13,13
train_006527,runaway_loop,0,1,0
train_006528,clean,1,28,-1
train_006529,goal_drift,0,1,1
train_006530,clean,1,24,-1
train_006531,dropped_handoff,1,6,22
train_006532,conflict,0,4,6
train_006533,runaway_loop,1,0,2
train_006534,clean,1,62,-1
train_006535,conflict,0,23,16
train_006536,duplicated_work,1,24,22
train_006537,duplicated_work,0,24,26
train_006538,deadlock,0,2,4
train_006539,deadlock,0,9,16
train_006540,clean,1,37,-1
train_006541,dropped_handoff,0,2,3
train_006542,deadlock,0,13,1
train_006543,deadlock,0,5,16
train_006544,conflict,0,15,13
train_006545,goal_drift,0,5,7
train_006546,dropped_handoff,0,4,4
train_006547,clean,1,46,-1
train_006548,clean,1,21,-1
train_006549,duplicated_work,1,20,20
train_006550,duplicated_work,1,47,49
train_006551,conflict,0,8,10
train_006552,deadlock,0,6,5
train_006553,deadlock,0,8,9
train_006554,runaway_loop,0,2,0
train_006555,clean,1,16,-1
train_006556,duplicated_work,0,48,80
train_006557,conflict,1,6,8
train_006558,duplicated_work,0,48,47
train_006559,dropped_handoff,0,2,10
train_006560,clean,1,46,-1
train_006561,clean,1,62,-1
train_006562,clean,1,37,-1
train_006563,runaway_loop,0,3,3
train_006564,duplicated_work,0,12,13
train_006565,clean,1,57,-1
train_006566,dropped_handoff,0,15,29
train_006567,goal_drift,0,19,7
train_006568,conflict,1,9,11
train_006569,deadlock,0,4,18
train_006570,goal_drift,0,9,5
train_006571,deadlock,0,2,3
train_006572,runaway_loop,0,7,6
train_006573,conflict,0,9,7
train_006574,conflict,0,19,17
train_006575,duplicated_work,0,32,31
train_006576,runaway_loop,0,4,2
train_006577,clean,1,32,-1
train_006578,duplicated_work,1,25,26
train_006579,deadlock,0,5,5
train_006580,goal_drift,0,1,0
train_006581,deadlock,0,11,1
train_006582,clean,1,25,-1
train_006583,deadlock,0,2,2
train_006584,deadlock,0,17,9
train_006585,duplicated_work,1,8,10
train_006586,clean,1,43,-1
train_006587,conflict,0,30,30
train_006588,goal_drift,0,5,13
train_006589,clean,1,50,-1
train_006590,clean,1,45,-1
train_006591,goal_drift,1,1,12
train_006592,duplicated_work,0,21,18
train_006593,clean,1,21,-1
train_006594,clean,1,20,-1
train_006595,clean,1,36,-1
train_006596,clean,1,33,-1
train_006597,goal_drift,0,5,5
train_006598,dropped_handoff,0,3,10
train_006599,runaway_loop,0,3,1
train_006600,conflict,1,22,15
train_006601,conflict,1,19,6
train_006602,clean,1,44,-1
train_006603,conflict,0,14,15
train_006604,duplicated_work,1,39,49
train_006605,runaway_loop,0,2,1
train_006606,clean,1,24,-1
train_006607,runaway_loop,0,2,0
train_006608,conflict,0,10,10
train_006609,goal_drift,0,2,1
train_006610,conflict,0,14,14
train_006611,goal_drift,0,0,13
train_006612,runaway_loop,1,5,3
train_006613,clean,1,31,-1
train_006614,dropped_handoff,0,2,2
train_006615,clean,1,51,-1
train_006616,clean,1,39,-1
train_006617,conflict,1,34,32
train_006618,goal_drift,0,2,1
train_006619,deadlock,0,18,20
train_006620,runaway_loop,0,0,1
train_006621,conflict,1,13,37
train_006622,goal_drift,0,2,3
train_006623,dropped_handoff,0,0,2
train_006624,deadlock,0,2,0
train_006625,clean,1,22,-1
train_006626,clean,1,18,-1
train_006627,clean,1,26,-1
train_006628,clean,0,60,-1
train_006629,conflict,1,38,37
train_006630,clean,1,109,-1
train_006631,conflict,0,29,27
train_006632,duplicated_work,1,25,26
train_006633,clean,1,56,-1
train_006634,clean,1,41,-1
train_006635,deadlock,0,3,5
train_006636,clean,1,19,-1
train_006637,clean,1,18,-1
train_006638,clean,1,14,-1
train_006639,clean,1,35,-1
train_006640,runaway_loop,1,1,1
train_006641,conflict,1,7,8
train_006642,dropped_handoff,0,8,33
train_006643,duplicated_work,1,23,24
train_006644,deadlock,0,2,3
train_006645,dropped_handoff,0,2,3
train_006646,clean,1,26,-1
train_006647,dropped_handoff,0,4,10
train_006648,conflict,1,69,61
train_006649,clean,1,51,-1
train_006650,runaway_loop,0,3,1
train_006651,deadlock,0,2,21
train_006652,dropped_handoff,0,3,6
train_006653,clean,1,19,-1
train_006654,runaway_loop,0,7,8
train_006655,goal_drift,0,1,0
train_006656,conflict,0,16,14
train_006657,clean,1,40,-1
train_006658,clean,1,26,-1
train_006659,clean,1,27,-1
train_006660,duplicated_work,1,41,39
train_006661,clean,1,29,-1
train_006662,deadlock,0,16,14
train_006663,clean,0,50,-1
train_006664,clean,1,31,-1
train_006665,duplicated_work,1,40,41
train_006666,duplicated_work,0,13,15
train_006667,clean,1,16,-1
train_006668,goal_drift,0,5,7
train_006669,runaway_loop,1,1,5
train_006670,clean,0,45,-1
train_006671,clean,1,28,-1
train_006672,dropped_handoff,0,5,10
train_006673,deadlock,0,3,2
train_006674,conflict,0,16,17
train_006675,duplicated_work,0,16,17
train_006676,dropped_handoff,0,8,39
train_006677,clean,1,17,-1
train_006678,duplicated_work,1,32,30
train_006679,clean,1,8,-1
train_006680,runaway_loop,0,1,1
train_006681,conflict,0,22,24
train_006682,duplicated_work,0,31,30
train_006683,conflict,0,5,20
train_006684,duplicated_work,0,32,6
train_006685,goal_drift,0,0,1
train_006686,deadlock,1,4,6
train_006687,runaway_loop,0,2,5
train_006688,duplicated_work,0,11,13
train_006689,clean,1,46,-1
train_006690,goal_drift,0,2,10
train_006691,clean,0,111,-1
train_006692,goal_drift,0,8,9
train_006693,deadlock,0,3,8
train_006694,deadlock,0,5,4
train_006695,clean,1,34,-1
train_006696,clean,1,37,-1
train_006697,runaway_loop,0,2,7
train_006698,clean,1,50,-1
train_006699,deadlock,0,12,14
train_006700,clean,1,41,-1
train_006701,conflict,0,23,17
train_006702,deadlock,0,6,4
train_006703,clean,1,34,-1
train_006704,runaway_loop,1,5,5
train_006705,duplicated_work,1,17,18
train_006706,goal_drift,0,7,3
train_006707,deadlock,1,1,1
train_006708,duplicated_work,1,27,29
train_006709,clean,1,94,-1
train_006710,deadlock,0,1,0
train_006711,conflict,0,28,42
train_006712,goal_drift,1,6,0
train_006713,clean,1,26,-1
train_006714,clean,1,20,-1
train_006715,dropped_handoff,0,7,7
train_006716,runaway_loop,0,2,4
train_006717,deadlock,0,2,4
train_006718,goal_drift,0,0,1
train_006719,goal_drift,0,2,8
train_006720,clean,1,36,-1
train_006721,goal_drift,0,1,0
train_006722,conflict,1,15,13
train_006723,deadlock,0,3,19
train_006724,clean,1,21,-1
train_006725,runaway_loop,0,2,2
train_006726,conflict,0,12,12
train_006727,goal_drift,1,8,1
train_006728,goal_drift,0,2,0
train_006729,duplicated_work,0,29,31
train_006730,duplicated_work,1,29,23
train_006731,clean,1,45,-1
train_006732,conflict,0,18,19
train_006733,clean,1,22,-1
train_006734,runaway_loop,1,3,4
train_006735,runaway_loop,0,1,1
train_006736,conflict,0,49,48
train_006737,goal_drift,0,2,0
train_006738,conflict,0,17,16
train_006739,clean,1,45,-1
train_006740,duplicated_work,1,121,78
train_006741,goal_drift,0,1,6
train_006742,clean,1,64,-1
train_006743,clean,1,42,-1
train_006744,goal_drift,0,2,3
train_006745,duplicated_work,0,51,24
train_006746,clean,1,40,-1
train_006747,clean,1,30,-1
train_006748,deadlock,0,5,4
train_006749,conflict,0,57,12
train_006750,conflict,0,19,21
train_006751,runaway_loop,1,2,4
train_006752,clean,1,41,-1
train_006753,clean,0,56,-1
train_006754,runaway_loop,0,3,1
train_006755,clean,1,54,-1
train_006756,runaway_loop,0,1,1
train_006757,dropped_handoff,0,16,2
train_006758,clean,1,52,-1
train_006759,runaway_loop,0,1,0
train_006760,goal_drift,0,1,2
train_006761,clean,1,13,-1
train_006762,clean,0,15,-1
train_006763,goal_drift,0,6,7
train_006764,duplicated_work,1,23,24
train_006765,deadlock,0,25,19
train_006766,clean,1,59,-1
train_006767,deadlock,0,6,13
train_006768,dropped_handoff,0,3,13
train_006769,goal_drift,0,4,4
train_006770,conflict,0,26,3
train_006771,clean,1,94,-1
train_006772,goal_drift,0,9,9
train_006773,duplicated_work,0,27,9
train_006774,deadlock,0,2,0
train_006775,dropped_handoff,1,5,3
train_006776,duplicated_work,1,17,19
train_006777,conflict,0,42,32
train_006778,deadlock,0,0,1
train_006779,runaway_loop,0,3,5
train_006780,clean,0,32,-1
train_006781,deadlock,0,0,1
train_006782,duplicated_work,1,35,33
train_006783,dropped_handoff,0,2,5
train_006784,clean,1,60,-1
train_006785,deadlock,0,10,0
train_006786,deadlock,0,1,3
train_006787,clean,1,50,-1
train_006788,clean,1,37,-1
train_006789,deadlock,1,10,8
train_006790,dropped_handoff,0,7,11
train_006791,conflict,0,21,21
train_006792,runaway_loop,0,0,10
train_006793,duplicated_work,0,18,16
train_006794,deadlock,0,0,6
train_006795,runaway_loop,0,0,19
train_006796,dropped_handoff,0,12,4
train_006797,deadlock,0,0,8
train_006798,duplicated_work,1,19,18
train_006799,runaway_loop,0,0,6
train_006800,conflict,1,51,50
train_006801,goal_drift,0,2,4
train_006802,runaway_loop,0,2,5
train_006803,goal_drift,1,7,8
train_006804,conflict,0,22,23
train_006805,clean,1,81,-1
train_006806,clean,1,90,-1
train_006807,deadlock,0,5,7
train_006808,duplicated_work,1,25,23
train_006809,deadlock,0,1,2
train_006810,clean,1,23,-1
train_006811,clean,1,57,-1
train_006812,runaway_loop,0,1,3
train_006813,clean,1,76,-1
train_006814,deadlock,0,2,0
train_006815,deadlock,0,1,3
train_006816,goal_drift,0,7,5
train_006817,duplicated_work,0,16,17
train_006818,runaway_loop,1,1,3
train_006819,conflict,0,13,11
train_006820,clean,1,25,-1
train_006821,clean,1,39,-1
train_006822,deadlock,0,7,6
train_006823,duplicated_work,0,22,20
train_006824,dropped_handoff,0,16,18
train_006825,clean,1,29,-1
train_006826,goal_drift,0,2,3
train_006827,clean,1,53,-1
train_006828,runaway_loop,0,1,3
train_006829,dropped_handoff,0,0,11
train_006830,conflict,1,46,47
train_006831,duplicated_work,0,30,32
train_006832,clean,1,53,-1
train_006833,clean,1,28,-1
train_006834,duplicated_work,1,27,25
train_006835,runaway_loop,0,10,3
train_006836,conflict,1,29,24
train_006837,clean,0,46,-1
train_006838,duplicated_work,1,44,22
train_006839,goal_drift,0,1,2
train_006840,clean,1,41,-1
train_006841,clean,1,14,-1
train_006842,clean,0,59,-1
train_006843,duplicated_work,0,38,37
train_006844,conflict,0,10,12
train_006845,clean,1,42,-1
train_006846,dropped_handoff,0,3,29
train_006847,clean,1,16,-1
train_006848,runaway_loop,0,2,4
train_006849,clean,1,60,-1
train_006850,conflict,0,19,21
train_006851,goal_drift,0,0,1
train_006852,conflict,0,18,19
train_006853,clean,1,38,-1
train_006854,goal_drift,0,1,19
train_006855,goal_drift,0,3,3
train_006856,conflict,0,23,25
train_006857,deadlock,0,5,7
train_006858,dropped_handoff,1,4,7
train_006859,conflict,1,14,13
train_006860,dropped_handoff,1,3,9
train_006861,clean,1,41,-1
train_006862,deadlock,0,15,16
train_006863,clean,1,45,-1
train_006864,conflict,1,21,26
train_006865,duplicated_work,1,15,16
train_006866,deadlock,0,0,0
train_006867,clean,1,25,-1
train_006868,clean,1,22,-1
train_006869,dropped_handoff,0,2,4
train_006870,duplicated_work,1,13,13
train_006871,conflict,0,23,23
train_006872,conflict,1,36,7
train_006873,clean,0,75,-1
train_006874,clean,1,19,-1
train_006875,clean,1,26,-1
train_006876,clean,1,58,-1
train_006877,deadlock,0,8,13
train_006878,dropped_handoff,1,5,22
train_006879,clean,1,57,-1
train_006880,clean,1,17,-1
train_006881,goal_drift,1,0,12
train_006882,clean,1,31,-1
train_006883,duplicated_work,1,17,19
train_006884,clean,1,33,-1
train_006885,runaway_loop,0,3,3
train_006886,conflict,0,15,13
train_006887,clean,0,30,-1
train_006888,goal_drift,0,13,25
train_006889,clean,1,33,-1
train_006890,deadlock,0,6,7
train_006891,duplicated_work,1,20,21
train_006892,deadlock,0,4,1
train_006893,goal_drift,0,2,2
train_006894,clean,0,44,-1
train_006895,dropped_handoff,0,6,2
train_006896,clean,1,51,-1
train_006897,runaway_loop,1,0,0
train_006898,clean,1,24,-1
train_006899,goal_drift,0,2,4
train_006900,clean,1,20,-1
train_006901,clean,1,33,-1
train_006902,clean,0,42,-1
train_006903,duplicated_work,1,14,17
train_006904,clean,1,34,-1
train_006905,runaway_loop,0,7,11
train_006906,deadlock,0,4,3
train_006907,goal_drift,0,4,3
train_006908,conflict,1,22,24
train_006909,clean,1,35,-1
train_006910,goal_drift,0,2,1
train_006911,deadlock,0,2,0
train_006912,clean,1,89,-1
train_006913,conflict,0,27,3
train_006914,duplicated_work,1,33,31
train_006915,runaway_loop,0,1,1
train_006916,runaway_loop,1,2,21
train_006917,duplicated_work,1,47,28
train_006918,runaway_loop,1,1,0
train_006919,runaway_loop,1,2,1
train_006920,goal_drift,0,2,3
train_006921,goal_drift,0,9,1
train_006922,runaway_loop,0,2,2
train_006923,dropped_handoff,0,14,4
train_006924,clean,1,26,-1
train_006925,duplicated_work,1,19,21
train_006926,dropped_handoff,0,8,2
train_006927,dropped_handoff,0,1,2
train_006928,clean,1,51,-1
train_006929,goal_drift,0,2,0
train_006930,runaway_loop,0,3,3
train_006931,deadlock,0,6,6
train_006932,conflict,0,28,27
train_006933,clean,1,49,-1
train_006934,conflict,0,14,16
train_006935,duplicated_work,0,51,45
train_006936,duplicated_work,0,26,24
train_006937,conflict,0,34,35
train_006938,conflict,1,7,7
train_006939,deadlock,0,2,2
train_006940,deadlock,0,3,2
train_006941,conflict,0,8,10
train_006942,dropped_handoff,0,3,15
train_006943,clean,1,28,-1
train_006944,goal_drift,0,2,4
train_006945,clean,1,15,-1
train_006946,runaway_loop,0,2,3
train_006947,deadlock,0,4,2
train_006948,dropped_handoff,1,2,14
train_006949,dropped_handoff,0,4,17
train_006950,clean,1,35,-1
train_006951,dropped_handoff,1,14,29
train_006952,clean,1,56,-1
train_006953,dropped_handoff,0,10,9
train_006954,clean,0,71,-1
train_006955,runaway_loop,0,2,0
train_006956,conflict,1,43,45
train_006957,clean,1,55,-1
train_006958,duplicated_work,0,23,24
train_006959,deadlock,0,10,15
train_006960,runaway_loop,0,6,19
train_006961,clean,1,28,-1
train_006962,clean,1,18,-1
train_006963,clean,1,36,-1
train_006964,duplicated_work,1,30,31
train_006965,goal_drift,0,3,3
train_006966,dropped_handoff,0,7,14
train_006967,runaway_loop,0,1,0
train_006968,deadlock,1,4,3
train_006969,duplicated_work,1,44,53
train_006970,duplicated_work,1,15,13
train_006971,dropped_handoff,0,1,11
train_006972,runaway_loop,0,2,8
train_006973,runaway_loop,0,1,4
train_006974,dropped_handoff,0,0,7
train_006975,duplicated_work,0,28,29
train_006976,goal_drift,0,9,8
train_006977,clean,1,26,-1
train_006978,clean,1,26,-1
train_006979,goal_drift,0,5,4
train_006980,goal_drift,0,3,5
train_006981,deadlock,0,17,18
train_006982,goal_drift,0,0,8
train_006983,clean,1,66,-1
train_006984,conflict,0,24,26
train_006985,clean,1,25,-1
train_006986,deadlock,0,5,4
train_006987,conflict,0,38,39
train_006988,runaway_loop,1,3,2
train_006989,runaway_loop,0,5,5
train_006990,dropped_handoff,1,26,7
train_006991,conflict,0,33,35
train_006992,clean,1,29,-1
train_006993,goal_drift,0,2,3
train_006994,deadlock,0,6,4
train_006995,clean,0,83,-1
train_006996,dropped_handoff,0,8,14
train_006997,clean,1,72,-1
train_006998,clean,1,25,-1
train_006999,clean,1,19,-1
train_007000,runaway_loop,0,1,0
train_007001,clean,1,74,-1
train_007002,duplicated_work,1,23,25
train_007003,duplicated_work,1,20,20
train_007004,duplicated_work,1,56,52
train_007005,clean,1,39,-1
train_007006,dropped_handoff,0,3,11
train_007007,clean,1,24,-1
train_007008,duplicated_work,1,65,42
train_007009,clean,1,62,-1
train_007010,dropped_handoff,0,12,19
train_007011,clean,0,52,-1
train_007012,conflict,0,8,6
train_007013,runaway_loop,0,1,0
train_007014,runaway_loop,0,0,0
train_007015,goal_drift,1,2,3
train_007016,runaway_loop,0,0,4
train_007017,runaway_loop,0,4,22
train_007018,duplicated_work,0,29,31
train_007019,conflict,1,18,25
train_007020,clean,1,33,-1
train_007021,goal_drift,0,3,1
train_007022,clean,0,38,-1
train_007023,duplicated_work,0,17,19
train_007024,clean,0,57,-1
train_007025,clean,1,17,-1
train_007026,clean,1,21,-1
train_007027,conflict,0,20,22
train_007028,duplicated_work,0,38,47
train_007029,goal_drift,0,2,7
train_007030,runaway_loop,1,0,0
train_007031,duplicated_work,0,8,10
train_007032,runaway_loop,0,1,2
train_007033,conflict,0,5,7
train_007034,duplicated_work,1,18,19
train_007035,runaway_loop,0,5,15
train_007036,clean,1,24,-1
train_007037,duplicated_work,1,50,48
train_007038,deadlock,0,5,5
train_007039,dropped_handoff,0,7,2
train_007040,runaway_loop,0,1,0
train_007041,clean,0,79,-1
train_007042,conflict,1,45,44
train_007043,conflict,0,11,12
train_007044,clean,1,23,-1
train_007045,runaway_loop,0,0,1
train_007046,goal_drift,0,17,8
train_007047,goal_drift,0,22,21
train_007048,clean,1,15,-1
train_007049,deadlock,0,4,4
train_007050,goal_drift,1,1,0
train_007051,duplicated_work,1,41,39
train_007052,clean,1,14,-1
train_007053,deadlock,0,0,1
train_007054,conflict,0,41,12
train_007055,runaway_loop,0,4,2
train_007056,deadlock,0,1,3
train_007057,runaway_loop,0,4,0
train_007058,dropped_handoff,0,0,1
train_007059,clean,1,37,-1
train_007060,goal_drift,0,2,40
train_007061,clean,0,76,-1
train_007062,clean,1,68,-1
train_007063,conflict,0,23,17
train_007064,dropped_handoff,0,4,9
train_007065,clean,1,56,-1
train_007066,duplicated_work,1,14,13
train_007067,goal_drift,0,1,11
train_007068,runaway_loop,0,1,0
train_007069,deadlock,0,1,3
train_007070,conflict,0,33,34
train_007071,conflict,0,26,26
train_007072,conflict,0,13,14
train_007073,dropped_handoff,0,50,24
train_007074,clean,1,48,-1
train_007075,clean,1,49,-1
train_007076,dropped_handoff,0,2,22
train_007077,runaway_loop,0,1,2
train_007078,goal_drift,0,15,15
train_007079,clean,1,17,-1
train_007080,duplicated_work,1,12,18
train_007081,conflict,1,16,18
train_007082,clean,1,43,-1
train_007083,conflict,0,67,9
train_007084,deadlock,0,0,2
train_007085,duplicated_work,1,37,39
train_007086,deadlock,0,3,4
train_007087,deadlock,0,10,12
train_007088,dropped_handoff,0,2,14
train_007089,deadlock,0,13,12
train_007090,conflict,1,14,22
train_007091,runaway_loop,1,0,1
train_007092,dropped_handoff,0,2,12
train_007093,dropped_handoff,0,3,24
train_007094,clean,1,45,-1
train_007095,clean,1,46,-1
train_007096,duplicated_work,0,22,23
train_007097,duplicated_work,1,50,51
train_007098,deadlock,0,0,1
train_007099,dropped_handoff,1,15,14
train_007100,goal_drift,0,0,0
train_007101,goal_drift,0,6,7
train_007102,runaway_loop,0,0,1
train_007103,dropped_handoff,0,5,11
train_007104,clean,1,15,-1
train_007105,dropped_handoff,0,3,7
train_007106,deadlock,0,5,0
train_007107,clean,1,89,-1
train_007108,goal_drift,0,5,4
train_007109,goal_drift,0,2,2
train_007110,deadlock,0,3,1
train_007111,clean,1,19,-1
train_007112,conflict,0,28,29
train_007113,duplicated_work,1,23,24
train_007114,runaway_loop,1,0,11
train_007115,duplicated_work,0,20,30
train_007116,goal_drift,0,11,3
train_007117,clean,1,37,-1
train_007118,goal_drift,0,1,3
train_007119,deadlock,0,3,1
train_007120,clean,1,41,-1
train_007121,clean,1,31,-1
train_007122,deadlock,0,3,2
train_007123,deadlock,0,4,6
train_007124,duplicated_work,0,14,2
train_007125,duplicated_work,0,29,21
train_007126,duplicated_work,1,15,13
train_007127,clean,1,37,-1
train_007128,deadlock,0,6,4
train_007129,clean,1,59,-1
train_007130,goal_drift,0,1,11
train_007131,clean,1,60,-1
train_007132,runaway_loop,0,2,0
train_007133,duplicated_work,1,38,36
train_007134,goal_drift,0,3,5
train_007135,goal_drift,0,1,3
train_007136,duplicated_work,1,20,19
train_007137,deadlock,0,1,12
train_007138,deadlock,0,7,9
train_007139,conflict,0,38,40
train_007140,goal_drift,1,6,0
train_007141,deadlock,0,2,0
train_007142,conflict,1,19,11
train_007143,dropped_handoff,0,2,7
train_007144,goal_drift,0,6,8
train_007145,duplicated_work,1,33,35
train_007146,deadlock,0,5,5
train_007147,deadlock,1,7,9
train_007148,deadlock,0,6,6
train_007149,conflict,0,7,6
train_007150,conflict,0,22,9
train_007151,clean,1,24,-1
train_007152,duplicated_work,1,23,25
train_007153,deadlock,1,1,1
train_007154,conflict,0,9,9
train_007155,goal_drift,0,4,3
train_007156,clean,1,24,-1
train_007157,runaway_loop,0,2,0
train_007158,runaway_loop,0,0,0
train_007159,deadlock,0,3,3
train_007160,dropped_handoff,0,3,27
train_007161,clean,1,48,-1
train_007162,duplicated_work,1,31,33
train_007163,clean,1,40,-1
train_007164,conflict,0,4,5
train_007165,clean,1,20,-1
train_007166,clean,1,14,-1
train_007167,clean,1,16,-1
train_007168,goal_drift,0,3,43
train_007169,deadlock,0,9,22
train_007170,clean,1,33,-1
train_007171,deadlock,0,3,4
train_007172,deadlock,0,7,0
train_007173,duplicated_work,0,20,15
train_007174,deadlock,0,2,11
train_007175,clean,1,78,-1
train_007176,dropped_handoff,0,4,3
train_007177,goal_drift,1,2,4
train_007178,dropped_handoff,0,4,9
train_007179,dropped_handoff,1,4,10
train_007180,duplicated_work,1,42,42
train_007181,conflict,0,16,10
train_007182,clean,1,91,-1
train_007183,runaway_loop,0,2,6
train_007184,dropped_handoff,0,3,11
train_007185,clean,1,21,-1
train_007186,deadlock,0,7,1
train_007187,goal_drift,0,1,5
train_007188,clean,0,39,-1
train_007189,goal_drift,1,2,21
train_007190,clean,1,21,-1
train_007191,conflict,0,35,33
train_007192,goal_drift,0,2,0
train_007193,deadlock,0,9,13
train_007194,clean,1,20,-1
train_007195,clean,1,22,-1
train_007196,deadlock,0,5,5
train_007197,goal_drift,0,2,0
train_007198,conflict,0,21,19
train_007199,deadlock,0,4,0
train_007200,duplicated_work,1,38,40
train_007201,dropped_handoff,0,2,12
train_007202,dropped_handoff,0,11,15
train_007203,clean,1,39,-1
train_007204,clean,1,56,-1
train_007205,deadlock,0,17,15
train_007206,clean,1,43,-1
train_007207,runaway_loop,0,0,2
train_007208,conflict,0,12,10
train_007209,conflict,0,10,12
train_007210,runaway_loop,0,2,0
train_007211,deadlock,0,4,6
train_007212,runaway_loop,0,2,1
train_007213,goal_drift,0,0,11
train_007214,duplicated_work,1,41,40
train_007215,conflict,0,17,15
train_007216,duplicated_work,1,7,8
train_007217,deadlock,0,4,3
train_007218,conflict,0,26,7
train_007219,goal_drift,0,4,6
train_007220,conflict,0,32,31
train_007221,duplicated_work,0,33,32
train_007222,clean,1,50,-1
train_007223,clean,1,38,-1
train_007224,runaway_loop,0,0,1
train_007225,goal_drift,0,13,23
train_007226,dropped_handoff,0,4,18
train_007227,clean,1,42,-1
train_007228,conflict,1,9,9
train_007229,dropped_handoff,0,18,4
train_007230,duplicated_work,1,33,32
train_007231,duplicated_work,1,26,25
train_007232,clean,1,40,-1
train_007233,goal_drift,0,6,0
train_007234,clean,1,46,-1
train_007235,clean,0,35,-1
train_007236,runaway_loop,0,2,0
train_007237,deadlock,0,2,4
train_007238,conflict,0,16,18
train_007239,dropped_handoff,0,4,9
train_007240,clean,1,30,-1
train_007241,dropped_handoff,0,10,4
train_007242,runaway_loop,1,2,4
train_007243,deadlock,0,2,2
train_007244,goal_drift,0,0,1
train_007245,deadlock,0,7,5
train_007246,clean,1,27,-1
train_007247,clean,1,40,-1
train_007248,duplicated_work,1,26,25
train_007249,clean,1,34,-1
train_007250,dropped_handoff,0,0,27
train_007251,clean,1,81,-1
train_007252,runaway_loop,0,0,0
train_007253,conflict,1,9,7
train_007254,goal_drift,0,0,0
train_007255,clean,1,58,-1
train_007256,clean,1,12,-1
train_007257,duplicated_work,0,15,20
train_007258,deadlock,0,9,10
train_007259,runaway_loop,0,2,1
train_007260,dropped_handoff,1,14,2
train_007261,runaway_loop,0,0,5
train_007262,clean,1,86,-1
train_007263,deadlock,0,1,3
train_007264,deadlock,0,0,1
train_007265,goal_drift,0,1,1
train_007266,runaway_loop,0,2,0
train_007267,deadlock,0,20,7
train_007268,goal_drift,0,9,14
train_007269,clean,1,53,-1
train_007270,goal_drift,0,2,0
train_007271,runaway_loop,0,3,9
train_007272,clean,1,83,-1
train_007273,clean,1,56,-1
train_007274,dropped_handoff,1,3,10
train_007275,goal_drift,0,11,10
train_007276,conflict,0,27,42
train_007277,clean,1,24,-1
train_007278,clean,1,27,-1
train_007279,goal_drift,0,3,12
train_007280,clean,1,13,-1
train_007281,runaway_loop,0,0,0
train_007282,goal_drift,0,2,1
train_007283,clean,0,45,-1
train_007284,deadlock,0,4,2
train_007285,runaway_loop,0,1,3
train_007286,duplicated_work,1,23,41
train_007287,clean,1,35,-1
train_007288,goal_drift,0,3,3
train_007289,runaway_loop,0,0,2
train_007290,clean,1,29,-1
train_007291,runaway_loop,0,2,4
train_007292,clean,1,47,-1
train_007293,duplicated_work,1,19,28
train_007294,duplicated_work,0,22,22
train_007295,duplicated_work,1,26,27
train_007296,conflict,1,7,7
train_007297,runaway_loop,0,2,31
train_007298,runaway_loop,0,0,2
train_007299,clean,1,52,-1
train_007300,clean,1,23,-1
train_007301,runaway_loop,0,3,2
train_007302,conflict,1,23,10
train_007303,deadlock,0,2,2
train_007304,dropped_handoff,0,2,6
train_007305,deadlock,0,16,18
train_007306,conflict,1,32,33
train_007307,goal_drift,1,7,5
train_007308,goal_drift,0,1,13
train_007309,clean,1,60,-1
train_007310,clean,1,64,-1
train_007311,conflict,0,33,36
train_007312,conflict,0,19,15
train_007313,duplicated_work,1,23,23
train_007314,conflict,0,31,31
train_007315,deadlock,0,3,16
train_007316,clean,1,53,-1
train_007317,clean,1,29,-1
train_007318,goal_drift,0,4,0
train_007319,goal_drift,0,17,16
train_007320,dropped_handoff,0,1,4
train_007321,deadlock,0,14,14
train_007322,clean,0,26,-1
train_007323,clean,1,66,-1
train_007324,clean,1,26,-1
train_007325,dropped_handoff,0,9,7
train_007326,clean,1,37,-1
train_007327,clean,1,21,-1
train_007328,conflict,0,26,28
train_007329,clean,1,29,-1
train_007330,dropped_handoff,0,8,7
train_007331,goal_drift,0,3,3
train_007332,deadlock,0,7,24
train_007333,conflict,1,9,8
train_007334,clean,1,24,-1
train_007335,deadlock,0,1,0
train_007336,runaway_loop,0,2,16
train_007337,duplicated_work,1,16,17
train_007338,dropped_handoff,0,9,7
train_007339,duplicated_work,1,10,12
train_007340,clean,0,85,-1
train_007341,runaway_loop,0,4,2
train_007342,deadlock,0,2,0
train_007343,deadlock,0,3,1
train_007344,runaway_loop,1,2,4
train_007345,duplicated_work,1,34,44
train_007346,clean,1,14,-1
train_007347,clean,1,22,-1
train_007348,dropped_handoff,0,2,3
train_007349,deadlock,0,0,2
train_007350,clean,1,56,-1
train_007351,clean,1,33,-1
train_007352,clean,1,27,-1
train_007353,deadlock,0,0,2
train_007354,runaway_loop,0,0,0
train_007355,conflict,1,24,57
train_007356,dropped_handoff,0,12,8
train_007357,goal_drift,0,1,3
train_007358,clean,1,66,-1
train_007359,clean,1,42,-1
train_007360,runaway_loop,0,7,0
train_007361,conflict,0,27,22
train_007362,runaway_loop,0,1,0
train_007363,runaway_loop,0,8,6
train_007364,clean,1,22,-1
train_007365,goal_drift,0,2,0
train_007366,goal_drift,0,2,10
train_007367,runaway_loop,0,1,2
train_007368,duplicated_work,1,7,7
train_007369,duplicated_work,1,38,38
train_007370,dropped_handoff,0,2,5
train_007371,clean,0,66,-1
train_007372,conflict,0,19,17
train_007373,conflict,0,11,13
train_007374,duplicated_work,1,44,44
train_007375,goal_drift,0,2,4
train_007376,deadlock,0,29,29
train_007377,duplicated_work,0,28,26
train_007378,conflict,0,5,5
train_007379,duplicated_work,1,16,18
train_007380,clean,1,32,-1
train_007381,conflict,0,20,21
train_007382,conflict,0,13,12
train_007383,goal_drift,0,3,3
train_007384,clean,1,45,-1
train_007385,conflict,0,7,6
train_007386,clean,1,24,-1
train_007387,conflict,0,25,27
train_007388,clean,1,27,-1
train_007389,runaway_loop,0,1,0
train_007390,clean,1,20,-1
train_007391,runaway_loop,0,0,5
train_007392,clean,1,31,-1
train_007393,goal_drift,0,2,0
train_007394,clean,1,70,-1
train_007395,dropped_handoff,0,14,7
train_007396,clean,1,51,-1
train_007397,dropped_handoff,0,15,13
train_007398,runaway_loop,0,8,9
train_007399,conflict,0,6,27
train_007400,deadlock,0,0,1
train_007401,conflict,1,20,2
train_007402,duplicated_work,1,21,23
train_007403,clean,1,43,-1
train_007404,clean,1,71,-1
train_007405,duplicated_work,1,23,22
train_007406,duplicated_work,1,15,14
train_007407,clean,1,53,-1
train_007408,clean,1,30,-1
train_007409,dropped_handoff,0,1,15
train_007410,dropped_handoff,0,3,1
train_007411,runaway_loop,0,11,4
train_007412,goal_drift,1,0,1
train_007413,clean,0,29,-1
train_007414,clean,1,14,-1
train_007415,conflict,0,18,20
train_007416,runaway_loop,0,3,2
train_007417,deadlock,0,10,8
train_007418,clean,1,15,-1
train_007419,deadlock,0,5,4
train_007420,conflict,0,33,31
train_007421,duplicated_work,0,23,21
train_007422,deadlock,0,3,2
train_007423,conflict,0,31,32
train_007424,deadlock,0,2,1
train_007425,deadlock,0,0,0
train_007426,runaway_loop,0,2,1
train_007427,clean,1,21,-1
train_007428,goal_drift,0,2,3
train_007429,goal_drift,0,0,6
train_007430,deadlock,0,3,1
train_007431,runaway_loop,0,3,1
train_007432,clean,1,20,-1
train_007433,conflict,0,11,13
train_007434,clean,1,30,-1
train_007435,deadlock,0,2,0
train_007436,conflict,0,16,18
train_007437,duplicated_work,1,25,26
train_007438,clean,1,38,-1
train_007439,dropped_handoff,1,9,5
train_007440,conflict,1,26,25
train_007441,clean,1,63,-1
train_007442,goal_drift,0,1,1
train_007443,runaway_loop,0,4,5
train_007444,clean,1,31,-1
train_007445,runaway_loop,1,4,2
train_007446,clean,1,57,-1
train_007447,duplicated_work,0,17,19
train_007448,runaway_loop,0,3,1
train_007449,conflict,1,15,16
train_007450,clean,1,42,-1
train_007451,conflict,0,30,29
train_007452,clean,1,25,-1
train_007453,clean,1,38,-1
train_007454,conflict,0,9,11
train_007455,clean,1,37,-1
train_007456,runaway_loop,1,0,0
train_007457,clean,1,12,-1
train_007458,dropped_handoff,1,15,14
train_007459,dropped_handoff,0,5,18
train_007460,runaway_loop,1,1,0
train_007461,conflict,1,30,20
train_007462,goal_drift,0,4,5
train_007463,runaway_loop,0,3,1
train_007464,runaway_loop,0,2,1
train_007465,clean,1,40,-1
train_007466,runaway_loop,1,4,3
train_007467,conflict,0,27,26
train_007468,goal_drift,0,5,0
train_007469,conflict,0,28,28
train_007470,deadlock,0,12,11
train_007471,dropped_handoff,1,0,5
train_007472,duplicated_work,1,34,11
train_007473,conflict,0,25,46
train_007474,clean,1,22,-1
train_007475,conflict,1,50,52
train_007476,conflict,0,25,26
train_007477,deadlock,0,1,0
train_007478,dropped_handoff,0,2,8
train_007479,runaway_loop,0,3,1
train_007480,clean,0,53,-1
train_007481,clean,1,33,-1
train_007482,conflict,0,18,15
train_007483,clean,1,17,-1
train_007484,conflict,0,34,34
train_007485,duplicated_work,1,17,15
train_007486,clean,1,37,-1
train_007487,runaway_loop,0,2,3
train_007488,runaway_loop,0,3,41
train_007489,conflict,1,27,17
train_007490,goal_drift,0,3,10
train_007491,deadlock,0,0,5
train_007492,runaway_loop,1,4,0
train_007493,deadlock,0,17,5
train_007494,conflict,1,17,19
train_007495,clean,1,42,-1
train_007496,deadlock,0,6,4
train_007497,clean,1,61,-1
train_007498,clean,1,24,-1
train_007499,clean,1,31,-1
train_007500,conflict,1,15,13
train_007501,conflict,1,47,41
train_007502,clean,1,62,-1
train_007503,clean,1,26,-1
train_007504,clean,1,78,-1
train_007505,conflict,0,15,13
train_007506,runaway_loop,0,0,0
train_007507,deadlock,0,0,0
train_007508,clean,1,66,-1
train_007509,conflict,1,34,36
train_007510,clean,1,32,-1
train_007511,deadlock,0,6,4
train_007512,clean,1,35,-1
train_007513,clean,1,27,-1
train_007514,runaway_loop,1,0,0
train_007515,deadlock,0,1,1
train_007516,clean,1,75,-1
train_007517,clean,1,53,-1
train_007518,conflict,1,16,24
train_007519,dropped_handoff,0,2,3
train_007520,clean,0,57,-1
train_007521,goal_drift,0,2,0
train_007522,runaway_loop,0,1,0
train_007523,deadlock,0,2,4
train_007524,clean,1,39,-1
train_007525,clean,1,31,-1
train_007526,conflict,0,8,9
train_007527,runaway_loop,0,0,0
train_007528,conflict,0,18,16
train_007529,clean,1,45,-1
train_007530,dropped_handoff,0,9,14
train_007531,deadlock,0,4,2
train_007532,duplicated_work,1,20,18
train_007533,runaway_loop,0,2,2
train_007534,goal_drift,0,20,55
train_007535,dropped_handoff,1,8,12
train_007536,dropped_handoff,0,18,7
train_007537,clean,1,72,-1
train_007538,clean,1,42,-1
train_007539,conflict,0,5,7
train_007540,deadlock,1,2,0
train_007541,dropped_handoff,0,0,1
train_007542,clean,1,13,-1
train_007543,clean,0,101,-1
train_007544,clean,1,68,-1
train_007545,conflict,0,24,22
train_007546,conflict,1,16,14
train_007547,clean,1,27,-1
train_007548,goal_drift,0,3,1
train_007549,duplicated_work,1,26,27
train_007550,deadlock,0,0,1
train_007551,clean,1,32,-1
train_007552,runaway_loop,0,0,0
train_007553,duplicated_work,0,7,9
train_007554,clean,1,16,-1
train_007555,conflict,1,55,55
train_007556,deadlock,0,2,0
train_007557,clean,1,48,-1
train_007558,goal_drift,0,0,2
train_007559,duplicated_work,1,25,23
train_007560,deadlock,1,17,6
train_007561,runaway_loop,0,1,0
train_007562,dropped_handoff,0,17,11
train_007563,dropped_handoff,0,2,13
train_007564,conflict,1,8,10
train_007565,dropped_handoff,0,5,14
train_007566,deadlock,0,13,12
train_007567,duplicated_work,1,25,24
train_007568,duplicated_work,0,29,29
train_007569,goal_drift,0,4,5
train_007570,deadlock,0,8,10
train_007571,deadlock,0,6,5
train_007572,clean,1,54,-1
train_007573,deadlock,0,8,10
train_007574,duplicated_work,1,17,16
train_007575,goal_drift,1,0,0
train_007576,runaway_loop,0,1,2
train_007577,clean,1,75,-1
train_007578,clean,1,19,-1
train_007579,clean,1,54,-1
train_007580,runaway_loop,0,2,0
train_007581,runaway_loop,0,3,2
train_007582,clean,1,63,-1
train_007583,runaway_loop,0,0,5
train_007584,runaway_loop,0,1,2
train_007585,duplicated_work,1,15,17
train_007586,deadlock,0,2,3
train_007587,clean,1,26,-1
train_007588,goal_drift,0,5,3
train_007589,duplicated_work,1,13,11
train_007590,clean,1,45,-1
train_007591,clean,1,19,-1
train_007592,clean,1,14,-1
train_007593,runaway_loop,0,4,4
train_007594,goal_drift,0,3,3
train_007595,dropped_handoff,0,1,4
train_007596,clean,1,52,-1
train_007597,runaway_loop,0,0,0
train_007598,clean,1,63,-1
train_007599,duplicated_work,0,20,22
train_007600,dropped_handoff,0,10,27
train_007601,duplicated_work,0,43,45
train_007602,deadlock,0,15,9
train_007603,goal_drift,0,1,19
train_007604,clean,1,40,-1
train_007605,duplicated_work,1,31,32
train_007606,conflict,0,5,4
train_007607,goal_drift,0,5,26
train_007608,runaway_loop,1,3,2
train_007609,dropped_handoff,0,12,13
train_007610,deadlock,0,1,38
train_007611,goal_drift,0,2,8
train_007612,duplicated_work,1,20,22
train_007613,runaway_loop,0,3,2
train_007614,duplicated_work,1,19,17
train_007615,dropped_handoff,0,10,5
train_007616,clean,1,16,-1
train_007617,clean,1,40,-1
train_007618,clean,1,31,-1
train_007619,goal_drift,0,5,10
train_007620,clean,0,28,-1
train_007621,conflict,1,33,25
train_007622,clean,1,46,-1
train_007623,clean,0,72,-1
train_007624,goal_drift,0,2,4
train_007625,conflict,1,9,3
train_007626,goal_drift,0,3,18
train_007627,goal_drift,0,4,6
train_007628,goal_drift,0,3,1
train_007629,clean,1,31,-1
train_007630,deadlock,1,2,0
train_007631,goal_drift,0,2,10
train_007632,conflict,0,22,11
train_007633,deadlock,0,0,18
train_007634,clean,0,61,-1
train_007635,runaway_loop,1,0,0
train_007636,deadlock,0,7,7
train_007637,conflict,0,23,24
train_007638,dropped_handoff,0,6,21
train_007639,runaway_loop,0,0,0
train_007640,deadlock,0,13,14
train_007641,duplicated_work,1,54,30
train_007642,conflict,1,22,24
train_007643,deadlock,0,4,6
train_007644,clean,1,45,-1
train_007645,clean,1,35,-1
train_007646,deadlock,0,12,12
train_007647,conflict,0,25,27
train_007648,runaway_loop,0,4,2
train_007649,dropped_handoff,0,2,19
train_007650,duplicated_work,1,49,48
train_007651,deadlock,0,3,3
train_007652,runaway_loop,0,3,7
train_007653,conflict,0,13,12
train_007654,clean,1,50,-1
train_007655,clean,1,37,-1
train_007656,clean,1,66,-1
train_007657,conflict,0,15,14
train_007658,clean,1,53,-1
train_007659,runaway_loop,0,3,5
train_007660,deadlock,0,15,1
train_007661,deadlock,0,9,39
train_007662,conflict,0,67,66
train_007663,conflict,0,10,11
train_007664,clean,1,41,-1
train_007665,dropped_handoff,0,9,25
train_007666,goal_drift,0,4,12
train_007667,conflict,0,19,36
train_007668,clean,1,20,-1
train_007669,conflict,1,24,25
train_007670,duplicated_work,0,27,27
train_007671,duplicated_work,1,19,19
train_007672,goal_drift,0,4,9
train_007673,duplicated_work,0,15,17
train_007674,clean,0,28,-1
train_007675,goal_drift,0,7,7
train_007676,clean,1,42,-1
train_007677,deadlock,0,2,4
train_007678,clean,1,38,-1
train_007679,conflict,0,35,21
train_007680,goal_drift,0,5,3
train_007681,deadlock,0,0,1
train_007682,duplicated_work,1,22,31
train_007683,clean,1,20,-1
train_007684,clean,1,18,-1
train_007685,dropped_handoff,0,1,12
train_007686,goal_drift,0,20,3
train_007687,conflict,0,57,19
train_007688,clean,1,29,-1
train_007689,duplicated_work,1,26,24
train_007690,deadlock,0,6,14
train_007691,runaway_loop,0,16,10
train_007692,clean,1,33,-1
train_007693,dropped_handoff,0,19,24
train_007694,clean,1,35,-1
train_007695,goal_drift,0,2,4
train_007696,goal_drift,1,3,2
train_007697,clean,1,35,-1
train_007698,duplicated_work,1,31,19
train_007699,deadlock,0,10,11
train_007700,clean,1,26,-1
train_007701,goal_drift,0,10,4
train_007702,runaway_loop,0,5,1
train_007703,clean,1,45,-1
train_007704,duplicated_work,1,24,23
train_007705,duplicated_work,1,24,22
train_007706,clean,1,35,-1
train_007707,conflict,1,26,12
train_007708,goal_drift,0,6,4
train_007709,deadlock,1,8,6
train_007710,conflict,0,26,25
train_007711,goal_drift,0,2,1
train_007712,deadlock,0,1,3
train_007713,clean,1,76,-1
train_007714,duplicated_work,1,22,20
train_007715,clean,1,37,-1
train_007716,runaway_loop,0,7,6
train_007717,clean,1,35,-1
train_007718,runaway_loop,0,1,0
train_007719,deadlock,0,1,2
train_007720,goal_drift,0,3,5
train_007721,deadlock,0,4,36
train_007722,clean,0,33,-1
train_007723,goal_drift,0,0,0
train_007724,conflict,1,11,4
train_007725,duplicated_work,1,13,12
train_007726,conflict,0,14,12
train_007727,goal_drift,0,0,0
train_007728,conflict,1,13,13
train_007729,runaway_loop,0,2,0
train_007730,conflict,0,17,17
train_007731,clean,1,49,-1
train_007732,runaway_loop,0,2,0
train_007733,conflict,0,18,17
train_007734,clean,1,25,-1
train_007735,conflict,1,43,45
train_007736,clean,1,46,-1
train_007737,deadlock,0,8,6
train_007738,clean,1,42,-1
train_007739,clean,1,40,-1
train_007740,conflict,1,19,19
train_007741,clean,1,53,-1
train_007742,runaway_loop,1,0,0
train_007743,clean,1,32,-1
train_007744,duplicated_work,0,22,22
train_007745,duplicated_work,0,31,24
train_007746,deadlock,0,2,1
train_007747,clean,1,46,-1
train_007748,clean,1,28,-1
train_007749,conflict,0,26,27
train_007750,dropped_handoff,0,4,8
train_007751,goal_drift,0,2,2
train_007752,goal_drift,0,7,5
train_007753,conflict,0,19,4
train_007754,deadlock,0,8,6
train_007755,duplicated_work,1,40,38
train_007756,deadlock,0,0,2
train_007757,goal_drift,1,2,1
train_007758,dropped_handoff,0,12,15
train_007759,clean,1,43,-1
train_007760,runaway_loop,0,0,2
train_007761,clean,1,34,-1
train_007762,deadlock,0,5,7
train_007763,clean,1,25,-1
train_007764,goal_drift,0,2,2
train_007765,deadlock,0,5,7
train_007766,runaway_loop,0,9,7
train_007767,deadlock,0,4,6
train_007768,clean,1,32,-1
train_007769,clean,1,25,-1
train_007770,conflict,1,17,18
train_007771,clean,1,46,-1
train_007772,clean,1,55,-1
train_007773,conflict,1,20,18
train_007774,runaway_loop,0,3,2
train_007775,goal_drift,0,7,5
train_007776,runaway_loop,0,2,0
train_007777,clean,1,64,-1
train_007778,clean,1,63,-1
train_007779,conflict,1,31,30
train_007780,duplicated_work,1,20,21
train_007781,runaway_loop,1,3,1
train_007782,runaway_loop,0,2,0
train_007783,runaway_loop,0,2,3
train_007784,duplicated_work,1,32,34
train_007785,dropped_handoff,0,2,8
train_007786,clean,1,54,-1
train_007787,clean,1,50,-1
train_007788,duplicated_work,1,29,27
train_007789,runaway_loop,0,0,35
train_007790,runaway_loop,1,4,2
train_007791,duplicated_work,1,27,29
train_007792,dropped_handoff,0,0,3
train_007793,runaway_loop,1,1,1
train_007794,clean,1,33,-1
train_007795,dropped_handoff,0,2,4
train_007796,clean,1,22,-1
train_007797,goal_drift,0,3,16
train_007798,goal_drift,0,0,2
train_007799,clean,1,39,-1
train_007800,clean,0,38,-1
train_007801,deadlock,0,3,5
train_007802,goal_drift,0,4,4
train_007803,runaway_loop,0,0,0
train_007804,dropped_handoff,0,5,2
train_007805,runaway_loop,0,2,4
train_007806,duplicated_work,1,18,17
train_007807,deadlock,0,7,9
train_007808,runaway_loop,0,3,4
train_007809,conflict,0,23,25
train_007810,deadlock,0,4,6
train_007811,goal_drift,0,13,13
train_007812,goal_drift,0,2,2
train_007813,conflict,1,11,18
train_007814,dropped_handoff,0,2,58
train_007815,duplicated_work,1,20,22
train_007816,goal_drift,0,2,0
train_007817,clean,1,28,-1
train_007818,runaway_loop,0,6,6
train_007819,runaway_loop,0,3,6
train_007820,clean,1,34,-1
train_007821,clean,1,45,-1
train_007822,clean,1,36,-1
train_007823,conflict,0,17,17
train_007824,conflict,0,25,27
train_007825,conflict,1,29,27
train_007826,clean,1,31,-1
train_007827,conflict,1,11,10
train_007828,conflict,1,71,39
train_007829,clean,1,25,-1
train_007830,duplicated_work,1,37,39
train_007831,deadlock,0,9,11
train_007832,clean,1,51,-1
train_007833,clean,1,77,-1
train_007834,goal_drift,0,4,0
train_007835,runaway_loop,0,8,6
train_007836,conflict,0,28,30
train_007837,deadlock,0,7,7
train_007838,duplicated_work,0,43,41
train_007839,goal_drift,0,1,7
train_007840,runaway_loop,0,2,4
train_007841,clean,1,52,-1
train_007842,runaway_loop,0,2,1
train_007843,conflict,1,38,31
train_007844,clean,1,47,-1
train_007845,duplicated_work,0,23,24
train_007846,duplicated_work,1,18,20
train_007847,duplicated_work,0,20,18
train_007848,duplicated_work,1,49,49
train_007849,goal_drift,0,16,17
train_007850,clean,1,25,-1
train_007851,clean,1,32,-1
train_007852,duplicated_work,1,27,30
train_007853,clean,1,54,-1
train_007854,clean,1,40,-1
train_007855,conflict,0,47,41
train_007856,duplicated_work,0,45,45
train_007857,dropped_handoff,0,6,7
train_007858,goal_drift,0,10,9
train_007859,duplicated_work,0,30,31
train_007860,goal_drift,0,2,8
train_007861,goal_drift,0,5,6
train_007862,clean,1,37,-1
train_007863,deadlock,0,3,3
train_007864,runaway_loop,1,0,1
train_007865,clean,1,57,-1
train_007866,duplicated_work,0,28,26
train_007867,clean,0,32,-1
train_007868,deadlock,0,4,3
train_007869,conflict,0,30,15
train_007870,duplicated_work,1,60,27
train_007871,clean,1,48,-1
train_007872,conflict,0,18,3
train_007873,runaway_loop,0,1,1
train_007874,runaway_loop,0,0,4
train_007875,runaway_loop,0,3,2
train_007876,conflict,0,13,14
train_007877,clean,1,50,-1
train_007878,clean,1,31,-1
train_007879,goal_drift,1,0,19
train_007880,runaway_loop,0,9,7
train_007881,dropped_handoff,1,2,7
train_007882,clean,1,64,-1
train_007883,runaway_loop,0,3,1
train_007884,deadlock,0,2,7
train_007885,deadlock,0,2,0
train_007886,clean,0,54,-1
train_007887,deadlock,0,9,22
train_007888,runaway_loop,1,2,2
train_007889,clean,1,41,-1
train_007890,runaway_loop,0,8,1
train_007891,deadlock,0,2,22
train_007892,dropped_handoff,1,7,7
train_007893,duplicated_work,0,31,30
train_007894,deadlock,0,4,5
train_007895,duplicated_work,1,40,38
train_007896,runaway_loop,0,1,3
train_007897,clean,1,28,-1
train_007898,conflict,0,16,14
train_007899,deadlock,0,5,3
train_007900,dropped_handoff,0,5,6
train_007901,deadlock,0,4,3
train_007902,deadlock,1,34,1
train_007903,goal_drift,0,17,15
train_007904,goal_drift,0,5,3
train_007905,conflict,0,18,7
train_007906,goal_drift,1,4,0
train_007907,clean,1,42,-1
train_007908,goal_drift,0,12,4
train_007909,clean,1,38,-1
train_007910,deadlock,0,1,9
train_007911,runaway_loop,1,2,1
train_007912,deadlock,0,15,14
train_007913,conflict,0,13,11
train_007914,goal_drift,0,1,3
train_007915,duplicated_work,1,33,35
train_007916,clean,1,47,-1
train_007917,goal_drift,0,8,14
train_007918,conflict,0,15,21
train_007919,goal_drift,0,1,3
train_007920,dropped_handoff,0,2,9
train_007921,runaway_loop,0,3,2
train_007922,conflict,0,37,38
train_007923,goal_drift,0,2,3
train_007924,duplicated_work,1,24,26
train_007925,duplicated_work,1,15,13
train_007926,conflict,1,10,8
train_007927,clean,1,29,-1
train_007928,clean,1,26,-1
train_007929,clean,1,36,-1
train_007930,deadlock,0,5,3
train_007931,deadlock,0,0,0
train_007932,conflict,1,26,27
train_007933,goal_drift,0,1,17
train_007934,clean,1,71,-1
train_007935,dropped_handoff,0,1,4
train_007936,dropped_handoff,0,13,14
train_007937,clean,1,48,-1
train_007938,clean,1,35,-1
train_007939,deadlock,0,2,3
train_007940,duplicated_work,1,43,44
train_007941,conflict,1,29,11
train_007942,duplicated_work,1,15,17
train_007943,clean,1,58,-1
train_007944,clean,1,49,-1
train_007945,clean,0,46,-1
train_007946,runaway_loop,0,3,2
train_007947,deadlock,0,14,3
train_007948,goal_drift,0,2,0
train_007949,clean,0,69,-1
train_007950,duplicated_work,0,36,32
train_007951,duplicated_work,1,16,16
train_007952,goal_drift,1,4,4
train_007953,goal_drift,0,8,9
train_007954,runaway_loop,0,1,0
train_007955,deadlock,0,17,19
train_007956,conflict,1,43,43
train_007957,goal_drift,1,2,4
train_007958,deadlock,0,1,1
train_007959,goal_drift,0,0,7
train_007960,runaway_loop,0,3,1
train_007961,goal_drift,0,5,11
train_007962,clean,1,35,-1
train_007963,duplicated_work,1,34,33
train_007964,conflict,0,16,17
train_007965,deadlock,0,7,13
train_007966,clean,1,47,-1
train_007967,duplicated_work,1,37,39
train_007968,clean,1,41,-1
train_007969,goal_drift,1,8,14
train_007970,clean,1,57,-1
train_007971,duplicated_work,1,48,48
train_007972,clean,0,53,-1
train_007973,goal_drift,0,6,16
train_007974,clean,1,35,-1
train_007975,goal_drift,0,0,0
train_007976,clean,1,49,-1
train_007977,dropped_handoff,0,7,7
train_007978,clean,1,30,-1
train_007979,dropped_handoff,0,8,7
train_007980,goal_drift,0,2,2
train_007981,conflict,1,14,15
train_007982,runaway_loop,0,1,5
train_007983,dropped_handoff,0,4,14
train_007984,runaway_loop,0,2,0
train_007985,dropped_handoff,0,3,5
train_007986,clean,1,47,-1
train_007987,conflict,0,12,11
train_007988,conflict,1,17,12
train_007989,conflict,1,19,17
train_007990,clean,1,31,-1
train_007991,runaway_loop,0,0,0
train_007992,dropped_handoff,0,5,15
train_007993,goal_drift,0,3,1
train_007994,runaway_loop,0,4,0
train_007995,conflict,0,25,26
train_007996,duplicated_work,0,20,20
train_007997,runaway_loop,0,5,3
train_007998,clean,1,42,-1
train_007999,duplicated_work,1,21,26
train_008000,goal_drift,0,8,6
train_008001,runaway_loop,0,1,1
train_008002,conflict,0,33,4
train_008003,runaway_loop,0,1,1
train_008004,runaway_loop,0,12,4
train_008005,conflict,0,22,24
train_008006,dropped_handoff,0,2,1
train_008007,runaway_loop,0,5,3
train_008008,goal_drift,0,3,2
train_008009,duplicated_work,0,29,27
train_008010,duplicated_work,0,11,11
train_008011,clean,1,29,-1
train_008012,deadlock,0,4,6
train_008013,goal_drift,0,2,0
train_008014,dropped_handoff,0,1,4
train_008015,deadlock,0,6,4
train_008016,clean,1,78,-1
train_008017,conflict,0,14,15
train_008018,dropped_handoff,0,1,11
train_008019,dropped_handoff,0,17,23
train_008020,clean,1,55,-1
train_008021,deadlock,0,3,4
train_008022,dropped_handoff,0,2,3
train_008023,goal_drift,0,4,12
train_008024,duplicated_work,1,30,32
train_008025,conflict,0,5,3
train_008026,dropped_handoff,0,1,5
train_008027,duplicated_work,0,22,22
train_008028,clean,1,25,-1
train_008029,clean,1,25,-1
train_008030,clean,1,33,-1
train_008031,goal_drift,0,9,7
train_008032,goal_drift,0,2,2
train_008033,clean,1,33,-1
train_008034,conflict,0,6,8
train_008035,deadlock,0,4,3
train_008036,clean,1,21,-1
train_008037,clean,1,42,-1
train_008038,runaway_loop,0,3,1
train_008039,dropped_handoff,0,13,5
train_008040,goal_drift,0,1,3
train_008041,clean,1,35,-1
train_008042,deadlock,0,2,0
train_008043,conflict,1,33,28
train_008044,dropped_handoff,1,0,9
train_008045,clean,1,24,-1
train_008046,deadlock,0,12,14
train_008047,clean,1,27,-1
train_008048,clean,1,65,-1
train_008049,duplicated_work,1,18,20
train_008050,deadlock,0,9,7
train_008051,dropped_handoff,0,4,17
train_008052,clean,1,90,-1
train_008053,duplicated_work,0,25,28
train_008054,goal_drift,0,0,1
train_008055,clean,1,25,-1
train_008056,goal_drift,0,2,2
train_008057,duplicated_work,1,8,11
train_008058,deadlock,0,2,1
train_008059,deadlock,0,5,6
train_008060,clean,1,31,-1
train_008061,goal_drift,0,4,5
train_008062,clean,1,76,-1
train_008063,runaway_loop,0,1,0
train_008064,goal_drift,0,4,5
train_008065,runaway_loop,1,4,6
train_008066,dropped_handoff,0,2,11
train_008067,clean,1,53,-1
train_008068,clean,1,24,-1
train_008069,runaway_loop,1,0,3
train_008070,conflict,0,5,7
train_008071,deadlock,0,5,4
train_008072,duplicated_work,1,15,13
train_008073,deadlock,1,4,10
train_008074,runaway_loop,1,2,0
train_008075,duplicated_work,0,32,22
train_008076,dropped_handoff,0,3,2
train_008077,conflict,0,59,37
train_008078,duplicated_work,1,15,15
train_008079,conflict,0,15,31
train_008080,goal_drift,0,6,7
train_008081,conflict,0,35,7
train_008082,deadlock,0,4,5
train_008083,clean,1,62,-1
train_008084,clean,1,42,-1
train_008085,clean,1,44,-1
train_008086,dropped_handoff,1,0,5
train_008087,runaway_loop,0,1,2
train_008088,duplicated_work,1,30,29
train_008089,dropped_handoff,1,14,7
train_008090,duplicated_work,1,30,30
train_008091,clean,1,42,-1
train_008092,clean,1,27,-1
train_008093,clean,1,49,-1
train_008094,runaway_loop,0,0,2
train_008095,dropped_handoff,0,6,15
train_008096,runaway_loop,1,2,2
train_008097,conflict,0,33,34
train_008098,dropped_handoff,0,8,6
train_008099,clean,1,47,-1
train_008100,deadlock,0,8,10
train_008101,dropped_handoff,1,0,7
train_008102,conflict,1,17,18
train_008103,runaway_loop,0,1,1
train_008104,clean,1,25,-1
train_008105,deadlock,0,2,1
train_008106,goal_drift,0,2,9
train_008107,deadlock,0,0,2
train_008108,conflict,0,26,14
train_008109,dropped_handoff,0,9,13
train_008110,runaway_loop,0,0,2
train_008111,runaway_loop,0,2,1
train_008112,runaway_loop,0,2,2
train_008113,dropped_handoff,0,12,2
train_008114,runaway_loop,1,0,0
train_008115,goal_drift,0,2,12
train_008116,dropped_handoff,0,7,5
train_008117,deadlock,0,2,4
train_008118,clean,1,19,-1
train_008119,conflict,1,22,20
train_008120,dropped_handoff,0,8,10
train_008121,runaway_loop,1,3,10
train_008122,goal_drift,0,1,3
train_008123,conflict,0,9,15
train_008124,goal_drift,1,7,5
train_008125,conflict,0,6,2
train_008126,goal_drift,0,1,1
train_008127,clean,1,36,-1
train_008128,clean,1,24,-1
train_008129,deadlock,0,0,2
train_008130,goal_drift,0,22,9
train_008131,deadlock,0,2,0
train_008132,duplicated_work,0,21,23
train_008133,clean,1,41,-1
train_008134,dropped_handoff,0,20,19
train_008135,runaway_loop,0,4,2
train_008136,clean,1,43,-1
train_008137,deadlock,0,5,6
train_008138,clean,1,15,-1
train_008139,dropped_handoff,0,10,20
train_008140,conflict,0,23,34
train_008141,deadlock,0,6,6
train_008142,deadlock,0,5,3
train_008143,clean,1,37,-1
train_008144,clean,1,35,-1
train_008145,clean,1,44,-1
train_008146,goal_drift,0,3,3
train_008147,clean,1,75,-1
train_008148,dropped_handoff,0,0,10
train_008149,goal_drift,0,6,7
train_008150,dropped_handoff,0,1,3
train_008151,duplicated_work,1,23,22
train_008152,duplicated_work,0,7,9
train_008153,deadlock,0,0,1
train_008154,conflict,0,15,17
train_008155,clean,1,23,-1
train_008156,dropped_handoff,0,8,10
train_008157,conflict,0,30,31
train_008158,duplicated_work,0,7,9
train_008159,clean,1,36,-1
train_008160,clean,1,34,-1
train_008161,deadlock,0,5,7
train_008162,goal_drift,0,3,5
train_008163,dropped_handoff,0,15,9
train_008164,goal_drift,0,2,1
train_008165,dropped_handoff,0,6,10
train_008166,runaway_loop,0,0,2
train_008167,goal_drift,0,2,1
train_008168,duplicated_work,0,35,33
train_008169,clean,0,37,-1
train_008170,clean,1,37,-1
train_008171,conflict,1,27,15
train_008172,deadlock,0,1,4
train_008173,conflict,0,36,34
train_008174,clean,1,30,-1
train_008175,clean,1,56,-1
train_008176,dropped_handoff,1,0,8
train_008177,duplicated_work,1,31,33
train_008178,conflict,1,19,15
train_008179,clean,0,37,-1
train_008180,runaway_loop,0,3,2
train_008181,clean,1,33,-1
train_008182,deadlock,0,2,4
train_008183,clean,1,57,-1
train_008184,runaway_loop,0,0,1
train_008185,clean,1,45,-1
train_008186,conflict,1,8,7
train_008187,deadlock,0,1,0
train_008188,clean,1,48,-1
train_008189,clean,1,21,-1
train_008190,duplicated_work,1,39,40
train_008191,deadlock,0,11,9
train_008192,clean,1,54,-1
train_008193,clean,1,33,-1
train_008194,clean,1,22,-1
train_008195,clean,0,44,-1
train_008196,conflict,0,19,19
train_008197,conflict,0,27,25
train_008198,clean,1,29,-1
train_008199,conflict,0,8,7
train_008200,clean,0,19,-1
train_008201,clean,1,78,-1
train_008202,runaway_loop,0,5,7
train_008203,conflict,0,7,20
train_008204,goal_drift,0,11,12
train_008205,goal_drift,0,2,39
train_008206,goal_drift,0,7,8
train_008207,runaway_loop,0,1,0
train_008208,duplicated_work,1,52,50
train_008209,conflict,1,14,12
train_008210,conflict,0,20,22
train_008211,clean,0,47,-1
train_008212,deadlock,0,1,0
train_008213,runaway_loop,0,0,6
train_008214,clean,1,60,-1
train_008215,goal_drift,0,5,1
train_008216,goal_drift,0,2,9
train_008217,goal_drift,0,2,19
train_008218,deadlock,0,4,18
train_008219,goal_drift,1,2,23
train_008220,goal_drift,0,16,4
train_008221,runaway_loop,0,0,1
train_008222,clean,1,32,-1
train_008223,conflict,0,8,6
train_008224,clean,1,14,-1
train_008225,conflict,1,23,13
train_008226,goal_drift,0,4,4
train_008227,clean,1,21,-1
train_008228,goal_drift,0,4,9
train_008229,clean,1,42,-1
train_008230,goal_drift,0,9,7
train_008231,runaway_loop,0,2,4
train_008232,goal_drift,1,1,1
train_008233,clean,1,29,-1
train_008234,duplicated_work,1,22,24
train_008235,clean,1,31,-1
train_008236,conflict,0,36,35
train_008237,duplicated_work,0,24,23
train_008238,deadlock,0,12,14
train_008239,goal_drift,0,2,26
train_008240,dropped_handoff,0,17,6
train_008241,conflict,1,8,9
train_008242,goal_drift,0,5,0
train_008243,clean,1,42,-1
train_008244,clean,1,66,-1
train_008245,deadlock,0,11,20
train_008246,goal_drift,0,2,7
train_008247,dropped_handoff,0,1,17
train_008248,runaway_loop,0,2,4
train_008249,goal_drift,0,1,2
train_008250,clean,1,78,-1
train_008251,clean,1,39,-1
train_008252,clean,0,43,-1
train_008253,conflict,0,12,8
train_008254,deadlock,0,4,4
train_008255,clean,1,63,-1
train_008256,goal_drift,0,1,0
train_008257,clean,1,21,-1
train_008258,clean,1,61,-1
train_008259,clean,1,18,-1
train_008260,dropped_handoff,1,0,22
train_008261,clean,1,33,-1
train_008262,goal_drift,0,7,1
train_008263,clean,1,45,-1
train_008264,dropped_handoff,0,2,10
train_008265,goal_drift,0,2,16
train_008266,dropped_handoff,0,0,11
train_008267,deadlock,0,3,1
train_008268,clean,1,23,-1
train_008269,clean,1,45,-1
train_008270,clean,1,36,-1
train_008271,clean,1,66,-1
train_008272,conflict,0,33,31
train_008273,deadlock,0,7,8
train_008274,conflict,1,39,46
train_008275,dropped_handoff,0,3,10
train_008276,runaway_loop,0,2,2
train_008277,goal_drift,0,2,2
train_008278,deadlock,0,2,1
train_008279,deadlock,0,6,8
train_008280,goal_drift,0,3,1
train_008281,conflict,0,31,32
train_008282,runaway_loop,0,1,0
train_008283,clean,1,18,-1
train_008284,deadlock,0,5,7
train_008285,dropped_handoff,0,13,13
train_008286,dropped_handoff,0,16,23
train_008287,clean,1,44,-1
train_008288,clean,1,51,-1
train_008289,goal_drift,0,3,1
train_008290,duplicated_work,1,12,18
train_008291,clean,0,77,-1
train_008292,conflict,0,27,7
train_008293,dropped_handoff,0,3,8
train_008294,clean,1,63,-1
train_008295,conflict,0,12,14
train_008296,runaway_loop,0,0,8
train_008297,dropped_handoff,0,10,4
train_008298,runaway_loop,0,2,11
train_008299,clean,1,40,-1
train_008300,goal_drift,0,2,14
train_008301,deadlock,0,6,4
train_008302,runaway_loop,1,1,0
train_008303,conflict,0,23,25
train_008304,conflict,0,20,35
train_008305,duplicated_work,0,22,21
train_008306,duplicated_work,1,46,48
train_008307,clean,1,63,-1
train_008308,dropped_handoff,0,9,6
train_008309,conflict,0,19,14
train_008310,duplicated_work,1,10,11
train_008311,duplicated_work,1,31,32
train_008312,deadlock,0,2,2
train_008313,clean,1,51,-1
train_008314,clean,1,42,-1
train_008315,goal_drift,0,8,18
train_008316,deadlock,0,3,1
train_008317,duplicated_work,1,20,18
train_008318,runaway_loop,1,2,15
train_008319,runaway_loop,0,3,22
train_008320,clean,1,23,-1
train_008321,conflict,0,38,17
train_008322,deadlock,0,2,3
train_008323,goal_drift,0,2,1
train_008324,runaway_loop,0,5,4
train_008325,clean,1,40,-1
train_008326,goal_drift,0,2,2
train_008327,clean,1,61,-1
train_008328,runaway_loop,0,2,15
train_008329,duplicated_work,1,26,31
train_008330,duplicated_work,1,41,34
train_008331,conflict,1,18,19
train_008332,duplicated_work,1,26,28
train_008333,duplicated_work,1,21,23
train_008334,deadlock,1,3,3
train_008335,clean,1,26,-1
train_008336,runaway_loop,1,3,1
train_008337,clean,1,39,-1
train_008338,clean,1,49,-1
train_008339,goal_drift,1,2,4
train_008340,clean,1,35,-1
train_008341,runaway_loop,0,3,1
train_008342,duplicated_work,1,30,28
train_008343,duplicated_work,1,15,17
train_008344,duplicated_work,1,16,14
train_008345,dropped_handoff,0,4,5
train_008346,clean,1,50,-1
train_008347,runaway_loop,0,2,0
train_008348,duplicated_work,1,41,40
train_008349,conflict,0,7,8
train_008350,clean,1,52,-1
train_008351,runaway_loop,0,2,0
train_008352,clean,1,52,-1
train_008353,duplicated_work,0,28,29
train_008354,duplicated_work,1,39,38
train_008355,clean,1,75,-1
train_008356,clean,1,48,-1
train_008357,goal_drift,1,3,2
train_008358,duplicated_work,1,36,38
train_008359,duplicated_work,0,35,37
train_008360,deadlock,0,2,0
train_008361,dropped_handoff,0,15,8
train_008362,clean,1,34,-1
train_008363,duplicated_work,1,17,18
train_008364,runaway_loop,0,0,4
train_008365,clean,1,42,-1
train_008366,runaway_loop,1,0,0
train_008367,goal_drift,0,31,5
train_008368,duplicated_work,0,26,21
train_008369,deadlock,0,3,4
train_008370,clean,1,21,-1
train_008371,runaway_loop,0,2,0
train_008372,clean,1,59,-1
train_008373,duplicated_work,1,11,12
train_008374,duplicated_work,1,11,10
train_008375,deadlock,0,1,0
train_008376,goal_drift,0,8,7
train_008377,clean,1,28,-1
train_008378,deadlock,0,1,3
train_008379,runaway_loop,1,3,3
train_008380,goal_drift,0,2,2
train_008381,goal_drift,0,9,7
train_008382,clean,1,20,-1
train_008383,clean,1,17,-1
train_008384,deadlock,0,7,9
train_008385,clean,1,48,-1
train_008386,runaway_loop,1,2,0
train_008387,conflict,0,41,39
train_008388,conflict,0,41,10
train_008389,conflict,1,14,12
train_008390,duplicated_work,1,22,21
train_008391,conflict,0,43,26
train_008392,runaway_loop,0,2,1
train_008393,goal_drift,0,1,1
train_008394,duplicated_work,1,43,41
train_008395,conflict,1,16,15
train_008396,deadlock,0,10,1
train_008397,goal_drift,0,4,10
train_008398,conflict,0,7,9
train_008399,clean,1,47,-1
train_008400,clean,1,69,-1
train_008401,dropped_handoff,0,6,16
train_008402,conflict,0,69,71
train_008403,duplicated_work,1,9,10
train_008404,deadlock,0,1,1
train_008405,duplicated_work,0,36,40
train_008406,runaway_loop,0,0,0
train_008407,conflict,1,9,11
train_008408,clean,0,33,-1
train_008409,clean,1,35,-1
train_008410,runaway_loop,0,2,0
train_008411,deadlock,0,7,5
train_008412,clean,1,53,-1
train_008413,duplicated_work,0,40,40
train_008414,clean,1,36,-1
train_008415,deadlock,0,11,12
train_008416,dropped_handoff,0,2,7
train_008417,duplicated_work,0,20,21
train_008418,conflict,0,5,7
train_008419,clean,1,42,-1
train_008420,clean,1,16,-1
train_008421,dropped_handoff,0,1,4
train_008422,duplicated_work,1,52,52
train_008423,duplicated_work,1,14,15
train_008424,deadlock,0,2,2
train_008425,dropped_handoff,0,1,28
train_008426,deadlock,0,0,2
train_008427,deadlock,0,19,21
train_008428,duplicated_work,1,18,8
train_008429,duplicated_work,1,78,69
train_008430,deadlock,0,30,14
train_008431,clean,1,38,-1
train_008432,conflict,0,13,13
train_008433,dropped_handoff,0,7,7
train_008434,conflict,0,9,11
train_008435,clean,1,48,-1
train_008436,runaway_loop,0,8,6
train_008437,goal_drift,0,3,3
train_008438,conflict,0,16,12
train_008439,clean,1,44,-1
train_008440,clean,1,45,-1
train_008441,dropped_handoff,0,2,10
train_008442,goal_drift,0,1,3
train_008443,goal_drift,0,3,50
train_008444,clean,1,46,-1
train_008445,dropped_handoff,1,11,3
train_008446,runaway_loop,0,2,0
train_008447,clean,1,87,-1
train_008448,goal_drift,0,1,0
train_008449,duplicated_work,0,50,55
train_008450,goal_drift,0,16,14
train_008451,runaway_loop,1,11,10
train_008452,clean,1,58,-1
train_008453,conflict,0,40,40
train_008454,conflict,0,16,14
train_008455,clean,1,34,-1
train_008456,clean,1,52,-1
train_008457,goal_drift,1,7,6
train_008458,conflict,1,64,16
train_008459,clean,1,63,-1
train_008460,deadlock,0,4,4
train_008461,clean,1,24,-1
train_008462,deadlock,1,20,22
train_008463,conflict,0,16,18
train_008464,clean,1,41,-1
train_008465,dropped_handoff,0,2,3
train_008466,runaway_loop,0,2,0
train_008467,conflict,1,16,16
train_008468,clean,1,48,-1
train_008469,duplicated_work,1,34,32
train_008470,goal_drift,0,2,4
train_008471,goal_drift,0,2,3
train_008472,runaway_loop,0,5,4
train_008473,clean,1,40,-1
train_008474,conflict,0,11,12
train_008475,duplicated_work,0,20,12
train_008476,clean,1,86,-1
train_008477,goal_drift,0,0,0
train_008478,duplicated_work,1,17,17
train_008479,runaway_loop,0,2,0
train_008480,dropped_handoff,0,10,4
train_008481,conflict,0,16,18
train_008482,deadlock,0,17,18
train_008483,clean,1,52,-1
train_008484,conflict,1,7,5
train_008485,clean,1,51,-1
train_008486,clean,1,22,-1
train_008487,clean,1,13,-1
train_008488,deadlock,0,22,1
train_008489,duplicated_work,1,34,29
train_008490,deadlock,0,6,8
train_008491,dropped_handoff,1,2,17
train_008492,clean,1,75,-1
train_008493,goal_drift,0,2,0
train_008494,clean,1,45,-1
train_008495,clean,1,35,-1
train_008496,duplicated_work,0,26,26
train_008497,duplicated_work,0,13,14
train_008498,clean,1,26,-1
train_008499,duplicated_work,1,10,12
train_008500,conflict,1,6,7
train_008501,deadlock,0,28,29
train_008502,dropped_handoff,0,5,29
train_008503,deadlock,0,4,7
train_008504,deadlock,0,2,0
train_008505,goal_drift,0,5,9
train_008506,clean,1,26,-1
train_008507,dropped_handoff,0,16,13
train_008508,duplicated_work,0,52,52
train_008509,clean,1,26,-1
train_008510,clean,1,25,-1
train_008511,goal_drift,0,10,15
train_008512,goal_drift,0,0,0
train_008513,clean,1,21,-1
train_008514,deadlock,0,3,5
train_008515,duplicated_work,0,28,30
train_008516,conflict,1,26,44
train_008517,clean,0,48,-1
train_008518,goal_drift,0,2,7
train_008519,clean,1,68,-1
train_008520,conflict,0,25,31
train_008521,dropped_handoff,0,8,8
train_008522,duplicated_work,1,11,12
train_008523,duplicated_work,1,31,33
train_008524,clean,1,29,-1
train_008525,goal_drift,0,20,20
train_008526,deadlock,0,2,0
train_008527,goal_drift,0,8,19
train_008528,conflict,1,31,29
train_008529,goal_drift,0,1,1
train_008530,duplicated_work,1,52,50
train_008531,deadlock,0,2,4
train_008532,clean,0,88,-1
train_008533,conflict,0,4,6
train_008534,conflict,0,30,28
train_008535,deadlock,0,4,14
train_008536,runaway_loop,1,0,0
train_008537,conflict,0,22,20
train_008538,runaway_loop,0,2,0
train_008539,runaway_loop,1,4,13
train_008540,clean,1,63,-1
train_008541,dropped_handoff,0,0,2
train_008542,runaway_loop,1,0,3
train_008543,conflict,0,24,10
train_008544,conflict,0,8,10
train_008545,dropped_handoff,0,10,8
train_008546,deadlock,0,1,0
train_008547,runaway_loop,1,2,1
train_008548,duplicated_work,1,21,18
train_008549,clean,1,19,-1
train_008550,duplicated_work,0,43,43
train_008551,dropped_handoff,0,5,17
train_008552,duplicated_work,1,22,15
train_008553,clean,1,91,-1
train_008554,dropped_handoff,0,3,11
train_008555,clean,1,23,-1
train_008556,deadlock,0,6,5
train_008557,duplicated_work,1,64,63
train_008558,goal_drift,0,1,0
train_008559,runaway_loop,1,0,0
train_008560,clean,1,23,-1
train_008561,clean,1,28,-1
train_008562,clean,1,67,-1
train_008563,deadlock,0,2,0
train_008564,conflict,0,30,30
train_008565,runaway_loop,0,1,1
train_008566,conflict,0,17,15
train_008567,conflict,0,6,7
train_008568,clean,1,41,-1
train_008569,goal_drift,0,3,8
train_008570,dropped_handoff,0,4,3
train_008571,dropped_handoff,0,3,6
train_008572,clean,1,28,-1
train_008573,clean,1,76,-1
train_008574,clean,1,18,-1
train_008575,clean,1,38,-1
train_008576,clean,1,38,-1
train_008577,dropped_handoff,0,5,4
train_008578,conflict,0,10,29
train_008579,duplicated_work,1,21,23
train_008580,deadlock,1,4,4
train_008581,dropped_handoff,0,4,2
train_008582,dropped_handoff,1,10,3
train_008583,deadlock,0,9,10
train_008584,goal_drift,0,2,0
train_008585,runaway_loop,0,2,1
train_008586,goal_drift,0,12,7
train_008587,conflict,0,11,9
train_008588,clean,1,31,-1
train_008589,clean,1,37,-1
train_008590,deadlock,0,1,2
train_008591,dropped_handoff,0,12,40
train_008592,deadlock,0,4,6
train_008593,goal_drift,0,3,4
train_008594,clean,1,16,-1
train_008595,goal_drift,0,2,0
train_008596,dropped_handoff,0,0,8
train_008597,goal_drift,0,19,25
train_008598,runaway_loop,0,2,0
train_008599,runaway_loop,0,1,7
train_008600,deadlock,0,6,8
train_008601,runaway_loop,0,6,7
train_008602,clean,1,73,-1
train_008603,clean,1,70,-1
train_008604,dropped_handoff,1,8,6
train_008605,clean,1,19,-1
train_008606,duplicated_work,0,24,24
train_008607,clean,1,115,-1
train_008608,goal_drift,0,3,2
train_008609,runaway_loop,1,2,0
train_008610,duplicated_work,1,25,25
train_008611,runaway_loop,1,0,0
train_008612,dropped_handoff,1,11,5
train_008613,clean,1,39,-1
train_008614,duplicated_work,0,15,22
train_008615,duplicated_work,1,53,52
train_008616,goal_drift,0,5,3
train_008617,deadlock,0,0,0
train_008618,duplicated_work,0,22,22
train_008619,duplicated_work,1,15,29
train_008620,clean,1,48,-1
train_008621,clean,0,23,-1
train_008622,duplicated_work,0,13,13
train_008623,clean,1,50,-1
train_008624,duplicated_work,1,20,18
train_008625,dropped_handoff,0,0,40
train_008626,deadlock,0,15,14
train_008627,goal_drift,0,5,5
train_008628,clean,1,25,-1
train_008629,duplicated_work,1,31,13
train_008630,deadlock,0,13,13
train_008631,dropped_handoff,0,1,2
train_008632,conflict,1,21,20
train_008633,clean,1,54,-1
train_008634,duplicated_work,1,19,31
train_008635,runaway_loop,1,2,0
train_008636,clean,1,40,-1
train_008637,deadlock,0,2,4
train_008638,runaway_loop,1,12,11
train_008639,conflict,1,56,57
train_008640,clean,0,70,-1
train_008641,clean,1,45,-1
train_008642,duplicated_work,0,33,34
train_008643,clean,1,60,-1
train_008644,duplicated_work,0,72,51
train_008645,dropped_handoff,0,10,11
train_008646,runaway_loop,1,3,18
train_008647,clean,1,104,-1
train_008648,runaway_loop,1,11,16
train_008649,runaway_loop,1,2,0
train_008650,duplicated_work,1,21,19
train_008651,duplicated_work,1,33,33
train_008652,goal_drift,0,3,1
train_008653,dropped_handoff,0,1,1
train_008654,runaway_loop,0,0,1
train_008655,goal_drift,0,4,12
train_008656,deadlock,0,2,4
train_008657,clean,1,26,-1
train_008658,conflict,0,5,6
train_008659,goal_drift,0,0,8
train_008660,conflict,0,19,26
train_008661,duplicated_work,0,11,13
train_008662,clean,1,61,-1
train_008663,clean,1,32,-1
train_008664,runaway_loop,0,0,0
train_008665,clean,1,20,-1
train_008666,dropped_handoff,0,0,3
train_008667,clean,0,48,-1
train_008668,conflict,0,20,6
train_008669,conflict,1,8,7
train_008670,clean,1,17,-1
train_008671,conflict,1,20,19
train_008672,runaway_loop,0,1,3
train_008673,clean,1,30,-1
train_008674,deadlock,0,1,0
train_008675,runaway_loop,1,10,5
train_008676,dropped_handoff,0,11,5
train_008677,dropped_handoff,0,12,20
train_008678,dropped_handoff,1,0,4
train_008679,conflict,0,38,40
train_008680,clean,1,37,-1
train_008681,runaway_loop,0,2,29
train_008682,deadlock,0,2,1
train_008683,clean,1,28,-1
train_008684,duplicated_work,1,28,30
train_008685,clean,1,52,-1
train_008686,deadlock,0,4,24
train_008687,clean,1,52,-1
train_008688,runaway_loop,0,2,3
train_008689,dropped_handoff,0,2,3
train_008690,dropped_handoff,0,7,4
train_008691,runaway_loop,0,1,5
train_008692,runaway_loop,0,1,1
train_008693,clean,1,53,-1
train_008694,goal_drift,0,2,3
train_008695,conflict,0,14,7
train_008696,clean,1,47,-1
train_008697,clean,1,22,-1
train_008698,conflict,0,33,35
train_008699,goal_drift,0,3,21
train_008700,dropped_handoff,0,1,4
train_008701,duplicated_work,1,34,35
train_008702,duplicated_work,1,27,29
train_008703,dropped_handoff,0,2,1
train_008704,dropped_handoff,0,17,15
train_008705,clean,0,38,-1
train_008706,clean,1,13,-1
train_008707,conflict,1,8,7
train_008708,goal_drift,0,5,6
train_008709,conflict,1,55,53
train_008710,conflict,0,24,23
train_008711,clean,1,63,-1
train_008712,runaway_loop,1,2,13
train_008713,duplicated_work,0,24,25
train_008714,conflict,0,16,8
train_008715,deadlock,0,1,1
train_008716,duplicated_work,1,19,21
train_008717,clean,1,43,-1
train_008718,deadlock,0,7,17
train_008719,clean,1,45,-1
train_008720,clean,1,69,-1
train_008721,conflict,1,36,34
train_008722,duplicated_work,0,26,26
train_008723,runaway_loop,0,2,20
train_008724,deadlock,0,3,1
train_008725,clean,0,31,-1
train_008726,deadlock,0,9,20
train_008727,clean,1,16,-1
train_008728,goal_drift,1,2,8
train_008729,goal_drift,0,7,1
train_008730,clean,1,30,-1
train_008731,dropped_handoff,1,10,27
train_008732,clean,1,48,-1
train_008733,goal_drift,1,14,6
train_008734,conflict,0,6,7
train_008735,goal_drift,0,6,5
train_008736,deadlock,0,1,1
train_008737,duplicated_work,1,18,19
train_008738,clean,1,52,-1
train_008739,clean,1,28,-1
train_008740,clean,1,36,-1
train_008741,goal_drift,0,6,4
train_008742,runaway_loop,0,2,0
train_008743,conflict,0,13,17
train_008744,dropped_handoff,0,5,2
train_008745,clean,1,52,-1
train_008746,deadlock,0,0,3
train_008747,clean,1,14,-1
train_008748,deadlock,0,7,1
train_008749,clean,1,37,-1
train_008750,duplicated_work,1,36,35
train_008751,clean,1,43,-1
train_008752,clean,1,38,-1
train_008753,deadlock,0,3,5
train_008754,duplicated_work,0,55,40
train_008755,clean,1,50,-1
train_008756,dropped_handoff,0,16,17
train_008757,goal_drift,0,1,9
train_008758,duplicated_work,1,22,20
train_008759,duplicated_work,0,30,31
train_008760,conflict,1,31,26
train_008761,clean,1,19,-1
train_008762,duplicated_work,1,13,15
train_008763,runaway_loop,0,0,1
train_008764,clean,1,55,-1
train_008765,goal_drift,0,4,7
train_008766,clean,1,45,-1
train_008767,runaway_loop,0,3,4
train_008768,dropped_handoff,0,4,2
train_008769,duplicated_work,1,20,19
train_008770,dropped_handoff,1,14,16
train_008771,deadlock,0,1,1
train_008772,conflict,0,20,9
train_008773,duplicated_work,0,11,13
train_008774,runaway_loop,0,1,3
train_008775,clean,1,31,-1
train_008776,clean,1,35,-1
train_008777,conflict,1,26,32
train_008778,duplicated_work,1,26,29
train_008779,deadlock,0,4,55
train_008780,duplicated_work,0,8,7
train_008781,goal_drift,0,2,0
train_008782,conflict,0,24,24
train_008783,goal_drift,0,2,4
train_008784,conflict,0,37,36
train_008785,clean,1,57,-1
train_008786,clean,1,22,-1
train_008787,goal_drift,0,4,5
train_008788,conflict,1,9,11
train_008789,runaway_loop,0,2,0
train_008790,conflict,0,5,7
train_008791,conflict,0,25,19
train_008792,dropped_handoff,0,9,18
train_008793,clean,1,20,-1
train_008794,runaway_loop,1,4,3
train_008795,deadlock,0,4,2
train_008796,runaway_loop,0,1,1
train_008797,clean,1,36,-1
train_008798,clean,1,56,-1
train_008799,clean,1,26,-1
train_008800,runaway_loop,0,2,1
train_008801,dropped_handoff,0,8,38
train_008802,dropped_handoff,0,4,12
train_008803,conflict,0,6,17
train_008804,conflict,0,21,19
train_008805,clean,1,26,-1
train_008806,duplicated_work,0,48,46
train_008807,runaway_loop,1,0,2
train_008808,conflict,1,28,26
train_008809,runaway_loop,0,7,0
train_008810,conflict,0,32,30
train_008811,runaway_loop,1,2,1
train_008812,conflict,0,18,16
train_008813,duplicated_work,1,51,52
train_008814,dropped_handoff,0,2,27
train_008815,deadlock,0,0,1
train_008816,clean,1,40,-1
train_008817,clean,0,72,-1
train_008818,clean,1,32,-1
train_008819,dropped_handoff,1,4,9
train_008820,clean,1,25,-1
train_008821,runaway_loop,0,0,1
train_008822,runaway_loop,0,2,1
train_008823,deadlock,0,2,3
train_008824,duplicated_work,1,25,23
train_008825,clean,1,19,-1
train_008826,dropped_handoff,0,2,16
train_008827,dropped_handoff,0,2,5
train_008828,duplicated_work,1,27,29
train_008829,runaway_loop,0,4,2
train_008830,goal_drift,0,2,4
train_008831,deadlock,0,2,1
train_008832,clean,1,16,-1
train_008833,runaway_loop,0,1,0
train_008834,duplicated_work,0,24,11
train_008835,runaway_loop,0,2,0
train_008836,goal_drift,0,2,3
train_008837,conflict,1,21,22
train_008838,clean,1,48,-1
train_008839,dropped_handoff,0,5,10
train_008840,dropped_handoff,0,9,2
train_008841,conflict,0,14,14
train_008842,clean,0,58,-1
train_008843,clean,1,17,-1
train_008844,duplicated_work,1,42,44
train_008845,runaway_loop,1,1,3
train_008846,duplicated_work,1,59,58
train_008847,conflict,0,30,19
train_008848,deadlock,0,3,11
train_008849,clean,1,50,-1
train_008850,dropped_handoff,0,0,2
train_008851,clean,1,45,-1
train_008852,deadlock,0,16,18
train_008853,conflict,0,27,29
train_008854,clean,0,43,-1
train_008855,clean,1,10,-1
train_008856,conflict,1,3,5
train_008857,deadlock,0,4,5
train_008858,goal_drift,0,20,18
train_008859,clean,1,52,-1
train_008860,duplicated_work,1,21,19
train_008861,clean,1,37,-1
train_008862,clean,1,23,-1
train_008863,deadlock,0,7,0
train_008864,dropped_handoff,0,1,1
train_008865,goal_drift,0,1,0
train_008866,clean,1,58,-1
train_008867,conflict,0,53,27
train_008868,deadlock,1,15,3
train_008869,clean,1,22,-1
train_008870,clean,1,53,-1
train_008871,conflict,1,17,15
train_008872,clean,1,78,-1
train_008873,clean,1,37,-1
train_008874,clean,1,21,-1
train_008875,duplicated_work,1,36,53
train_008876,clean,1,20,-1
train_008877,runaway_loop,1,2,0
train_008878,goal_drift,0,5,4
train_008879,duplicated_work,1,27,25
train_008880,duplicated_work,1,33,34
train_008881,clean,1,16,-1
train_008882,conflict,0,24,23
train_008883,duplicated_work,0,14,24
train_008884,conflict,0,18,21
train_008885,clean,1,24,-1
train_008886,runaway_loop,0,1,0
train_008887,dropped_handoff,1,3,6
train_008888,clean,1,32,-1
train_008889,deadlock,0,2,1
train_008890,runaway_loop,1,2,0
train_008891,deadlock,0,8,7
train_008892,duplicated_work,0,21,20
train_008893,duplicated_work,1,27,26
train_008894,deadlock,0,2,0
train_008895,runaway_loop,1,1,2
train_008896,clean,1,84,-1
train_008897,duplicated_work,1,21,23
train_008898,duplicated_work,0,23,25
train_008899,goal_drift,0,5,3
train_008900,deadlock,0,1,1
train_008901,dropped_handoff,1,2,17
train_008902,conflict,1,16,11
train_008903,clean,1,66,-1
train_008904,goal_drift,0,3,5
train_008905,deadlock,0,5,5
train_008906,runaway_loop,0,4,3
train_008907,deadlock,0,0,0
train_008908,duplicated_work,1,28,26
train_008909,deadlock,0,27,25
train_008910,clean,1,42,-1
train_008911,runaway_loop,0,2,1
train_008912,clean,1,57,-1
train_008913,clean,1,33,-1
train_008914,goal_drift,0,7,8
train_008915,goal_drift,0,3,2
train_008916,goal_drift,1,0,2
train_008917,duplicated_work,1,31,11
train_008918,conflict,0,19,5
train_008919,clean,1,30,-1
train_008920,deadlock,0,3,2
train_008921,clean,1,25,-1
train_008922,duplicated_work,1,26,26
train_008923,goal_drift,0,20,6
train_008924,conflict,1,11,13
train_008925,conflict,1,6,7
train_008926,conflict,0,25,27
train_008927,duplicated_work,1,22,24
train_008928,goal_drift,0,3,2
train_008929,dropped_handoff,0,1,2
train_008930,goal_drift,0,4,4
train_008931,deadlock,0,7,1
train_008932,clean,1,26,-1
train_008933,dropped_handoff,0,9,2
train_008934,duplicated_work,1,18,18
train_008935,clean,1,33,-1
train_008936,runaway_loop,0,2,3
train_008937,dropped_handoff,0,0,3
train_008938,clean,1,47,-1
train_008939,dropped_handoff,0,4,6
train_008940,clean,1,40,-1
train_008941,dropped_handoff,0,7,22
train_008942,deadlock,0,1,0
train_008943,clean,0,52,-1
train_008944,dropped_handoff,0,7,1
train_008945,runaway_loop,0,0,0
train_008946,clean,1,34,-1
train_008947,deadlock,0,1,0
train_008948,goal_drift,0,6,4
train_008949,clean,1,12,-1
train_008950,duplicated_work,1,7,5
train_008951,duplicated_work,1,52,53
train_008952,deadlock,0,3,3
train_008953,deadlock,0,3,5
train_008954,clean,1,32,-1
train_008955,clean,1,36,-1
train_008956,conflict,0,19,21
train_008957,dropped_handoff,0,1,12
train_008958,clean,1,30,-1
train_008959,dropped_handoff,0,2,32
train_008960,conflict,0,16,16
train_008961,runaway_loop,0,2,0
train_008962,dropped_handoff,0,7,11
train_008963,clean,1,42,-1
train_008964,clean,1,44,-1
train_008965,clean,1,61,-1
train_008966,goal_drift,0,8,18
train_008967,conflict,0,18,62
train_008968,dropped_handoff,0,3,17
train_008969,clean,1,17,-1
train_008970,runaway_loop,0,1,1
train_008971,deadlock,0,13,18
train_008972,runaway_loop,0,2,5
train_008973,goal_drift,0,5,3
train_008974,conflict,1,45,44
train_008975,dropped_handoff,0,6,5
train_008976,clean,1,52,-1
train_008977,clean,1,14,-1
train_008978,dropped_handoff,0,23,1
train_008979,conflict,0,20,14
train_008980,clean,1,38,-1
train_008981,goal_drift,0,3,4
train_008982,clean,0,65,-1
train_008983,conflict,0,24,22
train_008984,conflict,0,22,22
train_008985,clean,1,35,-1
train_008986,duplicated_work,1,28,28
train_008987,conflict,0,12,6
train_008988,dropped_handoff,0,7,10
train_008989,goal_drift,0,2,24
train_008990,goal_drift,0,4,3
train_008991,conflict,0,5,6
train_008992,clean,1,45,-1
train_008993,clean,1,57,-1
train_008994,goal_drift,0,3,4
train_008995,clean,1,57,-1
train_008996,dropped_handoff,0,0,3
train_008997,conflict,0,4,6
train_008998,clean,1,25,-1
train_008999,duplicated_work,1,14,14
train_009000,goal_drift,0,7,20
train_009001,clean,1,43,-1
train_009002,dropped_handoff,0,0,1
train_009003,goal_drift,0,4,9
train_009004,runaway_loop,0,2,0
train_009005,conflict,0,27,11
train_009006,duplicated_work,0,13,11
train_009007,duplicated_work,0,25,24
train_009008,clean,1,37,-1
train_009009,runaway_loop,0,2,1
train_009010,deadlock,0,20,25
train_009011,dropped_handoff,0,12,14
train_009012,conflict,1,48,49
train_009013,clean,1,42,-1
train_009014,conflict,0,60,28
train_009015,conflict,0,19,10
train_009016,clean,1,57,-1
train_009017,runaway_loop,0,0,0
train_009018,clean,0,46,-1
train_009019,clean,1,35,-1
train_009020,clean,1,41,-1
train_009021,clean,1,38,-1
train_009022,duplicated_work,0,30,32
train_009023,clean,1,21,-1
train_009024,dropped_handoff,0,2,3
train_009025,conflict,0,16,14
train_009026,duplicated_work,1,37,26
train_009027,clean,1,40,-1
train_009028,clean,1,39,-1
train_009029,goal_drift,0,24,3
train_009030,deadlock,0,6,5
train_009031,dropped_handoff,0,6,7
train_009032,goal_drift,0,7,11
train_009033,dropped_handoff,0,12,10
train_009034,dropped_handoff,0,21,2
train_009035,clean,1,39,-1
train_009036,deadlock,0,5,6
train_009037,deadlock,0,6,7
train_009038,duplicated_work,1,22,22
train_009039,conflict,0,11,10
train_009040,conflict,0,18,18
train_009041,conflict,1,33,35
train_009042,goal_drift,0,4,7
train_009043,conflict,0,21,19
train_009044,deadlock,0,3,3
train_009045,clean,1,35,-1
train_009046,runaway_loop,0,0,0
train_009047,clean,1,78,-1
train_009048,dropped_handoff,0,6,9
train_009049,dropped_handoff,0,29,37
train_009050,conflict,0,28,36
train_009051,deadlock,0,7,17
train_009052,clean,1,19,-1
train_009053,conflict,1,33,31
train_009054,dropped_handoff,0,4,7
train_009055,clean,1,21,-1
train_009056,deadlock,0,4,3
train_009057,clean,1,36,-1
train_009058,clean,1,76,-1
train_009059,dropped_handoff,0,8,17
train_009060,conflict,0,25,18
train_009061,goal_drift,1,2,0
train_009062,clean,1,17,-1
train_009063,runaway_loop,1,2,1
train_009064,dropped_handoff,0,11,1
train_009065,runaway_loop,1,1,0
train_009066,clean,1,54,-1
train_009067,duplicated_work,1,20,25
train_009068,deadlock,0,2,0
train_009069,dropped_handoff,0,0,12
train_009070,clean,1,55,-1
train_009071,goal_drift,0,3,3
train_009072,clean,1,24,-1
train_009073,conflict,0,16,15
train_009074,clean,1,32,-1
train_009075,runaway_loop,0,3,1
train_009076,dropped_handoff,0,8,2
train_009077,deadlock,0,15,8
train_009078,conflict,0,13,21
train_009079,conflict,0,26,24
train_009080,clean,1,75,-1
train_009081,clean,1,50,-1
train_009082,goal_drift,0,7,1
train_009083,dropped_handoff,0,2,6
train_009084,clean,1,93,-1
train_009085,dropped_handoff,0,29,27
train_009086,runaway_loop,1,1,0
train_009087,duplicated_work,1,14,16
train_009088,clean,1,40,-1
train_009089,dropped_handoff,0,2,4
train_009090,conflict,0,9,10
train_009091,clean,1,17,-1
train_009092,clean,1,48,-1
train_009093,conflict,0,11,13
train_009094,dropped_handoff,0,1,2
train_009095,duplicated_work,1,40,42
train_009096,clean,1,29,-1
train_009097,runaway_loop,0,1,2
train_009098,deadlock,0,0,2
train_009099,goal_drift,0,4,4
train_009100,goal_drift,0,0,13
train_009101,duplicated_work,0,15,17
train_009102,runaway_loop,0,3,3
train_009103,clean,1,65,-1
train_009104,conflict,1,13,13
train_009105,deadlock,1,2,0
train_009106,runaway_loop,0,1,1
train_009107,conflict,0,20,10
train_009108,duplicated_work,1,52,63
train_009109,conflict,0,14,13
train_009110,clean,1,38,-1
train_009111,deadlock,0,3,1
train_009112,clean,1,31,-1
train_009113,duplicated_work,0,17,19
train_009114,clean,1,28,-1
train_009115,clean,1,41,-1
train_009116,clean,1,43,-1
train_009117,goal_drift,1,5,21
train_009118,deadlock,0,1,1
train_009119,runaway_loop,0,2,2
train_009120,clean,1,28,-1
train_009121,clean,1,36,-1
train_009122,duplicated_work,0,12,14
train_009123,duplicated_work,1,41,39
train_009124,conflict,1,35,32
train_009125,clean,1,30,-1
train_009126,conflict,1,5,5
train_009127,clean,1,37,-1
train_009128,runaway_loop,0,2,11
train_009129,conflict,0,32,34
train_009130,dropped_handoff,0,5,10
train_009131,goal_drift,0,1,0
train_009132,conflict,0,20,12
train_009133,goal_drift,0,2,3
train_009134,goal_drift,0,5,6
train_009135,dropped_handoff,0,2,1
train_009136,goal_drift,0,3,2
train_009137,dropped_handoff,1,5,2
train_009138,goal_drift,0,2,1
train_009139,dropped_handoff,0,2,6
train_009140,clean,1,61,-1
train_009141,deadlock,0,7,9
train_009142,duplicated_work,1,14,14
train_009143,clean,1,50,-1
train_009144,conflict,0,23,24
train_009145,duplicated_work,0,17,18
train_009146,dropped_handoff,0,2,5
train_009147,dropped_handoff,0,1,14
train_009148,clean,1,40,-1
train_009149,dropped_handoff,0,3,15
train_009150,duplicated_work,1,45,46
train_009151,deadlock,0,18,18
train_009152,duplicated_work,1,22,24
train_009153,clean,1,29,-1
train_009154,runaway_loop,0,3,2
train_009155,duplicated_work,1,13,15
train_009156,deadlock,0,5,3
train_009157,dropped_handoff,0,26,28
train_009158,deadlock,0,2,0
train_009159,goal_drift,0,2,0
train_009160,duplicated_work,0,24,25
train_009161,clean,1,49,-1
train_009162,conflict,0,7,16
train_009163,duplicated_work,1,38,40
train_009164,duplicated_work,1,14,14
train_009165,clean,1,13,-1
train_009166,duplicated_work,1,13,19
train_009167,clean,1,29,-1
train_009168,clean,1,25,-1
train_009169,goal_drift,0,5,0
train_009170,goal_drift,1,2,1
train_009171,deadlock,0,0,8
train_009172,conflict,0,28,11
train_009173,runaway_loop,0,2,1
train_009174,duplicated_work,1,37,39
train_009175,deadlock,0,1,0
train_009176,conflict,1,16,15
train_009177,conflict,0,18,9
train_009178,duplicated_work,1,17,18
train_009179,clean,1,68,-1
train_009180,clean,1,56,-1
train_009181,runaway_loop,0,2,4
train_009182,clean,1,39,-1
train_009183,clean,1,29,-1
train_009184,clean,1,68,-1
train_009185,clean,1,42,-1
train_009186,conflict,1,26,24
train_009187,clean,1,42,-1
train_009188,goal_drift,0,2,0
train_009189,clean,1,43,-1
train_009190,clean,1,49,-1
train_009191,deadlock,0,6,5
train_009192,duplicated_work,1,35,33
train_009193,dropped_handoff,0,1,9
train_009194,runaway_loop,1,2,0
train_009195,deadlock,0,5,3
train_009196,clean,1,39,-1
train_009197,dropped_handoff,0,2,3
train_009198,runaway_loop,1,0,1
train_009199,goal_drift,0,24,25
train_009200,goal_drift,0,5,7
train_009201,runaway_loop,1,4,12
train_009202,runaway_loop,0,0,0
train_009203,runaway_loop,0,4,2
train_009204,clean,1,45,-1
train_009205,clean,1,28,-1
train_009206,goal_drift,0,8,22
train_009207,deadlock,0,23,21
train_009208,duplicated_work,1,25,26
train_009209,deadlock,0,7,9
train_009210,goal_drift,0,3,1
train_009211,deadlock,0,3,5
train_009212,clean,1,39,-1
train_009213,dropped_handoff,0,1,3
train_009214,clean,1,33,-1
train_009215,clean,1,44,-1
train_009216,duplicated_work,1,25,23
train_009217,clean,1,37,-1
train_009218,clean,1,34,-1
train_009219,duplicated_work,0,20,18
train_009220,deadlock,0,1,11
train_009221,deadlock,0,8,1
train_009222,dropped_handoff,0,3,8
train_009223,duplicated_work,0,15,18
train_009224,clean,0,61,-1
train_009225,conflict,1,18,19
train_009226,duplicated_work,0,13,11
train_009227,conflict,0,13,11
train_009228,deadlock,0,6,6
train_009229,runaway_loop,0,1,0
train_009230,deadlock,0,4,3
train_009231,goal_drift,0,2,3
train_009232,deadlock,0,11,13
train_009233,goal_drift,0,12,5
train_009234,goal_drift,0,7,5
train_009235,clean,1,29,-1
train_009236,dropped_handoff,0,6,2
train_009237,dropped_handoff,0,18,8
train_009238,clean,1,49,-1
train_009239,clean,1,36,-1
train_009240,conflict,0,29,27
train_009241,goal_drift,0,8,6
train_009242,goal_drift,0,6,4
train_009243,duplicated_work,0,17,19
train_009244,goal_drift,0,5,17
train_009245,deadlock,0,5,7
train_009246,runaway_loop,0,7,16
train_009247,deadlock,0,4,19
train_009248,clean,1,66,-1
train_009249,clean,1,35,-1
train_009250,goal_drift,0,2,1
train_009251,clean,1,22,-1
train_009252,conflict,0,11,13
train_009253,runaway_loop,0,1,3
train_009254,clean,1,42,-1
train_009255,clean,1,16,-1
train_009256,dropped_handoff,0,2,6
train_009257,clean,1,35,-1
train_009258,goal_drift,1,9,8
train_009259,clean,1,54,-1
train_009260,duplicated_work,1,24,26
train_009261,clean,1,52,-1
train_009262,dropped_handoff,0,28,23
train_009263,runaway_loop,0,2,0
train_009264,conflict,0,6,8
train_009265,clean,0,64,-1
train_009266,duplicated_work,0,21,7
train_009267,clean,1,58,-1
train_009268,clean,1,17,-1
train_009269,dropped_handoff,1,8,38
train_009270,runaway_loop,0,7,0
train_009271,goal_drift,0,3,5
train_009272,clean,1,29,-1
train_009273,deadlock,0,5,5
train_009274,clean,0,60,-1
train_009275,conflict,0,20,22
train_009276,goal_drift,0,6,10
train_009277,clean,0,45,-1
train_009278,deadlock,0,46,38
train_009279,clean,1,21,-1
train_009280,duplicated_work,1,85,61
train_009281,duplicated_work,1,72,56
train_009282,dropped_handoff,0,1,6
train_009283,clean,1,28,-1
train_009284,clean,1,40,-1
train_009285,runaway_loop,0,0,0
train_009286,conflict,1,18,19
train_009287,goal_drift,0,2,18
train_009288,conflict,0,33,27
train_009289,goal_drift,0,9,7
train_009290,deadlock,0,7,6
train_009291,goal_drift,0,7,14
train_009292,clean,1,43,-1
train_009293,conflict,1,10,4
train_009294,conflict,0,30,32
train_009295,clean,1,25,-1
train_009296,deadlock,0,10,8
train_009297,clean,1,33,-1
train_009298,clean,1,73,-1
train_009299,clean,1,24,-1
train_009300,runaway_loop,0,4,2
train_009301,clean,1,25,-1
train_009302,conflict,1,39,40
train_009303,runaway_loop,0,1,0
train_009304,clean,1,41,-1
train_009305,dropped_handoff,0,2,13
train_009306,duplicated_work,1,35,42
train_009307,dropped_handoff,1,9,10
train_009308,goal_drift,0,1,25
train_009309,deadlock,0,2,5
train_009310,conflict,0,38,38
train_009311,dropped_handoff,0,10,10
train_009312,dropped_handoff,0,3,6
train_009313,conflict,1,13,15
train_009314,duplicated_work,1,33,34
train_009315,dropped_handoff,0,4,6
train_009316,clean,1,26,-1
train_009317,clean,1,46,-1
train_009318,goal_drift,1,8,1
train_009319,clean,0,73,-1
train_009320,runaway_loop,1,3,1
train_009321,clean,1,22,-1
train_009322,runaway_loop,0,1,1
train_009323,clean,1,28,-1
train_009324,dropped_handoff,0,2,4
train_009325,dropped_handoff,1,11,1
train_009326,conflict,0,29,29
train_009327,duplicated_work,0,24,25
train_009328,goal_drift,0,4,3
train_009329,clean,1,13,-1
train_009330,runaway_loop,0,3,1
train_009331,clean,1,47,-1
train_009332,clean,1,39,-1
train_009333,conflict,0,21,19
train_009334,deadlock,0,3,1
train_009335,clean,1,18,-1
train_009336,dropped_handoff,0,5,4
train_009337,clean,1,32,-1
train_009338,deadlock,0,7,9
train_009339,goal_drift,1,3,3
train_009340,deadlock,0,1,3
train_009341,runaway_loop,0,3,10
train_009342,clean,1,23,-1
train_009343,clean,1,74,-1
train_009344,conflict,0,73,73
train_009345,deadlock,0,3,1
train_009346,conflict,1,28,27
train_009347,goal_drift,0,2,16
train_009348,clean,1,36,-1
train_009349,clean,0,29,-1
train_009350,clean,1,18,-1
train_009351,conflict,0,24,15
train_009352,dropped_handoff,0,1,8
train_009353,clean,1,28,-1
train_009354,clean,1,26,-1
train_009355,clean,0,24,-1
train_009356,deadlock,0,5,4
train_009357,conflict,1,37,13
train_009358,duplicated_work,0,24,23
train_009359,deadlock,0,0,2
train_009360,goal_drift,0,2,0
train_009361,dropped_handoff,0,15,2
train_009362,deadlock,0,10,1
train_009363,clean,0,23,-1
train_009364,runaway_loop,0,2,1
train_009365,conflict,0,17,18
train_009366,dropped_handoff,0,11,1
train_009367,deadlock,0,0,2
train_009368,clean,1,27,-1
train_009369,conflict,0,13,13
train_009370,duplicated_work,1,22,17
train_009371,deadlock,0,2,4
train_009372,dropped_handoff,0,12,11
train_009373,clean,1,23,-1
train_009374,clean,1,42,-1
train_009375,runaway_loop,0,3,2
train_009376,goal_drift,1,2,2
train_009377,goal_drift,0,13,12
train_009378,goal_drift,0,2,2
train_009379,conflict,0,19,21
train_009380,conflict,1,37,60
train_009381,duplicated_work,1,13,14
train_009382,clean,1,34,-1
train_009383,duplicated_work,0,25,27
train_009384,runaway_loop,0,0,2
train_009385,deadlock,0,3,5
train_009386,deadlock,0,2,2
train_009387,deadlock,0,7,6
train_009388,goal_drift,0,2,23
train_009389,conflict,0,20,15
train_009390,conflict,0,5,7
train_009391,clean,1,63,-1
train_009392,goal_drift,0,3,2
train_009393,runaway_loop,0,2,13
train_009394,clean,1,73,-1
train_009395,clean,1,36,-1
train_009396,runaway_loop,1,0,0
train_009397,clean,1,42,-1
train_009398,dropped_handoff,0,5,5
train_009399,deadlock,0,2,0
train_009400,clean,1,53,-1
train_009401,clean,1,36,-1
train_009402,runaway_loop,1,1,0
train_009403,conflict,0,13,27
train_009404,clean,1,60,-1
train_009405,conflict,1,20,20
train_009406,dropped_handoff,0,17,7
train_009407,clean,1,30,-1
train_009408,goal_drift,0,6,5
train_009409,conflict,0,27,26
train_009410,runaway_loop,0,2,0
train_009411,duplicated_work,1,5,6
train_009412,conflict,1,3,5
train_009413,runaway_loop,0,2,0
train_009414,runaway_loop,0,0,0
train_009415,clean,0,18,-1
train_009416,conflict,0,14,16
train_009417,runaway_loop,0,0,0
train_009418,runaway_loop,1,1,18
train_009419,deadlock,0,0,0
train_009420,goal_drift,0,2,1
train_009421,goal_drift,0,4,2
train_009422,duplicated_work,0,25,26
train_009423,runaway_loop,0,1,2
train_009424,deadlock,0,11,10
train_009425,dropped_handoff,0,9,5
train_009426,goal_drift,0,6,0
train_009427,clean,1,31,-1
train_009428,deadlock,0,4,2
train_009429,dropped_handoff,0,1,1
train_009430,conflict,0,6,8
train_009431,goal_drift,0,0,2
train_009432,duplicated_work,1,66,65
train_009433,deadlock,0,1,3
train_009434,deadlock,0,12,10
train_009435,clean,1,64,-1
train_009436,clean,1,26,-1
train_009437,goal_drift,0,2,0
train_009438,duplicated_work,1,33,31
train_009439,clean,1,47,-1
train_009440,clean,1,31,-1
train_009441,duplicated_work,1,42,40
train_009442,duplicated_work,1,30,20
train_009443,dropped_handoff,0,1,4
train_009444,clean,1,52,-1
train_009445,dropped_handoff,0,3,15
train_009446,conflict,0,12,12
train_009447,runaway_loop,1,2,8
train_009448,runaway_loop,0,8,6
train_009449,duplicated_work,1,31,33
train_009450,goal_drift,0,0,0
train_009451,duplicated_work,1,22,16
train_009452,clean,1,16,-1
train_009453,duplicated_work,0,40,39
train_009454,duplicated_work,1,19,31
train_009455,deadlock,0,2,0
train_009456,deadlock,0,7,6
train_009457,duplicated_work,1,23,22
train_009458,runaway_loop,0,7,5
train_009459,duplicated_work,1,20,25
train_009460,dropped_handoff,0,10,23
train_009461,clean,1,61,-1
train_009462,clean,1,54,-1
train_009463,dropped_handoff,0,3,6
train_009464,goal_drift,0,3,17
train_009465,deadlock,0,3,2
train_009466,clean,1,30,-1
train_009467,runaway_loop,0,6,1
train_009468,clean,1,44,-1
train_009469,duplicated_work,0,22,24
train_009470,dropped_handoff,1,2,4
train_009471,deadlock,0,3,1
train_009472,clean,1,58,-1
train_009473,clean,1,74,-1
train_009474,clean,1,17,-1
train_009475,clean,1,46,-1
train_009476,deadlock,0,3,4
train_009477,clean,1,28,-1
train_009478,duplicated_work,1,27,17
train_009479,deadlock,0,10,12
train_009480,goal_drift,0,2,0
train_009481,runaway_loop,0,2,0
train_009482,goal_drift,1,4,9
train_009483,runaway_loop,0,2,0
train_009484,clean,0,42,-1
train_009485,runaway_loop,0,2,1
train_009486,goal_drift,0,2,1
train_009487,deadlock,0,2,0
train_009488,clean,1,26,-1
train_009489,conflict,0,18,16
train_009490,clean,1,67,-1
train_009491,goal_drift,0,1,2
train_009492,runaway_loop,0,1,10
train_009493,runaway_loop,0,2,0
train_009494,deadlock,0,0,2
train_009495,clean,1,48,-1
train_009496,duplicated_work,1,29,31
train_009497,goal_drift,0,5,7
train_009498,clean,1,35,-1
train_009499,clean,1,43,-1
train_009500,dropped_handoff,0,34,48
train_009501,runaway_loop,0,7,2
train_009502,goal_drift,0,2,0
train_009503,dropped_handoff,0,0,2
train_009504,clean,1,41,-1
train_009505,duplicated_work,1,17,23
train_009506,goal_drift,0,1,3
train_009507,conflict,1,24,23
train_009508,conflict,0,34,36
train_009509,clean,1,39,-1
train_009510,conflict,1,36,35
train_009511,runaway_loop,0,2,2
train_009512,conflict,0,11,12
train_009513,clean,1,72,-1
train_009514,duplicated_work,1,17,16
train_009515,conflict,0,22,22
train_009516,runaway_loop,1,2,0
train_009517,conflict,1,27,28
train_009518,duplicated_work,1,16,16
train_009519,dropped_handoff,0,3,7
train_009520,conflict,0,16,14
train_009521,clean,1,29,-1
train_009522,deadlock,0,1,3
train_009523,deadlock,0,4,2
train_009524,duplicated_work,1,26,24
train_009525,clean,1,30,-1
train_009526,clean,1,34,-1
train_009527,runaway_loop,0,2,6
train_009528,clean,1,25,-1
train_009529,deadlock,0,4,6
train_009530,goal_drift,0,1,1
train_009531,duplicated_work,1,28,28
train_009532,runaway_loop,0,3,5
train_009533,conflict,0,15,16
train_009534,deadlock,0,3,1
train_009535,goal_drift,0,5,3
train_009536,dropped_handoff,0,5,2
train_009537,clean,1,57,-1
train_009538,dropped_handoff,0,8,3
train_009539,conflict,0,5,6
train_009540,goal_drift,0,8,0
train_009541,runaway_loop,0,1,3
train_009542,goal_drift,0,6,6
train_009543,deadlock,0,1,0
train_009544,dropped_handoff,0,0,21
train_009545,deadlock,0,8,10
train_009546,deadlock,0,12,13
train_009547,clean,1,109,-1
train_009548,dropped_handoff,1,5,3
train_009549,clean,0,65,-1
train_009550,dropped_handoff,1,2,19
train_009551,deadlock,0,0,2
train_009552,clean,1,57,-1
train_009553,duplicated_work,1,32,30
train_009554,goal_drift,1,3,9
train_009555,clean,1,29,-1
train_009556,goal_drift,0,6,24
train_009557,goal_drift,1,5,0
train_009558,runaway_loop,0,1,0
train_009559,runaway_loop,1,3,2
train_009560,duplicated_work,0,19,21
train_009561,clean,1,52,-1
train_009562,goal_drift,0,6,7
train_009563,clean,1,48,-1
train_009564,runaway_loop,1,0,0
train_009565,goal_drift,0,3,10
train_009566,goal_drift,0,8,7
train_009567,conflict,0,15,13
train_009568,conflict,1,41,40
train_009569,clean,1,45,-1
train_009570,runaway_loop,0,2,0
train_009571,deadlock,0,8,7
train_009572,clean,1,50,-1
train_009573,clean,1,62,-1
train_009574,dropped_handoff,0,2,4
train_009575,conflict,0,23,22
train_009576,clean,0,37,-1
train_009577,deadlock,0,6,11
train_009578,goal_drift,0,2,1
train_009579,clean,1,72,-1
train_009580,clean,0,71,-1
train_009581,runaway_loop,0,2,0
train_009582,runaway_loop,1,0,8
train_009583,deadlock,0,7,7
train_009584,clean,1,71,-1
train_009585,deadlock,0,5,3
train_009586,clean,1,39,-1
train_009587,clean,1,38,-1
train_009588,runaway_loop,0,1,2
train_009589,dropped_handoff,0,6,18
train_009590,clean,1,63,-1
train_009591,goal_drift,0,16,14
train_009592,dropped_handoff,0,3,8
train_009593,clean,1,27,-1
train_009594,runaway_loop,0,0,0
train_009595,deadlock,1,7,7
train_009596,goal_drift,0,2,0
train_009597,conflict,0,19,19
train_009598,goal_drift,0,3,1
train_009599,runaway_loop,0,2,2
train_009600,goal_drift,0,1,2
train_009601,duplicated_work,0,18,20
train_009602,runaway_loop,0,4,4
train_009603,goal_drift,0,4,3
train_009604,duplicated_work,1,36,37
train_009605,conflict,0,19,20
train_009606,deadlock,0,5,9
train_009607,clean,1,26,-1
train_009608,clean,1,16,-1
train_009609,dropped_handoff,0,1,14
train_009610,clean,1,64,-1
train_009611,deadlock,0,0,0
train_009612,duplicated_work,1,32,30
train_009613,deadlock,0,4,5
train_009614,clean,1,72,-1
train_009615,clean,1,31,-1
train_009616,goal_drift,0,0,8
train_009617,dropped_handoff,0,2,1
train_009618,conflict,0,24,7
train_009619,clean,1,33,-1
train_009620,clean,1,27,-1
train_009621,deadlock,0,4,4
train_009622,dropped_handoff,0,20,1
train_009623,clean,1,16,-1
train_009624,goal_drift,1,4,4
train_009625,clean,1,32,-1
train_009626,clean,1,51,-1
train_009627,conflict,0,10,11
train_009628,conflict,0,32,33
train_009629,runaway_loop,1,0,0
train_009630,goal_drift,0,2,17
train_009631,duplicated_work,1,14,42
train_009632,deadlock,0,0,1
train_009633,runaway_loop,0,1,1
train_009634,conflict,0,13,14
train_009635,goal_drift,0,1,3
train_009636,goal_drift,0,2,0
train_009637,clean,1,54,-1
train_009638,dropped_handoff,0,1,3
train_009639,clean,1,21,-1
train_009640,conflict,0,20,43
train_009641,runaway_loop,0,3,1
train_009642,clean,1,26,-1
train_009643,goal_drift,0,2,1
train_009644,clean,1,22,-1
train_009645,runaway_loop,0,3,7
train_009646,runaway_loop,1,3,1
train_009647,conflict,0,7,9
train_009648,goal_drift,0,4,12
train_009649,dropped_handoff,0,7,8
train_009650,clean,1,29,-1
train_009651,runaway_loop,0,2,0
train_009652,conflict,0,38,33
train_009653,runaway_loop,0,4,3
train_009654,duplicated_work,0,28,41
train_009655,clean,1,48,-1
train_009656,clean,1,37,-1
train_009657,runaway_loop,0,0,0
train_009658,clean,1,23,-1
train_009659,deadlock,0,11,17
train_009660,runaway_loop,0,2,3
train_009661,clean,1,61,-1
train_009662,deadlock,0,7,1
train_009663,conflict,0,23,24
train_009664,goal_drift,0,2,18
train_009665,clean,1,49,-1
train_009666,conflict,0,5,5
train_009667,clean,1,29,-1
train_009668,clean,1,28,-1
train_009669,clean,0,52,-1
train_009670,dropped_handoff,0,3,5
train_009671,clean,1,62,-1
train_009672,clean,1,44,-1
train_009673,dropped_handoff,0,4,3
train_009674,conflict,1,32,20
train_009675,clean,1,56,-1
train_009676,duplicated_work,1,51,67
train_009677,goal_drift,0,1,8
train_009678,conflict,0,23,23
train_009679,clean,1,46,-1
train_009680,clean,1,52,-1
train_009681,clean,1,32,-1
train_009682,conflict,0,23,21
train_009683,duplicated_work,1,23,25
train_009684,clean,1,32,-1
train_009685,goal_drift,0,4,6
train_009686,conflict,0,11,12
train_009687,clean,1,14,-1
train_009688,runaway_loop,0,1,0
train_009689,deadlock,0,1,2
train_009690,clean,1,39,-1
train_009691,deadlock,0,0,0
train_009692,duplicated_work,1,23,7
train_009693,clean,1,39,-1
train_009694,clean,1,25,-1
train_009695,clean,1,38,-1
train_009696,runaway_loop,0,2,2
train_009697,runaway_loop,0,2,1
train_009698,runaway_loop,0,1,0
train_009699,clean,1,44,-1
train_009700,runaway_loop,0,0,0
train_009701,clean,1,63,-1
train_009702,duplicated_work,1,10,11
train_009703,goal_drift,0,2,0
train_009704,runaway_loop,0,3,1
train_009705,duplicated_work,0,12,10
train_009706,runaway_loop,0,2,0
train_009707,dropped_handoff,0,3,16
train_009708,deadlock,0,5,21
train_009709,conflict,0,37,35
train_009710,runaway_loop,0,1,0
train_009711,clean,1,35,-1
train_009712,conflict,1,14,14
train_009713,goal_drift,0,8,1
train_009714,clean,1,25,-1
train_009715,runaway_loop,0,0,2
train_009716,clean,1,37,-1
train_009717,conflict,0,17,16
train_009718,goal_drift,0,2,7
train_009719,deadlock,0,8,17
train_009720,duplicated_work,1,46,46
train_009721,clean,1,22,-1
train_009722,clean,1,23,-1
train_009723,deadlock,1,1,1
train_009724,runaway_loop,0,2,2
train_009725,conflict,0,19,40
train_009726,conflict,0,11,10
train_009727,clean,1,33,-1
train_009728,clean,1,57,-1
train_009729,dropped_handoff,0,6,7
train_009730,duplicated_work,0,12,14
train_009731,clean,1,23,-1
train_009732,conflict,1,15,39
train_009733,dropped_handoff,0,10,16
train_009734,duplicated_work,0,13,18
train_009735,clean,0,47,-1
train_009736,clean,1,74,-1
train_009737,goal_drift,0,1,2
train_009738,clean,1,26,-1
train_009739,deadlock,0,16,5
train_009740,dropped_handoff,0,1,3
train_009741,runaway_loop,0,2,0
train_009742,clean,1,83,-1
train_009743,conflict,1,31,32
train_009744,goal_drift,0,1,1
train_009745,deadlock,0,12,12
train_009746,dropped_handoff,0,13,20
train_009747,clean,1,20,-1
train_009748,clean,1,38,-1
train_009749,clean,1,38,-1
train_009750,clean,1,21,-1
train_009751,clean,1,21,-1
train_009752,clean,1,35,-1
train_009753,clean,1,50,-1
train_009754,duplicated_work,0,31,27
train_009755,goal_drift,0,8,15
train_009756,goal_drift,0,2,8
train_009757,clean,0,51,-1
train_009758,goal_drift,0,3,14
train_009759,deadlock,0,32,13
train_009760,dropped_handoff,0,9,10
train_009761,goal_drift,0,5,4
train_009762,clean,1,52,-1
train_009763,deadlock,0,7,9
train_009764,runaway_loop,0,1,0
train_009765,dropped_handoff,0,4,19
train_009766,conflict,1,21,23
train_009767,conflict,0,49,51
train_009768,clean,1,76,-1
train_009769,clean,1,50,-1
train_009770,conflict,1,12,10
train_009771,duplicated_work,1,44,45
train_009772,clean,1,25,-1
train_009773,goal_drift,0,3,5
train_009774,deadlock,0,19,12
train_009775,duplicated_work,0,84,77
train_009776,clean,1,14,-1
train_009777,deadlock,0,8,10
train_009778,deadlock,0,3,5
train_009779,clean,1,24,-1
train_009780,conflict,0,23,22
train_009781,goal_drift,1,6,8
train_009782,conflict,1,9,3
train_009783,deadlock,1,13,15
train_009784,clean,1,60,-1
train_009785,clean,1,67,-1
train_009786,conflict,1,11,11
train_009787,duplicated_work,0,26,14
train_009788,clean,1,50,-1
train_009789,clean,1,45,-1
train_009790,clean,0,54,-1
train_009791,runaway_loop,1,5,4
train_009792,clean,1,38,-1
train_009793,goal_drift,0,4,2
train_009794,clean,1,56,-1
train_009795,goal_drift,0,3,18
train_009796,deadlock,0,0,0
train_009797,clean,1,20,-1
train_009798,deadlock,0,5,3
train_009799,clean,1,45,-1
train_009800,conflict,1,4,2
train_009801,conflict,1,22,6
train_009802,goal_drift,0,0,32
train_009803,clean,1,44,-1
train_009804,deadlock,0,5,4
train_009805,conflict,1,12,2
train_009806,dropped_handoff,0,10,4
train_009807,goal_drift,0,2,0
train_009808,clean,1,37,-1
train_009809,deadlock,0,2,1
train_009810,duplicated_work,1,49,48
train_009811,runaway_loop,0,2,3
train_009812,clean,1,22,-1
train_009813,dropped_handoff,0,1,13
train_009814,runaway_loop,0,1,7
train_009815,deadlock,0,2,4
train_009816,runaway_loop,1,5,0
train_009817,goal_drift,0,2,1
train_009818,duplicated_work,1,24,31
train_009819,clean,1,19,-1
train_009820,clean,1,43,-1
train_009821,goal_drift,0,3,1
train_009822,runaway_loop,0,0,2
train_009823,runaway_loop,0,1,0
train_009824,duplicated_work,0,20,22
train_009825,conflict,0,11,13
train_009826,clean,0,22,-1
train_009827,clean,1,34,-1
train_009828,dropped_handoff,0,6,15
train_009829,runaway_loop,0,1,14
train_009830,duplicated_work,0,31,39
train_009831,runaway_loop,1,0,0
train_009832,deadlock,1,4,2
train_009833,dropped_handoff,0,0,11
train_009834,goal_drift,0,4,21
train_009835,dropped_handoff,0,6,11
train_009836,clean,1,21,-1
train_009837,deadlock,0,0,0
train_009838,runaway_loop,0,3,1
train_009839,clean,1,39,-1
train_009840,clean,1,27,-1
train_009841,runaway_loop,1,2,1
train_009842,clean,1,44,-1
train_009843,duplicated_work,0,29,31
train_009844,clean,1,65,-1
train_009845,dropped_handoff,0,13,3
train_009846,runaway_loop,1,1,0
train_009847,clean,1,76,-1
train_009848,duplicated_work,1,28,27
train_009849,deadlock,0,2,0
train_009850,duplicated_work,1,54,59
train_009851,deadlock,0,4,3
train_009852,dropped_handoff,0,10,10
train_009853,clean,1,42,-1
train_009854,conflict,0,26,25
train_009855,clean,1,36,-1
train_009856,clean,1,41,-1
train_009857,duplicated_work,0,21,21
train_009858,deadlock,0,2,1
train_009859,clean,1,39,-1
train_009860,clean,1,77,-1
train_009861,conflict,0,18,16
train_009862,goal_drift,0,10,2
train_009863,clean,0,91,-1
train_009864,clean,1,80,-1
train_009865,deadlock,0,1,2
train_009866,duplicated_work,1,14,20
train_009867,runaway_loop,0,3,1
train_009868,clean,1,21,-1
train_009869,clean,1,16,-1
train_009870,clean,1,10,-1
train_009871,duplicated_work,1,46,60
train_009872,clean,1,50,-1
train_009873,runaway_loop,0,2,2
train_009874,deadlock,0,4,2
train_009875,conflict,0,11,13
train_009876,clean,1,80,-1
train_009877,conflict,0,9,31
train_009878,runaway_loop,0,0,0
train_009879,goal_drift,0,3,2
train_009880,conflict,0,16,18
train_009881,conflict,0,18,14
train_009882,conflict,1,11,9
train_009883,deadlock,0,10,11
train_009884,clean,1,30,-1
train_009885,duplicated_work,1,48,47
train_009886,dropped_handoff,0,1,0
train_009887,goal_drift,0,1,2
train_009888,goal_drift,0,2,17
train_009889,duplicated_work,1,93,80
train_009890,dropped_handoff,0,3,8
train_009891,conflict,1,12,10
train_009892,duplicated_work,0,25,24
train_009893,duplicated_work,0,25,27
train_009894,dropped_handoff,0,2,5
train_009895,clean,1,77,-1
train_009896,goal_drift,0,1,2
train_009897,deadlock,0,2,1
train_009898,dropped_handoff,0,0,6
train_009899,dropped_handoff,0,4,18
train_009900,conflict,0,19,17
train_009901,conflict,0,42,18
train_009902,deadlock,0,3,1
train_009903,clean,1,96,-1
train_009904,runaway_loop,0,1,3
train_009905,deadlock,0,2,0
train_009906,dropped_handoff,0,0,8
train_009907,clean,1,28,-1
train_009908,duplicated_work,0,16,15
train_009909,clean,1,33,-1
train_009910,duplicated_work,1,34,32
train_009911,goal_drift,0,5,6
train_009912,goal_drift,0,6,8
train_009913,runaway_loop,0,2,0
train_009914,clean,1,42,-1
train_009915,goal_drift,0,1,1
train_009916,clean,1,24,-1
train_009917,runaway_loop,0,1,3
train_009918,goal_drift,0,6,8
train_009919,goal_drift,0,2,0
train_009920,conflict,0,37,35
train_009921,runaway_loop,0,3,11
train_009922,goal_drift,0,7,5
train_009923,clean,1,40,-1
train_009924,clean,1,93,-1
train_009925,goal_drift,0,9,5
train_009926,clean,1,22,-1
train_009927,goal_drift,0,3,6
train_009928,duplicated_work,1,26,24
train_009929,deadlock,0,3,21
train_009930,clean,1,56,-1
train_009931,deadlock,0,4,6
train_009932,clean,1,21,-1
train_009933,deadlock,0,19,2
train_009934,conflict,0,57,23
train_009935,runaway_loop,0,8,0
train_009936,clean,1,37,-1
train_009937,goal_drift,0,5,4
train_009938,dropped_handoff,0,3,20
train_009939,deadlock,0,8,8
train_009940,clean,1,60,-1
train_009941,dropped_handoff,0,1,25
train_009942,clean,1,69,-1
train_009943,deadlock,0,3,3
train_009944,clean,1,42,-1
train_009945,runaway_loop,0,5,3
train_009946,clean,1,50,-1
train_009947,clean,1,55,-1
train_009948,deadlock,0,4,1
train_009949,clean,1,35,-1
train_009950,clean,1,16,-1
train_009951,runaway_loop,0,2,0
train_009952,goal_drift,0,2,0
train_009953,deadlock,0,9,10
train_009954,conflict,0,39,37
train_009955,clean,1,40,-1
train_009956,clean,0,77,-1
train_009957,clean,1,33,-1
train_009958,conflict,0,12,16
train_009959,conflict,1,37,39
train_009960,runaway_loop,0,1,3
train_009961,clean,1,35,-1
train_009962,conflict,0,20,22
train_009963,clean,1,36,-1
train_009964,runaway_loop,0,0,11
train_009965,conflict,1,15,16
train_009966,deadlock,0,1,0
train_009967,deadlock,0,8,9
train_009968,runaway_loop,1,4,4
train_009969,deadlock,0,2,1
train_009970,deadlock,0,25,35
train_009971,dropped_handoff,1,10,43
train_009972,deadlock,0,2,0
train_009973,clean,1,20,-1
train_009974,clean,1,17,-1
train_009975,clean,1,44,-1
train_009976,deadlock,0,7,5
train_009977,runaway_loop,0,12,3
train_009978,deadlock,0,14,2
train_009979,conflict,0,11,13
train_009980,dropped_handoff,0,1,20
train_009981,deadlock,0,4,4
train_009982,deadlock,0,10,8
train_009983,duplicated_work,1,24,39
train_009984,clean,1,73,-1
train_009985,deadlock,1,11,14
train_009986,duplicated_work,1,25,27
train_009987,duplicated_work,0,12,13
train_009988,clean,1,33,-1
train_009989,clean,1,44,-1
train_009990,clean,1,33,-1
train_009991,dropped_handoff,0,0,24
train_009992,clean,1,42,-1
train_009993,deadlock,0,18,16
train_009994,clean,1,37,-1
train_009995,clean,1,63,-1
train_009996,clean,1,30,-1
train_009997,goal_drift,0,6,0
train_009998,clean,1,14,-1
train_009999,goal_drift,0,7,6
