run_id,y_true,y_pred,success_pred,n_messages,n_intents,domain
train_000000,dropped_handoff,dropped_handoff,0,18,7,main_domain
train_000001,dropped_handoff,deadlock,0,78,10,compliance_audit
train_000002,duplicated_work,deadlock,0,32,7,main_domain
train_000003,clean,clean,1,40,9,main_domain
train_000004,deadlock,deadlock,0,58,8,main_domain
train_000005,conflict,conflict,0,26,6,main_domain
train_000006,dropped_handoff,dropped_handoff,0,24,6,compliance_audit
train_000007,deadlock,goal_drift,0,86,1,compliance_audit
train_000008,runaway_loop,goal_drift,0,73,12,main_domain
train_000009,clean,clean,1,58,10,main_domain
train_000010,runaway_loop,clean,1,123,10,main_domain
train_000011,clean,deadlock,0,31,7,main_domain
train_000012,clean,clean,1,37,7,compliance_audit
train_000013,conflict,conflict,0,16,1,main_domain
train_000014,clean,clean,0,55,10,main_domain
train_000015,conflict,conflict,0,35,6,main_domain
train_000016,runaway_loop,runaway_loop,0,50,1,main_domain
train_000017,duplicated_work,duplicated_work,0,40,1,main_domain
train_000018,conflict,conflict,1,61,9,main_domain
train_000019,runaway_loop,runaway_loop,0,76,10,main_domain
train_000020,clean,clean,1,34,9,compliance_audit
train_000021,duplicated_work,duplicated_work,1,88,9,compliance_audit
train_000022,duplicated_work,dropped_handoff,0,47,9,main_domain
train_000023,dropped_handoff,clean,1,70,10,main_domain
train_000024,clean,clean,1,22,5,main_domain
train_000025,dropped_handoff,clean,0,39,10,main_domain
train_000026,dropped_handoff,goal_drift,0,26,11,compliance_audit
train_000027,deadlock,deadlock,0,37,8,main_domain
train_000028,deadlock,deadlock,0,44,8,main_domain
train_000029,duplicated_work,duplicated_work,1,81,9,compliance_audit
train_000030,goal_drift,goal_drift,0,49,12,main_domain
train_000031,goal_drift,runaway_loop,0,49,11,compliance_audit
train_000032,clean,clean,1,39,9,main_domain
train_000033,conflict,clean,1,40,1,compliance_audit
train_000034,runaway_loop,dropped_handoff,0,40,7,main_domain
train_000035,clean,clean,1,94,9,main_domain
train_000036,clean,clean,1,55,8,compliance_audit
train_000037,deadlock,duplicated_work,0,46,1,compliance_audit
train_000038,goal_drift,goal_drift,0,19,8,main_domain
train_000039,dropped_handoff,duplicated_work,1,25,6,compliance_audit
train_000040,goal_drift,goal_drift,0,49,13,main_domain
train_000041,clean,clean,1,42,7,main_domain
train_000042,conflict,conflict,1,65,10,main_domain
train_000043,clean,clean,1,18,4,main_domain
train_000044,clean,clean,1,53,10,main_domain
train_000045,duplicated_work,duplicated_work,1,48,8,compliance_audit
train_000046,runaway_loop,runaway_loop,0,28,4,main_domain
train_000047,deadlock,deadlock,0,31,8,main_domain
train_000048,clean,clean,1,52,10,compliance_audit
train_000049,duplicated_work,runaway_loop,0,69,9,compliance_audit
train_000050,duplicated_work,duplicated_work,0,25,6,main_domain
train_000051,clean,clean,1,25,6,main_domain
train_000052,goal_drift,goal_drift,0,48,12,main_domain
train_000053,clean,clean,1,36,9,main_domain
train_000054,clean,clean,1,63,1,main_domain
train_000055,clean,clean,1,18,6,compliance_audit
train_000056,dropped_handoff,dropped_handoff,0,31,8,main_domain
train_000057,goal_drift,goal_drift,0,44,13,main_domain
train_000058,deadlock,deadlock,0,48,8,main_domain
train_000059,dropped_handoff,dropped_handoff,0,59,10,main_domain
train_000060,runaway_loop,runaway_loop,0,35,5,compliance_audit
train_000061,dropped_handoff,conflict,0,37,1,compliance_audit
train_000062,clean,clean,1,63,10,main_domain
train_000063,clean,clean,0,78,1,compliance_audit
train_000064,goal_drift,goal_drift,0,49,13,main_domain
train_000065,runaway_loop,runaway_loop,0,63,9,main_domain
train_000066,goal_drift,goal_drift,0,51,15,main_domain
train_000067,duplicated_work,duplicated_work,1,53,9,compliance_audit
train_000068,conflict,runaway_loop,0,34,6,main_domain
train_000069,duplicated_work,conflict,0,36,6,main_domain
train_000070,conflict,conflict,1,39,7,compliance_audit
train_000071,clean,clean,1,49,10,main_domain
train_000072,runaway_loop,deadlock,0,48,9,main_domain
train_000073,runaway_loop,duplicated_work,1,60,10,main_domain
train_000074,runaway_loop,deadlock,0,41,7,main_domain
train_000075,duplicated_work,duplicated_work,1,44,6,main_domain
train_000076,duplicated_work,duplicated_work,1,30,7,main_domain
train_000077,clean,clean,1,22,1,main_domain
train_000078,deadlock,deadlock,0,55,9,compliance_audit
train_000079,clean,clean,1,22,6,main_domain
train_000080,dropped_handoff,dropped_handoff,0,27,8,main_domain
train_000081,clean,clean,1,40,1,compliance_audit
train_000082,duplicated_work,duplicated_work,1,89,9,main_domain
train_000083,runaway_loop,dropped_handoff,0,30,9,main_domain
train_000084,deadlock,deadlock,0,58,10,main_domain
train_000085,duplicated_work,clean,0,44,1,main_domain
train_000086,duplicated_work,clean,0,54,10,main_domain
train_000087,runaway_loop,runaway_loop,0,39,7,compliance_audit
train_000088,goal_drift,goal_drift,0,54,13,main_domain
train_000089,clean,clean,1,56,10,main_domain
train_000090,dropped_handoff,duplicated_work,1,36,8,main_domain
train_000091,deadlock,clean,1,82,1,main_domain
train_000092,dropped_handoff,deadlock,0,41,8,main_domain
train_000093,duplicated_work,duplicated_work,1,36,1,main_domain
train_000094,conflict,conflict,1,55,1,main_domain
train_000095,duplicated_work,clean,0,67,10,main_domain
train_000096,duplicated_work,conflict,0,65,10,main_domain
train_000097,deadlock,deadlock,1,34,6,main_domain
train_000098,clean,clean,1,52,8,main_domain
train_000099,conflict,duplicated_work,1,77,8,compliance_audit
train_000100,conflict,conflict,0,52,10,compliance_audit
train_000101,runaway_loop,runaway_loop,0,18,4,main_domain
train_000102,goal_drift,goal_drift,0,47,13,main_domain
train_000103,conflict,conflict,0,21,6,main_domain
train_000104,goal_drift,goal_drift,0,70,14,main_domain
train_000105,dropped_handoff,dropped_handoff,0,87,9,main_domain
train_000106,clean,clean,1,39,8,main_domain
train_000107,clean,clean,1,41,9,main_domain
train_000108,clean,clean,1,69,9,main_domain
train_000109,conflict,conflict,0,33,8,main_domain
train_000110,goal_drift,goal_drift,0,43,14,main_domain
train_000111,goal_drift,goal_drift,0,44,12,main_domain
train_000112,goal_drift,clean,0,21,1,main_domain
train_000113,clean,clean,1,20,6,compliance_audit
train_000114,runaway_loop,runaway_loop,0,44,9,compliance_audit
train_000115,clean,clean,1,52,8,main_domain
train_000116,conflict,conflict,0,30,7,main_domain
train_000117,clean,clean,1,24,5,main_domain
train_000118,conflict,goal_drift,0,72,14,main_domain
train_000119,duplicated_work,duplicated_work,1,43,1,compliance_audit
train_000120,deadlock,deadlock,0,24,7,compliance_audit
train_000121,deadlock,goal_drift,0,81,11,main_domain
train_000122,conflict,conflict,1,38,8,compliance_audit
train_000123,deadlock,duplicated_work,1,24,1,main_domain
train_000124,duplicated_work,duplicated_work,1,40,9,main_domain
train_000125,duplicated_work,duplicated_work,1,38,1,main_domain
train_000126,runaway_loop,runaway_loop,0,61,1,main_domain
train_000127,deadlock,deadlock,0,18,5,main_domain
train_000128,clean,dropped_handoff,0,25,7,main_domain
train_000129,clean,clean,1,43,9,main_domain
train_000130,clean,clean,1,30,8,compliance_audit
train_000131,runaway_loop,runaway_loop,1,46,1,main_domain
train_000132,clean,clean,1,57,9,main_domain
train_000133,runaway_loop,runaway_loop,0,18,5,main_domain
train_000134,dropped_handoff,conflict,0,49,10,compliance_audit
train_000135,dropped_handoff,deadlock,0,29,6,main_domain
train_000136,duplicated_work,clean,1,81,10,main_domain
train_000137,goal_drift,goal_drift,1,72,13,compliance_audit
train_000138,clean,clean,1,47,9,main_domain
train_000139,clean,clean,1,38,7,compliance_audit
train_000140,runaway_loop,runaway_loop,0,72,10,main_domain
train_000141,clean,clean,1,41,8,main_domain
train_000142,dropped_handoff,dropped_handoff,0,33,9,main_domain
train_000143,duplicated_work,duplicated_work,1,28,6,main_domain
train_000144,deadlock,deadlock,0,39,7,main_domain
train_000145,runaway_loop,runaway_loop,0,111,10,main_domain
train_000146,duplicated_work,conflict,0,54,9,main_domain
train_000147,clean,clean,1,55,9,main_domain
train_000148,clean,clean,1,63,10,compliance_audit
train_000149,clean,clean,1,36,8,main_domain
train_000150,dropped_handoff,dropped_handoff,0,29,7,main_domain
train_000151,deadlock,deadlock,0,39,8,main_domain
train_000152,clean,clean,1,26,7,compliance_audit
train_000153,deadlock,goal_drift,0,54,12,main_domain
train_000154,conflict,conflict,0,50,10,compliance_audit
train_000155,runaway_loop,runaway_loop,0,86,10,main_domain
train_000156,clean,clean,1,78,10,main_domain
train_000157,clean,clean,1,44,8,compliance_audit
train_000158,clean,clean,1,41,9,main_domain
train_000159,runaway_loop,deadlock,0,38,1,main_domain
train_000160,dropped_handoff,runaway_loop,0,53,8,main_domain
train_000161,duplicated_work,duplicated_work,0,40,6,main_domain
train_000162,deadlock,clean,0,50,10,main_domain
train_000163,clean,clean,1,93,10,main_domain
train_000164,deadlock,dropped_handoff,0,24,6,main_domain
train_000165,deadlock,clean,0,28,1,compliance_audit
train_000166,deadlock,deadlock,0,42,9,main_domain
train_000167,conflict,conflict,1,31,7,main_domain
train_000168,clean,clean,1,41,8,main_domain
train_000169,clean,clean,1,30,8,main_domain
train_000170,conflict,conflict,1,38,1,main_domain
train_000171,clean,clean,1,31,9,main_domain
train_000172,clean,clean,0,52,1,compliance_audit
train_000173,clean,clean,0,50,10,compliance_audit
train_000174,clean,deadlock,0,59,9,main_domain
train_000175,duplicated_work,conflict,0,48,10,main_domain
train_000176,clean,clean,1,57,10,compliance_audit
train_000177,dropped_handoff,dropped_handoff,0,27,7,main_domain
train_000178,dropped_handoff,dropped_handoff,0,37,10,main_domain
train_000179,dropped_handoff,dropped_handoff,0,38,9,main_domain
train_000180,dropped_handoff,duplicated_work,0,41,9,main_domain
train_000181,runaway_loop,duplicated_work,1,54,9,main_domain
train_000182,duplicated_work,duplicated_work,1,32,7,main_domain
train_000183,clean,clean,1,26,6,main_domain
train_000184,deadlock,clean,1,56,10,main_domain
train_000185,clean,clean,1,39,9,compliance_audit
train_000186,deadlock,deadlock,0,43,7,main_domain
train_000187,clean,deadlock,0,64,10,compliance_audit
train_000188,conflict,goal_drift,0,24,9,compliance_audit
train_000189,conflict,conflict,0,55,9,compliance_audit
train_000190,goal_drift,goal_drift,0,29,9,main_domain
train_000191,goal_drift,goal_drift,0,38,12,main_domain
train_000192,clean,clean,1,37,1,compliance_audit
train_000193,deadlock,runaway_loop,0,81,9,main_domain
train_000194,deadlock,dropped_handoff,0,29,7,main_domain
train_000195,clean,clean,1,25,6,main_domain
train_000196,conflict,conflict,1,60,1,main_domain
train_000197,clean,clean,1,26,7,main_domain
train_000198,deadlock,deadlock,0,34,7,compliance_audit
train_000199,clean,clean,1,44,8,main_domain
train_000200,clean,duplicated_work,0,45,8,main_domain
train_000201,clean,clean,1,37,10,main_domain
train_000202,clean,clean,1,27,7,main_domain
train_000203,deadlock,deadlock,0,33,8,main_domain
train_000204,duplicated_work,duplicated_work,0,53,9,main_domain
train_000205,deadlock,deadlock,0,120,10,main_domain
train_000206,goal_drift,clean,0,26,1,main_domain
train_000207,deadlock,clean,0,17,6,main_domain
train_000208,runaway_loop,runaway_loop,1,50,9,main_domain
train_000209,runaway_loop,runaway_loop,1,56,9,main_domain
train_000210,dropped_handoff,clean,1,42,1,main_domain
train_000211,clean,clean,1,41,1,main_domain
train_000212,duplicated_work,duplicated_work,1,34,7,compliance_audit
train_000213,goal_drift,goal_drift,0,90,14,compliance_audit
train_000214,goal_drift,goal_drift,0,64,14,main_domain
train_000215,clean,clean,0,21,1,main_domain
train_000216,goal_drift,goal_drift,1,65,12,compliance_audit
train_000217,goal_drift,goal_drift,1,36,11,main_domain
train_000218,duplicated_work,runaway_loop,1,47,8,main_domain
train_000219,goal_drift,goal_drift,0,26,10,main_domain
train_000220,dropped_handoff,dropped_handoff,0,31,8,compliance_audit
train_000221,clean,clean,1,41,9,main_domain
train_000222,dropped_handoff,runaway_loop,0,62,1,main_domain
train_000223,deadlock,conflict,0,80,10,compliance_audit
train_000224,goal_drift,goal_drift,0,35,13,compliance_audit
train_000225,deadlock,deadlock,0,62,10,main_domain
train_000226,goal_drift,goal_drift,0,55,12,main_domain
train_000227,duplicated_work,duplicated_work,0,32,7,main_domain
train_000228,runaway_loop,runaway_loop,1,45,8,compliance_audit
train_000229,goal_drift,goal_drift,0,80,12,main_domain
train_000230,conflict,dropped_handoff,0,80,9,main_domain
train_000231,duplicated_work,duplicated_work,1,48,8,compliance_audit
train_000232,clean,clean,1,35,8,main_domain
train_000233,duplicated_work,duplicated_work,1,55,10,main_domain
train_000234,deadlock,deadlock,0,14,5,main_domain
train_000235,clean,clean,1,16,5,main_domain
train_000236,goal_drift,goal_drift,0,20,1,compliance_audit
train_000237,conflict,conflict,0,44,8,main_domain
train_000238,runaway_loop,runaway_loop,0,42,10,compliance_audit
train_000239,dropped_handoff,dropped_handoff,0,35,1,compliance_audit
train_000240,clean,clean,1,23,5,main_domain
train_000241,deadlock,dropped_handoff,0,15,6,main_domain
train_000242,dropped_handoff,dropped_handoff,0,55,9,main_domain
train_000243,deadlock,deadlock,0,36,7,main_domain
train_000244,runaway_loop,runaway_loop,0,67,10,compliance_audit
train_000245,deadlock,runaway_loop,0,58,9,main_domain
train_000246,conflict,conflict,0,26,5,compliance_audit
train_000247,duplicated_work,duplicated_work,1,40,8,main_domain
train_000248,clean,clean,1,42,8,main_domain
train_000249,runaway_loop,runaway_loop,0,54,10,main_domain
train_000250,duplicated_work,dropped_handoff,0,56,10,main_domain
train_000251,duplicated_work,clean,1,43,8,compliance_audit
train_000252,goal_drift,goal_drift,0,24,10,main_domain
train_000253,dropped_handoff,dropped_handoff,0,44,8,main_domain
train_000254,runaway_loop,runaway_loop,0,62,10,main_domain
train_000255,clean,clean,1,30,7,main_domain
train_000256,clean,clean,1,50,9,main_domain
train_000257,runaway_loop,runaway_loop,0,45,8,compliance_audit
train_000258,runaway_loop,runaway_loop,0,30,7,main_domain
train_000259,duplicated_work,clean,1,37,9,main_domain
train_000260,clean,clean,0,36,8,main_domain
train_000261,dropped_handoff,dropped_handoff,0,25,7,main_domain
train_000262,clean,clean,1,24,1,main_domain
train_000263,goal_drift,goal_drift,0,36,11,main_domain
train_000264,dropped_handoff,clean,1,46,10,main_domain
train_000265,dropped_handoff,clean,0,51,9,compliance_audit
train_000266,duplicated_work,clean,1,76,9,main_domain
train_000267,deadlock,deadlock,0,20,1,main_domain
train_000268,runaway_loop,goal_drift,1,67,13,compliance_audit
train_000269,deadlock,runaway_loop,0,35,9,main_domain
train_000270,deadlock,deadlock,1,21,5,main_domain
train_000271,clean,clean,1,45,9,main_domain
train_000272,clean,clean,1,53,8,main_domain
train_000273,conflict,conflict,1,32,5,main_domain
train_000274,goal_drift,goal_drift,0,22,1,main_domain
train_000275,clean,clean,1,22,6,main_domain
train_000276,duplicated_work,clean,1,43,9,main_domain
train_000277,runaway_loop,runaway_loop,1,55,8,compliance_audit
train_000278,conflict,conflict,0,47,9,main_domain
train_000279,conflict,conflict,0,39,8,main_domain
train_000280,clean,clean,1,64,10,main_domain
train_000281,clean,clean,1,65,10,compliance_audit
train_000282,runaway_loop,runaway_loop,1,27,1,main_domain
train_000283,runaway_loop,runaway_loop,0,48,9,compliance_audit
train_000284,goal_drift,goal_drift,0,74,13,compliance_audit
train_000285,goal_drift,goal_drift,0,50,13,main_domain
train_000286,runaway_loop,goal_drift,0,54,11,main_domain
train_000287,clean,clean,0,83,10,main_domain
train_000288,duplicated_work,clean,1,26,1,compliance_audit
train_000289,conflict,conflict,0,22,7,compliance_audit
train_000290,clean,clean,1,30,8,main_domain
train_000291,duplicated_work,duplicated_work,1,45,7,main_domain
train_000292,runaway_loop,runaway_loop,0,33,5,main_domain
train_000293,deadlock,clean,0,50,9,compliance_audit
train_000294,duplicated_work,clean,0,47,8,main_domain
train_000295,runaway_loop,deadlock,0,84,9,main_domain
train_000296,clean,clean,1,63,1,main_domain
train_000297,conflict,conflict,1,37,8,main_domain
train_000298,goal_drift,goal_drift,0,48,13,main_domain
train_000299,goal_drift,goal_drift,0,65,13,compliance_audit
train_000300,duplicated_work,duplicated_work,0,78,10,compliance_audit
train_000301,runaway_loop,runaway_loop,0,61,9,main_domain
train_000302,clean,conflict,0,26,7,main_domain
train_000303,clean,clean,1,37,7,main_domain
train_000304,clean,clean,1,19,5,compliance_audit
train_000305,duplicated_work,duplicated_work,0,33,7,main_domain
train_000306,dropped_handoff,dropped_handoff,0,24,7,main_domain
train_000307,dropped_handoff,dropped_handoff,0,17,6,main_domain
train_000308,goal_drift,clean,1,57,1,main_domain
train_000309,runaway_loop,runaway_loop,0,74,10,main_domain
train_000310,duplicated_work,duplicated_work,1,70,10,main_domain
train_000311,duplicated_work,goal_drift,0,35,11,main_domain
train_000312,duplicated_work,duplicated_work,1,58,9,main_domain
train_000313,goal_drift,goal_drift,0,48,11,compliance_audit
train_000314,runaway_loop,runaway_loop,1,81,10,main_domain
train_000315,deadlock,clean,0,28,8,compliance_audit
train_000316,dropped_handoff,runaway_loop,0,33,6,main_domain
train_000317,duplicated_work,duplicated_work,1,91,10,main_domain
train_000318,conflict,conflict,1,64,1,main_domain
train_000319,duplicated_work,duplicated_work,1,75,10,main_domain
train_000320,deadlock,goal_drift,0,60,11,main_domain
train_000321,clean,clean,0,51,10,main_domain
train_000322,clean,clean,0,66,10,main_domain
train_000323,clean,clean,1,39,8,main_domain
train_000324,deadlock,deadlock,0,39,7,main_domain
train_000325,conflict,conflict,0,23,1,main_domain
train_000326,deadlock,deadlock,1,25,7,main_domain
train_000327,conflict,conflict,0,38,7,main_domain
train_000328,clean,deadlock,0,65,7,main_domain
train_000329,deadlock,deadlock,0,57,1,compliance_audit
train_000330,runaway_loop,runaway_loop,1,52,1,main_domain
train_000331,conflict,conflict,1,54,8,compliance_audit
train_000332,goal_drift,goal_drift,0,23,8,main_domain
train_000333,clean,duplicated_work,0,48,10,main_domain
train_000334,clean,clean,1,18,5,main_domain
train_000335,deadlock,deadlock,0,37,1,main_domain
train_000336,deadlock,conflict,0,25,7,main_domain
train_000337,duplicated_work,runaway_loop,0,22,1,main_domain
train_000338,deadlock,clean,1,37,7,main_domain
train_000339,duplicated_work,duplicated_work,1,28,5,main_domain
train_000340,runaway_loop,runaway_loop,0,62,9,main_domain
train_000341,conflict,conflict,0,48,1,main_domain
train_000342,goal_drift,goal_drift,0,81,13,compliance_audit
train_000343,goal_drift,goal_drift,0,20,9,compliance_audit
train_000344,deadlock,runaway_loop,0,47,9,main_domain
train_000345,clean,clean,1,44,8,main_domain
train_000346,goal_drift,goal_drift,0,50,1,main_domain
train_000347,runaway_loop,clean,1,69,10,main_domain
train_000348,goal_drift,goal_drift,0,40,11,main_domain
train_000349,clean,clean,1,59,10,main_domain
train_000350,dropped_handoff,dropped_handoff,0,36,9,main_domain
train_000351,dropped_handoff,duplicated_work,0,97,10,main_domain
train_000352,duplicated_work,duplicated_work,1,33,5,main_domain
train_000353,duplicated_work,clean,1,43,10,main_domain
train_000354,runaway_loop,runaway_loop,0,40,7,main_domain
train_000355,clean,clean,1,33,1,main_domain
train_000356,duplicated_work,runaway_loop,0,47,6,main_domain
train_000357,duplicated_work,conflict,1,32,7,main_domain
train_000358,runaway_loop,runaway_loop,1,67,9,main_domain
train_000359,clean,clean,1,70,1,main_domain
train_000360,goal_drift,goal_drift,0,64,13,main_domain
train_000361,clean,clean,1,30,8,main_domain
train_000362,deadlock,deadlock,0,31,6,main_domain
train_000363,clean,clean,1,32,9,main_domain
train_000364,deadlock,goal_drift,0,73,1,main_domain
train_000365,runaway_loop,runaway_loop,0,15,5,compliance_audit
train_000366,conflict,conflict,1,26,5,main_domain
train_000367,clean,clean,1,68,10,main_domain
train_000368,runaway_loop,runaway_loop,1,75,10,main_domain
train_000369,dropped_handoff,clean,0,55,9,compliance_audit
train_000370,runaway_loop,runaway_loop,0,34,8,main_domain
train_000371,conflict,conflict,1,36,8,main_domain
train_000372,conflict,conflict,1,57,10,main_domain
train_000373,dropped_handoff,clean,0,69,10,main_domain
train_000374,deadlock,dropped_handoff,0,64,9,main_domain
train_000375,conflict,conflict,0,52,8,compliance_audit
train_000376,clean,clean,1,22,6,main_domain
train_000377,conflict,goal_drift,0,23,10,main_domain
train_000378,deadlock,deadlock,0,46,10,main_domain
train_000379,runaway_loop,dropped_handoff,0,71,1,main_domain
train_000380,dropped_handoff,runaway_loop,0,102,1,compliance_audit
train_000381,runaway_loop,deadlock,0,83,10,main_domain
train_000382,runaway_loop,clean,0,67,1,main_domain
train_000383,runaway_loop,clean,0,77,10,main_domain
train_000384,clean,clean,1,43,8,compliance_audit
train_000385,deadlock,deadlock,0,32,8,compliance_audit
train_000386,conflict,conflict,0,22,5,main_domain
train_000387,duplicated_work,duplicated_work,1,25,5,main_domain
train_000388,clean,clean,1,45,10,main_domain
train_000389,deadlock,deadlock,0,43,9,main_domain
train_000390,clean,clean,1,69,9,compliance_audit
train_000391,duplicated_work,duplicated_work,1,46,1,main_domain
train_000392,dropped_handoff,clean,0,40,8,main_domain
train_000393,runaway_loop,runaway_loop,0,42,8,main_domain
train_000394,clean,clean,1,25,6,main_domain
train_000395,dropped_handoff,clean,1,48,10,main_domain
train_000396,clean,clean,1,39,8,main_domain
train_000397,deadlock,deadlock,0,15,3,main_domain
train_000398,deadlock,clean,0,17,6,main_domain
train_000399,deadlock,deadlock,0,76,9,main_domain
train_000400,conflict,conflict,1,62,10,main_domain
train_000401,goal_drift,goal_drift,0,60,11,main_domain
train_000402,conflict,conflict,1,40,8,main_domain
train_000403,dropped_handoff,dropped_handoff,0,35,9,main_domain
train_000404,duplicated_work,runaway_loop,0,42,8,main_domain
train_000405,conflict,conflict,0,44,10,main_domain
train_000406,runaway_loop,runaway_loop,0,41,8,main_domain
train_000407,clean,clean,1,97,10,main_domain
train_000408,runaway_loop,runaway_loop,0,60,1,main_domain
train_000409,clean,clean,1,28,8,main_domain
train_000410,runaway_loop,runaway_loop,0,33,6,main_domain
train_000411,conflict,conflict,1,24,6,compliance_audit
train_000412,deadlock,deadlock,0,13,5,main_domain
train_000413,deadlock,conflict,0,19,6,main_domain
train_000414,clean,clean,1,53,1,main_domain
train_000415,duplicated_work,duplicated_work,0,47,10,main_domain
train_000416,runaway_loop,runaway_loop,1,52,8,compliance_audit
train_000417,dropped_handoff,dropped_handoff,0,29,6,main_domain
train_000418,deadlock,duplicated_work,0,47,9,compliance_audit
train_000419,clean,clean,1,26,6,compliance_audit
train_000420,deadlock,deadlock,0,64,10,compliance_audit
train_000421,duplicated_work,runaway_loop,1,123,9,compliance_audit
train_000422,goal_drift,goal_drift,1,52,11,main_domain
train_000423,duplicated_work,duplicated_work,1,68,10,compliance_audit
train_000424,clean,clean,1,52,10,main_domain
train_000425,clean,clean,1,22,4,main_domain
train_000426,clean,clean,1,16,4,compliance_audit
train_000427,clean,clean,1,121,10,main_domain
train_000428,runaway_loop,runaway_loop,1,46,1,main_domain
train_000429,conflict,conflict,0,64,9,compliance_audit
train_000430,duplicated_work,duplicated_work,1,43,8,main_domain
train_000431,duplicated_work,duplicated_work,1,48,8,main_domain
train_000432,clean,clean,1,15,4,main_domain
train_000433,clean,runaway_loop,1,52,7,main_domain
train_000434,clean,clean,1,54,1,main_domain
train_000435,goal_drift,goal_drift,0,41,10,main_domain
train_000436,dropped_handoff,conflict,0,54,9,main_domain
train_000437,conflict,conflict,1,25,5,main_domain
train_000438,duplicated_work,duplicated_work,1,63,10,main_domain
train_000439,conflict,conflict,0,16,6,main_domain
train_000440,clean,clean,1,42,8,main_domain
train_000441,clean,clean,1,31,6,main_domain
train_000442,clean,clean,1,43,10,compliance_audit
train_000443,clean,clean,1,107,10,compliance_audit
train_000444,deadlock,deadlock,0,14,4,main_domain
train_000445,goal_drift,goal_drift,0,115,1,compliance_audit
train_000446,dropped_handoff,dropped_handoff,0,25,7,compliance_audit
train_000447,goal_drift,goal_drift,0,61,13,main_domain
train_000448,clean,clean,1,49,10,main_domain
train_000449,goal_drift,goal_drift,0,49,12,main_domain
train_000450,clean,clean,1,22,5,compliance_audit
train_000451,clean,dropped_handoff,0,62,9,main_domain
train_000452,goal_drift,clean,1,29,1,main_domain
train_000453,duplicated_work,duplicated_work,1,40,8,main_domain
train_000454,runaway_loop,deadlock,0,38,8,main_domain
train_000455,runaway_loop,dropped_handoff,0,26,7,main_domain
train_000456,clean,clean,0,29,7,main_domain
train_000457,conflict,conflict,0,42,10,main_domain
train_000458,deadlock,runaway_loop,1,85,10,main_domain
train_000459,dropped_handoff,dropped_handoff,1,43,8,compliance_audit
train_000460,clean,clean,1,26,7,main_domain
train_000461,deadlock,conflict,0,40,8,main_domain
train_000462,dropped_handoff,goal_drift,0,38,12,main_domain
train_000463,clean,clean,1,39,9,main_domain
train_000464,dropped_handoff,dropped_handoff,0,19,1,main_domain
train_000465,dropped_handoff,clean,1,55,1,main_domain
train_000466,duplicated_work,clean,1,65,9,main_domain
train_000467,conflict,conflict,0,17,6,compliance_audit
train_000468,clean,clean,1,37,8,main_domain
train_000469,conflict,conflict,0,39,8,main_domain
train_000470,conflict,conflict,1,57,9,main_domain
train_000471,conflict,conflict,0,94,9,compliance_audit
train_000472,clean,clean,1,45,10,main_domain
train_000473,conflict,conflict,0,44,8,main_domain
train_000474,dropped_handoff,dropped_handoff,1,60,9,compliance_audit
train_000475,deadlock,deadlock,0,60,9,main_domain
train_000476,duplicated_work,duplicated_work,1,43,1,main_domain
train_000477,runaway_loop,runaway_loop,1,65,1,main_domain
train_000478,conflict,conflict,0,43,10,main_domain
train_000479,conflict,conflict,1,24,5,compliance_audit
train_000480,runaway_loop,runaway_loop,1,35,7,main_domain
train_000481,clean,clean,1,43,8,compliance_audit
train_000482,duplicated_work,duplicated_work,1,81,10,main_domain
train_000483,conflict,conflict,0,44,9,main_domain
train_000484,clean,clean,1,59,10,compliance_audit
train_000485,duplicated_work,duplicated_work,1,35,7,main_domain
train_000486,clean,clean,1,52,10,main_domain
train_000487,dropped_handoff,clean,0,43,1,main_domain
train_000488,conflict,conflict,0,52,9,main_domain
train_000489,clean,clean,1,33,7,main_domain
train_000490,dropped_handoff,dropped_handoff,0,39,7,compliance_audit
train_000491,dropped_handoff,runaway_loop,0,38,9,main_domain
train_000492,clean,clean,1,53,9,main_domain
train_000493,conflict,conflict,1,23,6,main_domain
train_000494,duplicated_work,duplicated_work,1,34,7,main_domain
train_000495,deadlock,clean,1,52,10,main_domain
train_000496,runaway_loop,runaway_loop,0,37,1,main_domain
train_000497,clean,clean,1,46,9,main_domain
train_000498,dropped_handoff,dropped_handoff,0,41,8,main_domain
train_000499,deadlock,deadlock,0,53,1,main_domain
train_000500,clean,clean,1,59,10,compliance_audit
train_000501,deadlock,dropped_handoff,0,36,8,main_domain
train_000502,deadlock,deadlock,0,34,8,compliance_audit
train_000503,clean,clean,1,38,10,compliance_audit
train_000504,goal_drift,conflict,1,57,13,main_domain
train_000505,deadlock,deadlock,0,45,8,compliance_audit
train_000506,dropped_handoff,goal_drift,0,17,8,compliance_audit
train_000507,deadlock,runaway_loop,0,17,5,main_domain
train_000508,duplicated_work,duplicated_work,1,53,9,main_domain
train_000509,duplicated_work,runaway_loop,0,33,6,compliance_audit
train_000510,dropped_handoff,dropped_handoff,0,30,1,main_domain
train_000511,clean,clean,1,44,7,main_domain
train_000512,clean,clean,1,50,10,main_domain
train_000513,clean,clean,1,29,7,main_domain
train_000514,conflict,conflict,0,37,8,main_domain
train_000515,deadlock,deadlock,0,49,9,main_domain
train_000516,duplicated_work,duplicated_work,1,54,10,compliance_audit
train_000517,goal_drift,goal_drift,0,58,13,main_domain
train_000518,duplicated_work,duplicated_work,1,41,8,main_domain
train_000519,runaway_loop,runaway_loop,1,46,8,main_domain
train_000520,duplicated_work,dropped_handoff,0,72,9,main_domain
train_000521,conflict,conflict,1,48,8,main_domain
train_000522,deadlock,deadlock,0,44,10,main_domain
train_000523,dropped_handoff,dropped_handoff,0,42,9,main_domain
train_000524,clean,clean,1,53,10,main_domain
train_000525,goal_drift,clean,1,40,1,main_domain
train_000526,clean,clean,1,17,5,main_domain
train_000527,conflict,conflict,0,27,7,main_domain
train_000528,goal_drift,duplicated_work,1,39,10,main_domain
train_000529,duplicated_work,duplicated_work,1,42,1,main_domain
train_000530,runaway_loop,runaway_loop,0,31,7,compliance_audit
train_000531,deadlock,deadlock,0,27,6,main_domain
train_000532,clean,clean,1,47,10,main_domain
train_000533,clean,clean,1,28,6,compliance_audit
train_000534,goal_drift,goal_drift,1,25,9,main_domain
train_000535,deadlock,clean,0,44,9,main_domain
train_000536,deadlock,goal_drift,0,56,13,main_domain
train_000537,runaway_loop,runaway_loop,1,44,8,main_domain
train_000538,dropped_handoff,deadlock,0,65,10,compliance_audit
train_000539,dropped_handoff,dropped_handoff,0,42,8,compliance_audit
train_000540,runaway_loop,runaway_loop,0,31,6,compliance_audit
train_000541,runaway_loop,conflict,1,61,9,main_domain
train_000542,clean,clean,1,45,9,main_domain
train_000543,dropped_handoff,dropped_handoff,0,12,4,main_domain
train_000544,dropped_handoff,deadlock,0,59,10,main_domain
train_000545,clean,clean,1,31,1,main_domain
train_000546,clean,clean,1,56,10,main_domain
train_000547,conflict,conflict,0,25,7,main_domain
train_000548,deadlock,deadlock,0,29,9,main_domain
train_000549,conflict,conflict,0,56,10,compliance_audit
train_000550,clean,clean,1,30,6,main_domain
train_000551,goal_drift,conflict,0,43,13,main_domain
train_000552,clean,clean,1,38,9,main_domain
train_000553,duplicated_work,clean,1,41,7,main_domain
train_000554,conflict,conflict,1,46,7,compliance_audit
train_000555,dropped_handoff,deadlock,0,39,1,compliance_audit
train_000556,goal_drift,goal_drift,0,37,12,main_domain
train_000557,deadlock,deadlock,0,45,9,main_domain
train_000558,clean,clean,1,18,5,main_domain
train_000559,conflict,conflict,0,37,8,main_domain
train_000560,goal_drift,goal_drift,0,22,10,compliance_audit
train_000561,duplicated_work,conflict,1,50,7,main_domain
train_000562,clean,clean,0,61,7,main_domain
train_000563,dropped_handoff,clean,0,68,9,main_domain
train_000564,conflict,conflict,0,34,8,main_domain
train_000565,dropped_handoff,runaway_loop,1,34,6,main_domain
train_000566,duplicated_work,duplicated_work,1,22,4,main_domain
train_000567,dropped_handoff,duplicated_work,1,57,10,compliance_audit
train_000568,goal_drift,goal_drift,0,50,13,main_domain
train_000569,duplicated_work,clean,1,37,6,main_domain
train_000570,clean,clean,1,47,10,compliance_audit
train_000571,runaway_loop,deadlock,0,37,8,main_domain
train_000572,clean,clean,1,34,6,main_domain
train_000573,runaway_loop,runaway_loop,0,73,10,main_domain
train_000574,dropped_handoff,runaway_loop,0,42,8,main_domain
train_000575,dropped_handoff,goal_drift,0,26,8,main_domain
train_000576,clean,dropped_handoff,0,33,7,main_domain
train_000577,runaway_loop,runaway_loop,0,59,9,main_domain
train_000578,clean,clean,0,35,7,main_domain
train_000579,conflict,conflict,1,38,8,compliance_audit
train_000580,conflict,conflict,1,31,1,compliance_audit
train_000581,deadlock,deadlock,0,41,1,main_domain
train_000582,dropped_handoff,duplicated_work,0,27,6,main_domain
train_000583,duplicated_work,duplicated_work,1,52,9,compliance_audit
train_000584,conflict,conflict,0,37,7,main_domain
train_000585,clean,clean,1,50,10,main_domain
train_000586,duplicated_work,goal_drift,0,77,12,main_domain
train_000587,runaway_loop,runaway_loop,0,30,6,main_domain
train_000588,clean,clean,1,28,7,main_domain
train_000589,clean,clean,1,45,10,compliance_audit
train_000590,deadlock,deadlock,0,31,6,main_domain
train_000591,conflict,conflict,0,34,7,main_domain
train_000592,deadlock,dropped_handoff,0,34,8,main_domain
train_000593,duplicated_work,duplicated_work,0,59,10,main_domain
train_000594,duplicated_work,duplicated_work,1,62,10,compliance_audit
train_000595,runaway_loop,runaway_loop,0,61,7,compliance_audit
train_000596,conflict,conflict,1,44,9,main_domain
train_000597,conflict,conflict,0,65,10,main_domain
train_000598,duplicated_work,duplicated_work,1,65,10,main_domain
train_000599,goal_drift,goal_drift,0,68,13,main_domain
train_000600,goal_drift,goal_drift,1,49,13,main_domain
train_000601,runaway_loop,runaway_loop,0,37,8,main_domain
train_000602,duplicated_work,duplicated_work,1,63,9,main_domain
train_000603,goal_drift,goal_drift,0,32,12,main_domain
train_000604,goal_drift,goal_drift,1,45,11,main_domain
train_000605,goal_drift,goal_drift,0,50,13,main_domain
train_000606,clean,clean,1,28,7,main_domain
train_000607,dropped_handoff,dropped_handoff,0,32,7,main_domain
train_000608,duplicated_work,duplicated_work,1,66,10,main_domain
train_000609,duplicated_work,duplicated_work,1,42,8,main_domain
train_000610,goal_drift,goal_drift,0,67,13,main_domain
train_000611,dropped_handoff,clean,0,38,1,main_domain
train_000612,goal_drift,goal_drift,0,88,15,main_domain
train_000613,duplicated_work,conflict,1,106,10,compliance_audit
train_000614,conflict,conflict,0,55,10,main_domain
train_000615,conflict,conflict,0,47,9,compliance_audit
train_000616,dropped_handoff,conflict,0,39,8,compliance_audit
train_000617,clean,clean,1,26,6,main_domain
train_000618,conflict,conflict,0,38,8,compliance_audit
train_000619,deadlock,deadlock,0,25,1,main_domain
train_000620,conflict,conflict,1,44,9,main_domain
train_000621,dropped_handoff,deadlock,0,81,9,main_domain
train_000622,deadlock,clean,0,39,9,main_domain
train_000623,duplicated_work,clean,1,45,8,main_domain
train_000624,goal_drift,goal_drift,0,27,9,main_domain
train_000625,clean,clean,1,29,8,main_domain
train_000626,deadlock,deadlock,0,36,8,main_domain
train_000627,runaway_loop,runaway_loop,0,42,9,main_domain
train_000628,runaway_loop,runaway_loop,0,47,9,main_domain
train_000629,runaway_loop,runaway_loop,0,39,6,main_domain
train_000630,duplicated_work,duplicated_work,1,64,8,compliance_audit
train_000631,clean,clean,1,15,5,main_domain
train_000632,goal_drift,goal_drift,0,33,11,main_domain
train_000633,deadlock,deadlock,0,34,7,compliance_audit
train_000634,goal_drift,goal_drift,0,23,9,main_domain
train_000635,clean,clean,1,61,9,main_domain
train_000636,runaway_loop,runaway_loop,0,37,6,main_domain
train_000637,goal_drift,goal_drift,1,43,13,main_domain
train_000638,dropped_handoff,dropped_handoff,1,52,9,compliance_audit
train_000639,clean,runaway_loop,0,57,10,main_domain
train_000640,duplicated_work,duplicated_work,1,48,9,compliance_audit
train_000641,dropped_handoff,dropped_handoff,0,16,6,compliance_audit
train_000642,duplicated_work,duplicated_work,1,30,5,compliance_audit
train_000643,conflict,conflict,0,113,10,main_domain
train_000644,goal_drift,goal_drift,0,39,10,compliance_audit
train_000645,clean,clean,1,54,9,main_domain
train_000646,clean,clean,1,47,8,main_domain
train_000647,deadlock,deadlock,0,39,9,main_domain
train_000648,clean,clean,1,41,8,main_domain
train_000649,deadlock,deadlock,0,39,8,main_domain
train_000650,duplicated_work,clean,0,42,9,main_domain
train_000651,deadlock,conflict,0,50,9,main_domain
train_000652,clean,clean,1,61,10,main_domain
train_000653,clean,clean,0,34,7,main_domain
train_000654,conflict,conflict,0,34,6,main_domain
train_000655,goal_drift,goal_drift,0,29,12,main_domain
train_000656,goal_drift,goal_drift,0,75,15,main_domain
train_000657,clean,clean,1,53,8,main_domain
train_000658,clean,clean,1,43,10,compliance_audit
train_000659,clean,clean,1,41,8,main_domain
train_000660,deadlock,clean,1,49,10,main_domain
train_000661,conflict,conflict,1,65,10,main_domain
train_000662,clean,clean,1,41,9,main_domain
train_000663,deadlock,goal_drift,0,49,13,compliance_audit
train_000664,clean,clean,1,29,6,main_domain
train_000665,goal_drift,goal_drift,0,50,11,main_domain
train_000666,dropped_handoff,dropped_handoff,0,31,7,main_domain
train_000667,clean,clean,1,50,7,compliance_audit
train_000668,clean,clean,1,93,10,main_domain
train_000669,clean,clean,1,38,9,main_domain
train_000670,clean,clean,1,67,10,main_domain
train_000671,conflict,runaway_loop,1,69,1,main_domain
train_000672,conflict,conflict,0,47,7,main_domain
train_000673,clean,clean,1,36,9,main_domain
train_000674,deadlock,dropped_handoff,0,24,7,main_domain
train_000675,deadlock,deadlock,0,27,8,main_domain
train_000676,goal_drift,goal_drift,1,34,10,main_domain
train_000677,goal_drift,clean,0,49,1,main_domain
train_000678,conflict,conflict,0,18,1,main_domain
train_000679,clean,clean,1,38,7,main_domain
train_000680,clean,clean,1,69,10,compliance_audit
train_000681,clean,clean,1,55,9,main_domain
train_000682,clean,clean,1,50,9,main_domain
train_000683,conflict,conflict,1,90,10,main_domain
train_000684,clean,clean,0,20,7,compliance_audit
train_000685,conflict,conflict,0,46,10,main_domain
train_000686,dropped_handoff,dropped_handoff,0,28,7,main_domain
train_000687,clean,clean,0,75,8,main_domain
train_000688,clean,clean,1,31,8,main_domain
train_000689,clean,clean,1,85,10,main_domain
train_000690,clean,clean,1,48,8,main_domain
train_000691,deadlock,conflict,0,61,10,main_domain
train_000692,goal_drift,goal_drift,0,32,11,main_domain
train_000693,dropped_handoff,deadlock,0,45,10,compliance_audit
train_000694,runaway_loop,runaway_loop,0,50,7,main_domain
train_000695,duplicated_work,clean,1,37,7,main_domain
train_000696,goal_drift,goal_drift,0,27,11,compliance_audit
train_000697,clean,clean,1,34,7,main_domain
train_000698,clean,clean,1,57,10,compliance_audit
train_000699,duplicated_work,duplicated_work,1,48,10,main_domain
train_000700,runaway_loop,runaway_loop,0,52,9,main_domain
train_000701,runaway_loop,runaway_loop,0,51,8,compliance_audit
train_000702,runaway_loop,clean,1,43,9,main_domain
train_000703,dropped_handoff,dropped_handoff,1,31,8,main_domain
train_000704,conflict,conflict,0,52,9,main_domain
train_000705,dropped_handoff,dropped_handoff,0,128,10,compliance_audit
train_000706,clean,clean,0,41,9,compliance_audit
train_000707,deadlock,deadlock,0,42,9,main_domain
train_000708,runaway_loop,clean,0,32,7,main_domain
train_000709,deadlock,deadlock,0,36,8,compliance_audit
train_000710,conflict,conflict,0,21,5,main_domain
train_000711,goal_drift,goal_drift,0,63,11,main_domain
train_000712,clean,clean,1,100,9,main_domain
train_000713,clean,clean,1,45,10,main_domain
train_000714,duplicated_work,duplicated_work,1,70,9,main_domain
train_000715,clean,clean,1,66,9,compliance_audit
train_000716,clean,clean,0,58,10,main_domain
train_000717,runaway_loop,runaway_loop,0,28,6,main_domain
train_000718,runaway_loop,runaway_loop,0,66,10,main_domain
train_000719,clean,clean,0,49,8,main_domain
train_000720,clean,clean,1,47,6,main_domain
train_000721,conflict,conflict,0,40,8,compliance_audit
train_000722,dropped_handoff,goal_drift,0,64,12,main_domain
train_000723,conflict,conflict,1,31,6,main_domain
train_000724,duplicated_work,duplicated_work,1,28,5,main_domain
train_000725,deadlock,deadlock,0,36,8,compliance_audit
train_000726,runaway_loop,dropped_handoff,0,40,1,main_domain
train_000727,conflict,conflict,1,62,9,main_domain
train_000728,clean,conflict,0,34,7,main_domain
train_000729,clean,clean,1,30,7,compliance_audit
train_000730,deadlock,deadlock,0,38,8,main_domain
train_000731,dropped_handoff,dropped_handoff,0,30,9,compliance_audit
train_000732,clean,clean,1,37,9,compliance_audit
train_000733,deadlock,deadlock,0,38,9,main_domain
train_000734,goal_drift,goal_drift,0,52,11,main_domain
train_000735,clean,clean,1,28,6,compliance_audit
train_000736,clean,clean,1,33,8,main_domain
train_000737,dropped_handoff,deadlock,0,52,10,main_domain
train_000738,runaway_loop,runaway_loop,0,85,10,main_domain
train_000739,clean,clean,1,49,8,compliance_audit
train_000740,clean,clean,1,55,10,main_domain
train_000741,clean,clean,1,23,4,compliance_audit
train_000742,deadlock,deadlock,0,34,7,main_domain
train_000743,conflict,conflict,0,39,8,main_domain
train_000744,runaway_loop,conflict,0,26,6,main_domain
train_000745,conflict,conflict,0,32,6,compliance_audit
train_000746,clean,clean,1,35,9,compliance_audit
train_000747,clean,clean,1,64,9,compliance_audit
train_000748,clean,clean,1,38,6,compliance_audit
train_000749,runaway_loop,runaway_loop,0,56,7,compliance_audit
train_000750,runaway_loop,runaway_loop,0,36,7,main_domain
train_000751,runaway_loop,runaway_loop,0,27,6,main_domain
train_000752,goal_drift,goal_drift,0,31,10,main_domain
train_000753,conflict,conflict,1,51,10,compliance_audit
train_000754,clean,clean,1,38,8,main_domain
train_000755,deadlock,runaway_loop,0,44,9,main_domain
train_000756,conflict,conflict,1,40,8,main_domain
train_000757,goal_drift,goal_drift,1,69,13,main_domain
train_000758,goal_drift,goal_drift,0,31,10,main_domain
train_000759,deadlock,deadlock,0,48,9,compliance_audit
train_000760,conflict,conflict,0,54,10,main_domain
train_000761,goal_drift,deadlock,0,25,8,main_domain
train_000762,runaway_loop,runaway_loop,0,62,9,compliance_audit
train_000763,clean,clean,1,41,8,compliance_audit
train_000764,duplicated_work,clean,1,29,7,main_domain
train_000765,runaway_loop,runaway_loop,1,52,12,main_domain
train_000766,runaway_loop,runaway_loop,0,49,8,compliance_audit
train_000767,clean,clean,1,65,1,main_domain
train_000768,conflict,conflict,0,32,1,main_domain
train_000769,clean,clean,1,61,10,main_domain
train_000770,runaway_loop,duplicated_work,1,102,9,main_domain
train_000771,conflict,conflict,1,39,10,main_domain
train_000772,dropped_handoff,deadlock,0,69,10,main_domain
train_000773,deadlock,deadlock,0,48,9,main_domain
train_000774,clean,clean,0,35,7,main_domain
train_000775,runaway_loop,runaway_loop,1,61,1,main_domain
train_000776,goal_drift,goal_drift,0,48,11,compliance_audit
train_000777,clean,clean,1,26,7,main_domain
train_000778,deadlock,deadlock,0,36,1,main_domain
train_000779,runaway_loop,runaway_loop,1,77,8,compliance_audit
train_000780,conflict,conflict,0,34,5,main_domain
train_000781,runaway_loop,runaway_loop,1,55,9,main_domain
train_000782,clean,clean,1,16,5,main_domain
train_000783,clean,clean,1,60,10,compliance_audit
train_000784,clean,clean,1,27,7,main_domain
train_000785,clean,clean,1,40,10,main_domain
train_000786,dropped_handoff,duplicated_work,0,31,8,compliance_audit
train_000787,clean,clean,1,41,9,main_domain
train_000788,deadlock,runaway_loop,0,36,8,main_domain
train_000789,clean,clean,1,25,7,main_domain
train_000790,goal_drift,goal_drift,0,16,8,main_domain
train_000791,goal_drift,goal_drift,0,44,11,main_domain
train_000792,clean,deadlock,0,33,8,compliance_audit
train_000793,clean,clean,0,52,6,main_domain
train_000794,clean,clean,1,60,1,compliance_audit
train_000795,clean,clean,1,41,9,compliance_audit
train_000796,dropped_handoff,duplicated_work,1,23,6,main_domain
train_000797,runaway_loop,runaway_loop,0,38,6,main_domain
train_000798,deadlock,deadlock,0,44,8,compliance_audit
train_000799,dropped_handoff,runaway_loop,0,62,9,main_domain
train_000800,clean,clean,1,46,10,main_domain
train_000801,deadlock,deadlock,0,16,6,main_domain
train_000802,runaway_loop,runaway_loop,0,38,6,main_domain
train_000803,dropped_handoff,duplicated_work,1,81,10,main_domain
train_000804,goal_drift,goal_drift,0,57,10,main_domain
train_000805,dropped_handoff,dropped_handoff,0,36,10,compliance_audit
train_000806,conflict,conflict,0,35,9,compliance_audit
train_000807,clean,clean,1,31,6,main_domain
train_000808,runaway_loop,runaway_loop,1,33,6,main_domain
train_000809,clean,clean,1,47,10,compliance_audit
train_000810,duplicated_work,duplicated_work,1,38,7,main_domain
train_000811,runaway_loop,deadlock,0,43,9,main_domain
train_000812,clean,clean,1,27,7,compliance_audit
train_000813,dropped_handoff,deadlock,0,49,9,main_domain
train_000814,clean,clean,1,39,9,main_domain
train_000815,goal_drift,duplicated_work,0,31,10,main_domain
train_000816,clean,clean,1,37,7,compliance_audit
train_000817,conflict,conflict,1,56,8,main_domain
train_000818,duplicated_work,duplicated_work,1,36,6,compliance_audit
train_000819,clean,clean,1,42,10,main_domain
train_000820,goal_drift,clean,1,108,1,main_domain
train_000821,clean,clean,1,31,8,compliance_audit
train_000822,clean,deadlock,1,44,8,main_domain
train_000823,goal_drift,goal_drift,0,48,12,main_domain
train_000824,runaway_loop,clean,1,90,10,main_domain
train_000825,conflict,conflict,1,20,4,main_domain
train_000826,clean,deadlock,0,89,10,main_domain
train_000827,runaway_loop,runaway_loop,0,22,5,main_domain
train_000828,conflict,conflict,0,41,6,main_domain
train_000829,runaway_loop,dropped_handoff,1,48,7,main_domain
train_000830,runaway_loop,runaway_loop,1,78,10,main_domain
train_000831,deadlock,deadlock,0,33,7,main_domain
train_000832,clean,clean,1,29,7,main_domain
train_000833,dropped_handoff,clean,1,63,10,main_domain
train_000834,runaway_loop,runaway_loop,1,29,5,main_domain
train_000835,duplicated_work,duplicated_work,1,100,10,compliance_audit
train_000836,clean,clean,1,46,9,main_domain
train_000837,deadlock,deadlock,0,56,9,main_domain
train_000838,clean,clean,1,73,10,main_domain
train_000839,goal_drift,deadlock,0,25,7,main_domain
train_000840,goal_drift,goal_drift,0,29,9,main_domain
train_000841,runaway_loop,runaway_loop,1,101,1,main_domain
train_000842,conflict,conflict,1,41,8,main_domain
train_000843,dropped_handoff,dropped_handoff,0,20,5,main_domain
train_000844,clean,clean,1,35,6,compliance_audit
train_000845,goal_drift,goal_drift,0,42,13,main_domain
train_000846,clean,clean,0,75,10,compliance_audit
train_000847,duplicated_work,clean,1,46,10,main_domain
train_000848,deadlock,deadlock,0,53,8,main_domain
train_000849,conflict,conflict,1,62,9,main_domain
train_000850,deadlock,deadlock,0,58,1,compliance_audit
train_000851,clean,deadlock,1,72,1,main_domain
train_000852,clean,clean,1,45,8,compliance_audit
train_000853,runaway_loop,conflict,0,118,10,main_domain
train_000854,goal_drift,goal_drift,1,48,1,main_domain
train_000855,duplicated_work,deadlock,0,41,8,main_domain
train_000856,deadlock,deadlock,0,13,4,compliance_audit
train_000857,clean,clean,0,32,7,main_domain
train_000858,conflict,conflict,0,27,7,compliance_audit
train_000859,clean,clean,1,52,9,main_domain
train_000860,clean,clean,1,46,10,main_domain
train_000861,goal_drift,goal_drift,0,66,14,main_domain
train_000862,deadlock,deadlock,0,52,10,main_domain
train_000863,clean,clean,0,29,6,compliance_audit
train_000864,runaway_loop,runaway_loop,0,51,9,main_domain
train_000865,goal_drift,goal_drift,0,27,1,main_domain
train_000866,clean,clean,1,50,8,main_domain
train_000867,goal_drift,goal_drift,0,63,12,compliance_audit
train_000868,conflict,conflict,0,52,8,main_domain
train_000869,runaway_loop,runaway_loop,0,97,1,main_domain
train_000870,goal_drift,goal_drift,0,66,12,main_domain
train_000871,clean,clean,1,53,10,main_domain
train_000872,conflict,conflict,0,32,1,compliance_audit
train_000873,clean,clean,1,26,7,compliance_audit
train_000874,clean,dropped_handoff,0,32,8,main_domain
train_000875,runaway_loop,deadlock,0,40,9,main_domain
train_000876,dropped_handoff,duplicated_work,0,44,10,compliance_audit
train_000877,clean,clean,1,44,1,compliance_audit
train_000878,deadlock,clean,0,57,10,main_domain
train_000879,runaway_loop,dropped_handoff,0,53,10,main_domain
train_000880,duplicated_work,duplicated_work,1,81,9,compliance_audit
train_000881,runaway_loop,runaway_loop,0,42,10,compliance_audit
train_000882,conflict,conflict,0,30,8,compliance_audit
train_000883,goal_drift,dropped_handoff,0,23,8,main_domain
train_000884,goal_drift,goal_drift,0,42,10,main_domain
train_000885,goal_drift,goal_drift,0,45,13,main_domain
train_000886,clean,clean,1,40,8,main_domain
train_000887,deadlock,deadlock,0,47,10,main_domain
train_000888,clean,clean,1,46,10,compliance_audit
train_000889,deadlock,deadlock,0,45,8,main_domain
train_000890,dropped_handoff,deadlock,0,43,9,main_domain
train_000891,clean,clean,1,21,1,main_domain
train_000892,deadlock,deadlock,0,40,8,main_domain
train_000893,duplicated_work,clean,1,30,6,main_domain
train_000894,conflict,conflict,1,32,9,compliance_audit
train_000895,clean,clean,1,41,10,main_domain
train_000896,clean,clean,1,126,10,compliance_audit
train_000897,deadlock,conflict,0,66,10,compliance_audit
train_000898,duplicated_work,duplicated_work,1,34,7,main_domain
train_000899,runaway_loop,runaway_loop,0,55,10,main_domain
train_000900,goal_drift,goal_drift,0,19,9,compliance_audit
train_000901,conflict,conflict,1,26,7,main_domain
train_000902,conflict,conflict,0,57,10,main_domain
train_000903,dropped_handoff,dropped_handoff,0,52,8,main_domain
train_000904,clean,clean,1,22,6,main_domain
train_000905,goal_drift,goal_drift,0,73,14,main_domain
train_000906,goal_drift,duplicated_work,1,38,11,compliance_audit
train_000907,duplicated_work,conflict,1,95,9,main_domain
train_000908,dropped_handoff,clean,0,20,7,compliance_audit
train_000909,clean,clean,1,29,6,main_domain
train_000910,clean,clean,1,43,8,main_domain
train_000911,clean,clean,1,35,8,compliance_audit
train_000912,conflict,conflict,1,52,8,main_domain
train_000913,dropped_handoff,duplicated_work,0,24,7,main_domain
train_000914,deadlock,deadlock,0,37,1,main_domain
train_000915,dropped_handoff,clean,1,23,1,main_domain
train_000916,clean,clean,0,39,1,main_domain
train_000917,runaway_loop,runaway_loop,0,49,10,main_domain
train_000918,clean,clean,1,23,7,main_domain
train_000919,deadlock,goal_drift,0,18,8,main_domain
train_000920,runaway_loop,duplicated_work,1,86,10,compliance_audit
train_000921,dropped_handoff,goal_drift,1,37,10,compliance_audit
train_000922,goal_drift,goal_drift,0,65,11,compliance_audit
train_000923,conflict,conflict,0,15,5,compliance_audit
train_000924,runaway_loop,runaway_loop,1,72,10,compliance_audit
train_000925,dropped_handoff,dropped_handoff,0,67,9,main_domain
train_000926,runaway_loop,runaway_loop,0,29,8,main_domain
train_000927,goal_drift,goal_drift,0,68,14,compliance_audit
train_000928,conflict,conflict,0,60,9,main_domain
train_000929,conflict,conflict,0,122,10,main_domain
train_000930,goal_drift,goal_drift,0,30,9,main_domain
train_000931,deadlock,goal_drift,0,39,11,main_domain
train_000932,dropped_handoff,duplicated_work,0,44,7,main_domain
train_000933,runaway_loop,runaway_loop,0,23,6,main_domain
train_000934,goal_drift,goal_drift,0,55,14,main_domain
train_000935,deadlock,clean,1,38,8,main_domain
train_000936,runaway_loop,runaway_loop,0,34,9,compliance_audit
train_000937,clean,clean,1,68,10,main_domain
train_000938,dropped_handoff,deadlock,0,48,10,compliance_audit
train_000939,goal_drift,goal_drift,0,46,14,main_domain
train_000940,dropped_handoff,duplicated_work,1,54,10,main_domain
train_000941,dropped_handoff,runaway_loop,0,42,7,main_domain
train_000942,conflict,conflict,0,13,4,main_domain
train_000943,goal_drift,goal_drift,0,35,1,main_domain
train_000944,clean,clean,1,24,7,compliance_audit
train_000945,deadlock,deadlock,0,41,9,main_domain
train_000946,duplicated_work,duplicated_work,1,63,1,main_domain
train_000947,deadlock,clean,1,30,6,compliance_audit
train_000948,duplicated_work,duplicated_work,1,28,5,main_domain
train_000949,dropped_handoff,clean,1,50,10,main_domain
train_000950,clean,clean,1,16,5,main_domain
train_000951,dropped_handoff,clean,1,95,10,main_domain
train_000952,clean,clean,1,78,10,main_domain
train_000953,clean,clean,1,37,1,main_domain
train_000954,clean,clean,1,47,9,compliance_audit
train_000955,dropped_handoff,dropped_handoff,1,77,9,main_domain
train_000956,dropped_handoff,dropped_handoff,0,25,1,main_domain
train_000957,deadlock,deadlock,0,32,1,main_domain
train_000958,clean,clean,1,31,7,main_domain
train_000959,dropped_handoff,duplicated_work,1,50,6,main_domain
train_000960,deadlock,deadlock,0,63,10,main_domain
train_000961,runaway_loop,clean,1,69,8,main_domain
train_000962,runaway_loop,runaway_loop,0,47,1,main_domain
train_000963,clean,clean,1,20,1,main_domain
train_000964,clean,clean,0,68,10,compliance_audit
train_000965,duplicated_work,duplicated_work,0,50,9,main_domain
train_000966,runaway_loop,runaway_loop,1,30,5,main_domain
train_000967,clean,clean,1,27,6,compliance_audit
train_000968,clean,clean,1,31,6,compliance_audit
train_000969,duplicated_work,runaway_loop,0,38,7,main_domain
train_000970,clean,clean,1,44,9,main_domain
train_000971,clean,clean,0,73,10,main_domain
train_000972,deadlock,deadlock,0,65,10,main_domain
train_000973,clean,clean,1,22,7,main_domain
train_000974,clean,clean,1,54,1,compliance_audit
train_000975,clean,clean,1,44,10,main_domain
train_000976,deadlock,dropped_handoff,0,51,1,compliance_audit
train_000977,duplicated_work,clean,1,56,9,main_domain
train_000978,dropped_handoff,conflict,0,71,9,main_domain
train_000979,duplicated_work,deadlock,0,44,7,main_domain
train_000980,clean,clean,0,62,7,main_domain
train_000981,clean,clean,1,56,9,main_domain
train_000982,duplicated_work,duplicated_work,1,55,10,main_domain
train_000983,clean,clean,0,19,5,main_domain
train_000984,duplicated_work,duplicated_work,1,30,6,main_domain
train_000985,runaway_loop,runaway_loop,0,74,10,main_domain
train_000986,runaway_loop,runaway_loop,1,36,1,main_domain
train_000987,deadlock,dropped_handoff,1,40,9,main_domain
train_000988,dropped_handoff,dropped_handoff,0,15,5,main_domain
train_000989,duplicated_work,duplicated_work,0,21,5,main_domain
train_000990,conflict,conflict,0,86,10,compliance_audit
train_000991,clean,clean,1,31,7,main_domain
train_000992,duplicated_work,deadlock,1,71,1,compliance_audit
train_000993,clean,clean,1,21,5,main_domain
train_000994,goal_drift,goal_drift,0,98,15,main_domain
train_000995,duplicated_work,duplicated_work,1,31,7,main_domain
train_000996,conflict,conflict,1,43,8,main_domain
train_000997,clean,clean,1,63,9,main_domain
train_000998,duplicated_work,duplicated_work,1,63,10,compliance_audit
train_000999,conflict,conflict,0,45,8,main_domain
train_001000,duplicated_work,duplicated_work,1,23,5,compliance_audit
train_001001,goal_drift,goal_drift,0,52,13,main_domain
train_001002,conflict,conflict,0,46,8,main_domain
train_001003,goal_drift,goal_drift,0,38,14,compliance_audit
train_001004,runaway_loop,runaway_loop,1,62,9,main_domain
train_001005,dropped_handoff,dropped_handoff,0,28,8,compliance_audit
train_001006,clean,runaway_loop,1,56,10,main_domain
train_001007,duplicated_work,duplicated_work,1,43,8,main_domain
train_001008,clean,clean,1,37,9,compliance_audit
train_001009,clean,clean,1,55,9,main_domain
train_001010,dropped_handoff,dropped_handoff,0,27,7,main_domain
train_001011,conflict,conflict,0,24,6,compliance_audit
train_001012,clean,clean,1,58,9,main_domain
train_001013,runaway_loop,deadlock,0,18,4,main_domain
train_001014,conflict,conflict,1,45,9,main_domain
train_001015,duplicated_work,duplicated_work,1,42,7,main_domain
train_001016,conflict,conflict,0,61,10,main_domain
train_001017,duplicated_work,clean,0,90,10,compliance_audit
train_001018,clean,clean,0,40,9,main_domain
train_001019,runaway_loop,runaway_loop,0,45,7,main_domain
train_001020,dropped_handoff,goal_drift,0,18,8,main_domain
train_001021,dropped_handoff,dropped_handoff,0,54,9,main_domain
train_001022,runaway_loop,runaway_loop,1,62,8,main_domain
train_001023,goal_drift,goal_drift,0,89,1,main_domain
train_001024,duplicated_work,conflict,0,36,7,main_domain
train_001025,conflict,conflict,1,32,6,main_domain
train_001026,duplicated_work,conflict,0,24,4,main_domain
train_001027,deadlock,clean,1,45,8,compliance_audit
train_001028,dropped_handoff,deadlock,0,42,9,main_domain
train_001029,duplicated_work,deadlock,0,47,9,compliance_audit
train_001030,clean,clean,1,31,7,main_domain
train_001031,conflict,conflict,0,66,9,main_domain
train_001032,goal_drift,goal_drift,1,63,13,compliance_audit
train_001033,clean,clean,1,52,8,main_domain
train_001034,deadlock,conflict,0,35,8,main_domain
train_001035,goal_drift,goal_drift,1,42,1,main_domain
train_001036,goal_drift,clean,0,16,1,compliance_audit
train_001037,runaway_loop,runaway_loop,0,56,7,main_domain
train_001038,clean,clean,1,55,10,main_domain
train_001039,runaway_loop,runaway_loop,0,28,6,compliance_audit
train_001040,duplicated_work,duplicated_work,1,78,10,main_domain
train_001041,clean,clean,1,22,6,main_domain
train_001042,clean,clean,0,102,10,main_domain
train_001043,duplicated_work,clean,1,102,1,main_domain
train_001044,conflict,conflict,0,38,1,main_domain
train_001045,dropped_handoff,conflict,0,17,7,main_domain
train_001046,dropped_handoff,runaway_loop,0,41,8,main_domain
train_001047,runaway_loop,runaway_loop,1,108,10,compliance_audit
train_001048,conflict,conflict,0,20,1,compliance_audit
train_001049,dropped_handoff,clean,0,109,10,main_domain
train_001050,runaway_loop,clean,0,43,10,main_domain
train_001051,clean,clean,1,78,10,main_domain
train_001052,duplicated_work,clean,1,55,10,main_domain
train_001053,clean,clean,1,42,10,main_domain
train_001054,dropped_handoff,runaway_loop,0,39,1,main_domain
train_001055,dropped_handoff,dropped_handoff,0,31,8,compliance_audit
train_001056,clean,clean,0,50,1,main_domain
train_001057,dropped_handoff,goal_drift,0,79,14,main_domain
train_001058,conflict,conflict,0,29,7,main_domain
train_001059,duplicated_work,duplicated_work,1,32,7,compliance_audit
train_001060,clean,runaway_loop,0,92,9,main_domain
train_001061,clean,clean,1,29,5,main_domain
train_001062,goal_drift,goal_drift,0,53,14,main_domain
train_001063,clean,clean,1,27,6,main_domain
train_001064,duplicated_work,duplicated_work,1,57,10,main_domain
train_001065,dropped_handoff,dropped_handoff,0,16,5,main_domain
train_001066,goal_drift,goal_drift,0,37,10,compliance_audit
train_001067,clean,clean,1,19,6,main_domain
train_001068,duplicated_work,duplicated_work,0,36,6,main_domain
train_001069,clean,clean,1,45,9,main_domain
train_001070,clean,clean,1,52,9,main_domain
train_001071,deadlock,goal_drift,0,46,13,main_domain
train_001072,conflict,conflict,1,77,9,main_domain
train_001073,duplicated_work,duplicated_work,1,39,8,main_domain
train_001074,deadlock,duplicated_work,0,66,10,main_domain
train_001075,dropped_handoff,runaway_loop,0,74,9,main_domain
train_001076,runaway_loop,runaway_loop,1,54,7,main_domain
train_001077,clean,clean,1,74,10,main_domain
train_001078,deadlock,deadlock,0,61,8,main_domain
train_001079,duplicated_work,duplicated_work,1,57,10,main_domain
train_001080,deadlock,goal_drift,0,50,12,main_domain
train_001081,runaway_loop,deadlock,0,40,7,main_domain
train_001082,runaway_loop,runaway_loop,0,33,7,main_domain
train_001083,dropped_handoff,clean,1,29,7,main_domain
train_001084,clean,clean,1,49,10,main_domain
train_001085,duplicated_work,runaway_loop,1,75,10,compliance_audit
train_001086,dropped_handoff,dropped_handoff,0,40,10,main_domain
train_001087,goal_drift,goal_drift,0,30,9,main_domain
train_001088,conflict,conflict,1,48,11,main_domain
train_001089,conflict,conflict,0,21,6,main_domain
train_001090,goal_drift,goal_drift,0,21,8,main_domain
train_001091,dropped_handoff,dropped_handoff,0,58,10,main_domain
train_001092,conflict,conflict,0,53,11,main_domain
train_001093,clean,clean,1,38,9,main_domain
train_001094,goal_drift,goal_drift,0,26,11,main_domain
train_001095,dropped_handoff,goal_drift,0,24,10,compliance_audit
train_001096,clean,clean,1,15,3,main_domain
train_001097,dropped_handoff,clean,1,66,9,main_domain
train_001098,goal_drift,goal_drift,0,37,12,main_domain
train_001099,goal_drift,goal_drift,0,11,7,main_domain
train_001100,deadlock,deadlock,0,50,10,compliance_audit
train_001101,deadlock,deadlock,0,63,10,compliance_audit
train_001102,clean,clean,1,16,6,main_domain
train_001103,duplicated_work,duplicated_work,1,26,6,main_domain
train_001104,clean,clean,1,48,8,main_domain
train_001105,dropped_handoff,duplicated_work,1,31,7,main_domain
train_001106,deadlock,deadlock,0,29,6,compliance_audit
train_001107,runaway_loop,runaway_loop,0,45,9,main_domain
train_001108,clean,clean,0,91,10,compliance_audit
train_001109,duplicated_work,duplicated_work,0,30,6,main_domain
train_001110,deadlock,deadlock,0,21,4,main_domain
train_001111,dropped_handoff,clean,1,29,6,compliance_audit
train_001112,dropped_handoff,deadlock,0,30,7,main_domain
train_001113,dropped_handoff,dropped_handoff,0,33,10,main_domain
train_001114,clean,clean,1,69,9,main_domain
train_001115,clean,clean,1,69,10,compliance_audit
train_001116,conflict,conflict,0,62,9,main_domain
train_001117,deadlock,deadlock,0,48,9,main_domain
train_001118,conflict,conflict,0,49,9,main_domain
train_001119,clean,clean,0,33,1,compliance_audit
train_001120,clean,clean,1,50,9,main_domain
train_001121,clean,clean,1,49,10,compliance_audit
train_001122,goal_drift,goal_drift,1,63,14,main_domain
train_001123,deadlock,deadlock,0,54,9,main_domain
train_001124,conflict,conflict,1,46,9,compliance_audit
train_001125,duplicated_work,clean,0,68,10,main_domain
train_001126,runaway_loop,runaway_loop,0,35,7,main_domain
train_001127,clean,clean,1,40,8,main_domain
train_001128,conflict,conflict,0,75,10,main_domain
train_001129,clean,clean,1,35,8,main_domain
train_001130,goal_drift,goal_drift,0,46,13,main_domain
train_001131,conflict,conflict,0,43,10,main_domain
train_001132,runaway_loop,runaway_loop,0,58,8,main_domain
train_001133,conflict,conflict,0,43,9,main_domain
train_001134,clean,clean,0,53,10,compliance_audit
train_001135,clean,clean,0,45,9,main_domain
train_001136,conflict,conflict,0,18,5,main_domain
train_001137,clean,clean,1,42,7,main_domain
train_001138,conflict,conflict,1,84,9,compliance_audit
train_001139,goal_drift,deadlock,0,37,11,main_domain
train_001140,clean,clean,1,20,6,main_domain
train_001141,clean,dropped_handoff,1,63,8,compliance_audit
train_001142,conflict,conflict,0,66,9,main_domain
train_001143,goal_drift,goal_drift,0,84,14,compliance_audit
train_001144,duplicated_work,duplicated_work,1,56,9,main_domain
train_001145,clean,clean,1,36,7,main_domain
train_001146,runaway_loop,runaway_loop,1,47,1,main_domain
train_001147,conflict,conflict,1,33,5,main_domain
train_001148,runaway_loop,runaway_loop,0,67,10,main_domain
train_001149,runaway_loop,clean,0,63,9,main_domain
train_001150,clean,clean,1,27,7,main_domain
train_001151,clean,clean,1,33,7,compliance_audit
train_001152,runaway_loop,runaway_loop,0,34,8,main_domain
train_001153,runaway_loop,runaway_loop,0,53,10,main_domain
train_001154,duplicated_work,duplicated_work,0,60,8,compliance_audit
train_001155,goal_drift,goal_drift,0,52,13,compliance_audit
train_001156,dropped_handoff,dropped_handoff,0,48,10,main_domain
train_001157,clean,clean,0,63,10,main_domain
train_001158,clean,clean,1,22,5,compliance_audit
train_001159,conflict,conflict,0,47,1,compliance_audit
train_001160,clean,clean,0,36,7,main_domain
train_001161,clean,clean,1,85,9,compliance_audit
train_001162,conflict,conflict,0,54,10,main_domain
train_001163,goal_drift,clean,0,27,1,main_domain
train_001164,dropped_handoff,dropped_handoff,0,20,5,main_domain
train_001165,clean,clean,1,28,6,main_domain
train_001166,clean,clean,1,38,1,compliance_audit
train_001167,deadlock,deadlock,0,27,1,compliance_audit
train_001168,dropped_handoff,dropped_handoff,0,15,6,compliance_audit
train_001169,clean,clean,1,58,9,main_domain
train_001170,clean,clean,1,38,1,main_domain
train_001171,goal_drift,goal_drift,0,51,13,main_domain
train_001172,clean,clean,1,81,10,main_domain
train_001173,clean,clean,1,34,8,main_domain
train_001174,clean,clean,1,37,7,main_domain
train_001175,clean,clean,1,21,7,main_domain
train_001176,duplicated_work,deadlock,0,37,7,main_domain
train_001177,dropped_handoff,clean,0,49,9,compliance_audit
train_001178,deadlock,clean,1,26,5,main_domain
train_001179,clean,clean,1,33,8,main_domain
train_001180,duplicated_work,duplicated_work,1,53,7,main_domain
train_001181,goal_drift,goal_drift,0,51,12,main_domain
train_001182,clean,clean,1,23,6,compliance_audit
train_001183,duplicated_work,duplicated_work,1,98,9,main_domain
train_001184,dropped_handoff,dropped_handoff,0,53,10,compliance_audit
train_001185,duplicated_work,clean,1,33,7,main_domain
train_001186,deadlock,runaway_loop,0,37,1,main_domain
train_001187,duplicated_work,duplicated_work,1,55,9,main_domain
train_001188,deadlock,deadlock,0,22,5,main_domain
train_001189,clean,clean,1,58,10,main_domain
train_001190,clean,clean,1,47,9,main_domain
train_001191,deadlock,deadlock,0,53,9,main_domain
train_001192,conflict,conflict,0,56,1,main_domain
train_001193,dropped_handoff,conflict,0,38,8,main_domain
train_001194,dropped_handoff,dropped_handoff,1,30,8,compliance_audit
train_001195,deadlock,dropped_handoff,0,45,10,main_domain
train_001196,dropped_handoff,duplicated_work,0,16,5,main_domain
train_001197,duplicated_work,clean,0,69,1,main_domain
train_001198,clean,clean,1,39,1,main_domain
train_001199,goal_drift,goal_drift,0,36,12,main_domain
train_001200,dropped_handoff,clean,1,58,10,compliance_audit
train_001201,runaway_loop,dropped_handoff,0,40,9,compliance_audit
train_001202,deadlock,deadlock,0,32,11,main_domain
train_001203,clean,clean,1,60,9,main_domain
train_001204,deadlock,conflict,0,52,10,main_domain
train_001205,clean,clean,1,31,7,main_domain
train_001206,conflict,conflict,1,43,9,main_domain
train_001207,duplicated_work,duplicated_work,1,54,9,main_domain
train_001208,goal_drift,goal_drift,0,55,14,main_domain
train_001209,clean,runaway_loop,1,65,10,main_domain
train_001210,goal_drift,dropped_handoff,0,39,1,main_domain
train_001211,clean,clean,1,36,9,main_domain
train_001212,conflict,conflict,1,97,10,compliance_audit
train_001213,deadlock,deadlock,0,63,10,main_domain
train_001214,duplicated_work,duplicated_work,1,14,3,main_domain
train_001215,duplicated_work,dropped_handoff,0,36,8,main_domain
train_001216,runaway_loop,runaway_loop,0,41,8,main_domain
train_001217,duplicated_work,duplicated_work,1,35,6,main_domain
train_001218,goal_drift,goal_drift,0,55,12,main_domain
train_001219,deadlock,deadlock,0,62,9,main_domain
train_001220,goal_drift,goal_drift,0,94,15,compliance_audit
train_001221,clean,clean,1,39,7,main_domain
train_001222,runaway_loop,runaway_loop,0,32,11,compliance_audit
train_001223,conflict,conflict,1,35,1,main_domain
train_001224,dropped_handoff,conflict,0,44,1,main_domain
train_001225,goal_drift,goal_drift,0,32,11,compliance_audit
train_001226,clean,clean,1,51,9,main_domain
train_001227,dropped_handoff,dropped_handoff,1,25,6,main_domain
train_001228,clean,clean,1,77,9,main_domain
train_001229,dropped_handoff,dropped_handoff,0,18,1,main_domain
train_001230,deadlock,deadlock,0,76,1,main_domain
train_001231,conflict,conflict,0,36,1,compliance_audit
train_001232,clean,clean,1,41,7,main_domain
train_001233,dropped_handoff,dropped_handoff,0,42,8,compliance_audit
train_001234,runaway_loop,runaway_loop,0,66,9,main_domain
train_001235,goal_drift,goal_drift,0,34,12,main_domain
train_001236,dropped_handoff,conflict,0,81,10,compliance_audit
train_001237,duplicated_work,duplicated_work,0,49,9,main_domain
train_001238,conflict,conflict,0,38,9,main_domain
train_001239,runaway_loop,runaway_loop,0,29,6,main_domain
train_001240,conflict,conflict,0,90,10,main_domain
train_001241,dropped_handoff,clean,1,45,9,main_domain
train_001242,clean,clean,1,35,9,compliance_audit
train_001243,clean,clean,1,39,8,main_domain
train_001244,dropped_handoff,duplicated_work,0,74,9,main_domain
train_001245,clean,dropped_handoff,1,59,9,main_domain
train_001246,deadlock,deadlock,0,41,10,main_domain
train_001247,dropped_handoff,clean,0,43,9,main_domain
train_001248,clean,clean,1,28,6,main_domain
train_001249,goal_drift,goal_drift,1,100,13,main_domain
train_001250,dropped_handoff,conflict,1,27,6,main_domain
train_001251,dropped_handoff,dropped_handoff,0,23,7,main_domain
train_001252,conflict,conflict,0,37,6,main_domain
train_001253,runaway_loop,runaway_loop,0,71,8,main_domain
train_001254,duplicated_work,conflict,1,41,8,main_domain
train_001255,dropped_handoff,runaway_loop,1,80,9,compliance_audit
train_001256,duplicated_work,duplicated_work,0,56,8,compliance_audit
train_001257,runaway_loop,runaway_loop,1,50,8,main_domain
train_001258,duplicated_work,duplicated_work,0,84,10,main_domain
train_001259,goal_drift,goal_drift,0,27,8,compliance_audit
train_001260,dropped_handoff,clean,1,67,9,main_domain
train_001261,dropped_handoff,dropped_handoff,1,24,6,main_domain
train_001262,clean,clean,1,20,7,main_domain
train_001263,runaway_loop,runaway_loop,1,52,7,compliance_audit
train_001264,clean,clean,1,36,9,main_domain
train_001265,conflict,conflict,0,54,8,main_domain
train_001266,duplicated_work,duplicated_work,1,22,5,main_domain
train_001267,conflict,conflict,0,55,9,main_domain
train_001268,clean,runaway_loop,0,54,8,compliance_audit
train_001269,duplicated_work,duplicated_work,1,42,8,main_domain
train_001270,duplicated_work,duplicated_work,1,30,7,main_domain
train_001271,conflict,conflict,0,52,10,main_domain
train_001272,clean,clean,1,43,9,main_domain
train_001273,conflict,conflict,0,51,10,main_domain
train_001274,deadlock,deadlock,0,56,1,compliance_audit
train_001275,conflict,duplicated_work,1,46,8,main_domain
train_001276,runaway_loop,runaway_loop,1,67,9,main_domain
train_001277,clean,clean,1,69,10,compliance_audit
train_001278,clean,clean,1,45,9,main_domain
train_001279,duplicated_work,goal_drift,0,54,15,main_domain
train_001280,runaway_loop,runaway_loop,0,24,6,compliance_audit
train_001281,duplicated_work,clean,1,35,7,main_domain
train_001282,dropped_handoff,dropped_handoff,0,40,9,main_domain
train_001283,goal_drift,deadlock,0,52,1,main_domain
train_001284,deadlock,clean,1,47,1,main_domain
train_001285,runaway_loop,goal_drift,0,15,8,main_domain
train_001286,dropped_handoff,duplicated_work,1,37,8,compliance_audit
train_001287,dropped_handoff,clean,1,44,9,main_domain
train_001288,conflict,conflict,0,88,9,main_domain
train_001289,clean,runaway_loop,0,79,10,main_domain
train_001290,clean,clean,1,72,9,main_domain
train_001291,conflict,conflict,0,56,10,main_domain
train_001292,clean,clean,1,16,6,main_domain
train_001293,deadlock,deadlock,0,34,7,compliance_audit
train_001294,clean,clean,1,56,9,main_domain
train_001295,runaway_loop,runaway_loop,1,21,3,main_domain
train_001296,conflict,conflict,0,36,8,main_domain
train_001297,runaway_loop,deadlock,0,35,9,main_domain
train_001298,deadlock,clean,1,87,9,main_domain
train_001299,dropped_handoff,dropped_handoff,0,15,1,main_domain
train_001300,deadlock,deadlock,0,20,1,main_domain
train_001301,clean,clean,0,51,10,main_domain
train_001302,clean,clean,0,47,8,compliance_audit
train_001303,goal_drift,goal_drift,1,43,13,main_domain
train_001304,goal_drift,goal_drift,0,30,11,main_domain
train_001305,dropped_handoff,clean,0,55,10,main_domain
train_001306,dropped_handoff,deadlock,0,43,8,main_domain
train_001307,dropped_handoff,clean,1,48,9,main_domain
train_001308,runaway_loop,goal_drift,0,36,13,compliance_audit
train_001309,duplicated_work,duplicated_work,0,34,7,main_domain
train_001310,deadlock,deadlock,0,46,7,main_domain
train_001311,goal_drift,goal_drift,0,33,10,main_domain
train_001312,deadlock,dropped_handoff,0,35,10,main_domain
train_001313,deadlock,clean,0,31,1,main_domain
train_001314,dropped_handoff,conflict,0,20,6,compliance_audit
train_001315,deadlock,deadlock,0,26,5,compliance_audit
train_001316,goal_drift,runaway_loop,0,34,1,main_domain
train_001317,deadlock,deadlock,0,56,9,main_domain
train_001318,conflict,conflict,0,52,9,main_domain
train_001319,deadlock,clean,1,76,10,main_domain
train_001320,dropped_handoff,dropped_handoff,0,47,10,main_domain
train_001321,clean,clean,1,60,10,main_domain
train_001322,conflict,conflict,0,25,6,main_domain
train_001323,goal_drift,goal_drift,0,20,8,main_domain
train_001324,clean,clean,1,51,10,main_domain
train_001325,duplicated_work,duplicated_work,1,45,9,compliance_audit
train_001326,deadlock,deadlock,0,35,7,compliance_audit
train_001327,clean,clean,1,20,5,main_domain
train_001328,duplicated_work,duplicated_work,1,50,9,main_domain
train_001329,clean,dropped_handoff,0,51,8,main_domain
train_001330,clean,clean,0,75,9,compliance_audit
train_001331,dropped_handoff,clean,1,76,10,main_domain
train_001332,conflict,conflict,1,59,8,main_domain
train_001333,clean,clean,1,46,10,main_domain
train_001334,clean,clean,1,35,7,main_domain
train_001335,duplicated_work,dropped_handoff,0,31,8,main_domain
train_001336,clean,clean,0,36,9,main_domain
train_001337,clean,clean,1,41,10,main_domain
train_001338,dropped_handoff,clean,1,79,10,compliance_audit
train_001339,conflict,conflict,1,52,9,main_domain
train_001340,runaway_loop,runaway_loop,0,28,6,main_domain
train_001341,dropped_handoff,clean,1,52,10,compliance_audit
train_001342,clean,clean,1,26,7,main_domain
train_001343,goal_drift,goal_drift,0,40,12,compliance_audit
train_001344,clean,deadlock,0,48,9,compliance_audit
train_001345,duplicated_work,deadlock,0,30,7,main_domain
train_001346,goal_drift,goal_drift,1,34,11,main_domain
train_001347,dropped_handoff,goal_drift,1,20,9,main_domain
train_001348,dropped_handoff,dropped_handoff,1,58,9,main_domain
train_001349,duplicated_work,dropped_handoff,0,32,7,compliance_audit
train_001350,duplicated_work,duplicated_work,1,33,5,main_domain
train_001351,clean,clean,1,53,9,main_domain
train_001352,clean,clean,1,33,5,main_domain
train_001353,dropped_handoff,dropped_handoff,0,15,5,main_domain
train_001354,dropped_handoff,dropped_handoff,0,56,9,main_domain
train_001355,deadlock,deadlock,0,40,8,main_domain
train_001356,goal_drift,deadlock,0,36,10,main_domain
train_001357,clean,clean,1,43,9,main_domain
train_001358,dropped_handoff,dropped_handoff,0,47,8,main_domain
train_001359,duplicated_work,duplicated_work,1,59,8,main_domain
train_001360,duplicated_work,duplicated_work,1,33,7,main_domain
train_001361,clean,clean,1,30,8,compliance_audit
train_001362,clean,clean,1,23,5,compliance_audit
train_001363,goal_drift,deadlock,0,22,1,main_domain
train_001364,clean,clean,1,59,9,main_domain
train_001365,conflict,conflict,0,48,10,compliance_audit
train_001366,clean,clean,1,27,6,main_domain
train_001367,conflict,conflict,0,19,6,main_domain
train_001368,duplicated_work,duplicated_work,1,52,7,main_domain
train_001369,goal_drift,goal_drift,0,14,7,main_domain
train_001370,runaway_loop,runaway_loop,0,49,7,compliance_audit
train_001371,deadlock,runaway_loop,1,76,10,main_domain
train_001372,conflict,conflict,1,47,8,main_domain
train_001373,goal_drift,goal_drift,0,49,11,main_domain
train_001374,runaway_loop,clean,0,96,10,main_domain
train_001375,goal_drift,goal_drift,1,25,9,main_domain
train_001376,runaway_loop,runaway_loop,0,86,1,main_domain
train_001377,goal_drift,goal_drift,0,57,13,main_domain
train_001378,dropped_handoff,dropped_handoff,0,26,8,main_domain
train_001379,duplicated_work,clean,1,35,6,main_domain
train_001380,clean,clean,1,57,9,main_domain
train_001381,clean,clean,0,46,9,main_domain
train_001382,duplicated_work,clean,1,85,9,compliance_audit
train_001383,clean,clean,1,28,7,compliance_audit
train_001384,goal_drift,goal_drift,1,53,11,main_domain
train_001385,duplicated_work,clean,1,52,8,main_domain
train_001386,duplicated_work,duplicated_work,1,39,8,main_domain
train_001387,runaway_loop,runaway_loop,1,49,10,main_domain
train_001388,duplicated_work,duplicated_work,1,33,6,main_domain
train_001389,clean,clean,1,30,8,main_domain
train_001390,clean,runaway_loop,1,48,8,main_domain
train_001391,conflict,conflict,0,21,6,main_domain
train_001392,dropped_handoff,dropped_handoff,1,17,6,main_domain
train_001393,conflict,conflict,0,15,1,main_domain
train_001394,clean,clean,1,41,8,main_domain
train_001395,goal_drift,goal_drift,0,42,10,main_domain
train_001396,clean,clean,1,39,7,main_domain
train_001397,goal_drift,goal_drift,0,53,14,main_domain
train_001398,deadlock,deadlock,0,50,8,main_domain
train_001399,duplicated_work,dropped_handoff,0,43,9,main_domain
train_001400,clean,clean,1,54,8,main_domain
train_001401,clean,clean,1,58,7,main_domain
train_001402,goal_drift,goal_drift,0,40,11,main_domain
train_001403,conflict,conflict,0,46,8,main_domain
train_001404,clean,clean,1,33,9,main_domain
train_001405,deadlock,deadlock,0,44,1,main_domain
train_001406,duplicated_work,duplicated_work,1,45,9,compliance_audit
train_001407,deadlock,clean,0,53,10,compliance_audit
train_001408,runaway_loop,runaway_loop,1,70,9,compliance_audit
train_001409,conflict,conflict,0,31,7,main_domain
train_001410,goal_drift,goal_drift,0,47,11,main_domain
train_001411,goal_drift,goal_drift,0,39,10,main_domain
train_001412,deadlock,deadlock,0,30,7,main_domain
train_001413,clean,clean,1,86,9,main_domain
train_001414,dropped_handoff,clean,0,111,10,compliance_audit
train_001415,deadlock,clean,1,36,8,compliance_audit
train_001416,goal_drift,goal_drift,1,33,10,main_domain
train_001417,goal_drift,duplicated_work,1,38,10,compliance_audit
train_001418,clean,clean,1,47,9,main_domain
train_001419,clean,deadlock,0,29,1,main_domain
train_001420,clean,clean,1,33,9,main_domain
train_001421,goal_drift,goal_drift,0,60,13,main_domain
train_001422,clean,clean,1,48,9,main_domain
train_001423,clean,conflict,1,58,9,main_domain
train_001424,conflict,conflict,1,48,10,main_domain
train_001425,clean,clean,1,29,6,compliance_audit
train_001426,clean,clean,1,41,10,main_domain
train_001427,clean,runaway_loop,0,38,7,main_domain
train_001428,clean,clean,1,57,9,main_domain
train_001429,goal_drift,dropped_handoff,0,44,1,main_domain
train_001430,clean,clean,1,37,8,main_domain
train_001431,deadlock,deadlock,0,54,1,main_domain
train_001432,conflict,conflict,0,55,9,main_domain
train_001433,clean,clean,1,32,7,main_domain
train_001434,clean,clean,1,37,8,main_domain
train_001435,dropped_handoff,dropped_handoff,0,96,10,main_domain
train_001436,conflict,conflict,1,56,7,main_domain
train_001437,clean,clean,1,76,8,main_domain
train_001438,runaway_loop,goal_drift,0,47,10,compliance_audit
train_001439,duplicated_work,duplicated_work,1,60,9,main_domain
train_001440,dropped_handoff,deadlock,0,29,6,main_domain
train_001441,goal_drift,goal_drift,0,31,9,compliance_audit
train_001442,goal_drift,goal_drift,1,32,10,main_domain
train_001443,goal_drift,goal_drift,0,78,14,main_domain
train_001444,goal_drift,goal_drift,0,31,10,main_domain
train_001445,runaway_loop,runaway_loop,1,35,6,main_domain
train_001446,deadlock,deadlock,0,49,7,main_domain
train_001447,deadlock,deadlock,0,12,1,main_domain
train_001448,goal_drift,goal_drift,0,20,9,main_domain
train_001449,runaway_loop,runaway_loop,0,65,9,main_domain
train_001450,goal_drift,goal_drift,0,20,10,main_domain
train_001451,duplicated_work,runaway_loop,0,44,8,main_domain
train_001452,clean,clean,1,34,7,main_domain
train_001453,deadlock,deadlock,0,34,8,main_domain
train_001454,duplicated_work,duplicated_work,1,50,9,main_domain
train_001455,goal_drift,goal_drift,1,51,12,compliance_audit
train_001456,conflict,conflict,0,53,8,main_domain
train_001457,clean,clean,1,19,5,main_domain
train_001458,dropped_handoff,deadlock,0,40,8,main_domain
train_001459,clean,clean,1,31,1,main_domain
train_001460,clean,clean,1,40,7,main_domain
train_001461,runaway_loop,runaway_loop,0,64,10,main_domain
train_001462,clean,clean,1,45,9,main_domain
train_001463,conflict,conflict,0,59,10,main_domain
train_001464,conflict,conflict,0,33,1,main_domain
train_001465,clean,clean,1,62,1,main_domain
train_001466,clean,runaway_loop,0,90,10,main_domain
train_001467,duplicated_work,duplicated_work,1,51,10,main_domain
train_001468,clean,clean,1,76,10,compliance_audit
train_001469,deadlock,conflict,0,58,8,compliance_audit
train_001470,runaway_loop,runaway_loop,1,34,7,compliance_audit
train_001471,runaway_loop,clean,1,62,10,main_domain
train_001472,clean,clean,1,37,8,main_domain
train_001473,dropped_handoff,deadlock,0,39,8,main_domain
train_001474,duplicated_work,duplicated_work,0,48,9,main_domain
train_001475,runaway_loop,runaway_loop,0,50,9,main_domain
train_001476,goal_drift,goal_drift,0,56,13,main_domain
train_001477,conflict,conflict,0,42,1,main_domain
train_001478,goal_drift,goal_drift,0,58,13,main_domain
train_001479,dropped_handoff,goal_drift,1,50,12,compliance_audit
train_001480,clean,clean,1,15,5,compliance_audit
train_001481,clean,clean,1,23,6,main_domain
train_001482,dropped_handoff,dropped_handoff,0,25,7,main_domain
train_001483,goal_drift,goal_drift,0,37,11,main_domain
train_001484,duplicated_work,deadlock,1,34,5,main_domain
train_001485,dropped_handoff,dropped_handoff,0,33,8,main_domain
train_001486,clean,clean,0,45,10,main_domain
train_001487,clean,clean,1,25,6,main_domain
train_001488,clean,clean,1,83,10,compliance_audit
train_001489,dropped_handoff,conflict,0,52,10,main_domain
train_001490,runaway_loop,conflict,0,73,9,compliance_audit
train_001491,conflict,conflict,0,71,10,compliance_audit
train_001492,goal_drift,goal_drift,0,49,11,compliance_audit
train_001493,runaway_loop,clean,1,62,10,main_domain
train_001494,dropped_handoff,dropped_handoff,0,19,6,compliance_audit
train_001495,duplicated_work,duplicated_work,1,34,7,main_domain
train_001496,clean,clean,1,44,10,compliance_audit
train_001497,conflict,conflict,0,41,9,compliance_audit
train_001498,clean,clean,0,43,10,main_domain
train_001499,dropped_handoff,runaway_loop,1,60,10,main_domain
train_001500,clean,clean,1,22,4,main_domain
train_001501,conflict,conflict,0,87,10,main_domain
train_001502,conflict,conflict,0,26,8,main_domain
train_001503,runaway_loop,runaway_loop,1,65,8,main_domain
train_001504,clean,clean,1,41,8,compliance_audit
train_001505,dropped_handoff,dropped_handoff,0,21,7,main_domain
train_001506,clean,clean,1,52,9,compliance_audit
train_001507,dropped_handoff,dropped_handoff,0,24,7,main_domain
train_001508,clean,clean,1,38,10,main_domain
train_001509,conflict,conflict,0,43,9,main_domain
train_001510,duplicated_work,duplicated_work,1,54,8,compliance_audit
train_001511,clean,clean,1,25,6,main_domain
train_001512,duplicated_work,duplicated_work,1,51,8,main_domain
train_001513,duplicated_work,clean,1,49,9,compliance_audit
train_001514,dropped_handoff,clean,0,18,7,main_domain
train_001515,clean,clean,1,39,8,main_domain
train_001516,dropped_handoff,clean,0,13,5,main_domain
train_001517,conflict,conflict,1,40,1,compliance_audit
train_001518,dropped_handoff,deadlock,0,48,1,compliance_audit
train_001519,deadlock,deadlock,0,55,1,main_domain
train_001520,clean,clean,1,19,5,main_domain
train_001521,clean,clean,1,103,10,main_domain
train_001522,goal_drift,goal_drift,0,30,8,main_domain
train_001523,conflict,conflict,0,52,1,compliance_audit
train_001524,deadlock,deadlock,0,35,9,main_domain
train_001525,clean,clean,1,27,7,main_domain
train_001526,dropped_handoff,deadlock,0,53,10,main_domain
train_001527,duplicated_work,duplicated_work,0,43,9,main_domain
train_001528,clean,clean,1,21,6,main_domain
train_001529,clean,clean,1,29,8,compliance_audit
train_001530,runaway_loop,dropped_handoff,1,68,10,main_domain
train_001531,clean,conflict,0,39,8,compliance_audit
train_001532,goal_drift,goal_drift,0,35,12,main_domain
train_001533,conflict,conflict,0,56,9,main_domain
train_001534,dropped_handoff,dropped_handoff,0,34,10,main_domain
train_001535,dropped_handoff,dropped_handoff,0,23,6,main_domain
train_001536,clean,clean,1,46,9,main_domain
train_001537,runaway_loop,runaway_loop,0,46,9,main_domain
train_001538,goal_drift,runaway_loop,0,49,10,compliance_audit
train_001539,clean,clean,1,50,10,main_domain
train_001540,conflict,conflict,1,52,10,main_domain
train_001541,clean,clean,1,20,5,main_domain
train_001542,dropped_handoff,duplicated_work,1,59,10,compliance_audit
train_001543,clean,clean,1,51,9,main_domain
train_001544,clean,clean,1,32,9,main_domain
train_001545,conflict,conflict,0,54,1,compliance_audit
train_001546,goal_drift,goal_drift,0,18,7,compliance_audit
train_001547,dropped_handoff,clean,1,34,8,main_domain
train_001548,dropped_handoff,deadlock,0,39,8,main_domain
train_001549,deadlock,deadlock,1,49,1,main_domain
train_001550,dropped_handoff,dropped_handoff,0,38,6,main_domain
train_001551,goal_drift,goal_drift,0,21,8,main_domain
train_001552,clean,clean,1,44,9,main_domain
train_001553,clean,clean,1,41,8,main_domain
train_001554,conflict,conflict,1,66,10,main_domain
train_001555,clean,clean,1,48,10,main_domain
train_001556,deadlock,clean,1,42,9,main_domain
train_001557,conflict,conflict,0,33,1,main_domain
train_001558,clean,clean,1,33,9,main_domain
train_001559,clean,clean,1,54,9,main_domain
train_001560,clean,clean,0,31,6,main_domain
train_001561,duplicated_work,duplicated_work,1,78,10,main_domain
train_001562,runaway_loop,runaway_loop,0,29,5,compliance_audit
train_001563,duplicated_work,clean,1,81,10,main_domain
train_001564,dropped_handoff,dropped_handoff,0,33,6,main_domain
train_001565,runaway_loop,runaway_loop,1,87,10,compliance_audit
train_001566,clean,clean,0,31,9,main_domain
train_001567,conflict,conflict,1,45,8,main_domain
train_001568,clean,clean,1,45,8,compliance_audit
train_001569,runaway_loop,runaway_loop,1,52,12,compliance_audit
train_001570,dropped_handoff,deadlock,0,34,8,compliance_audit
train_001571,goal_drift,conflict,0,39,10,main_domain
train_001572,goal_drift,goal_drift,0,53,11,main_domain
train_001573,conflict,conflict,1,50,9,compliance_audit
train_001574,clean,dropped_handoff,0,24,6,main_domain
train_001575,conflict,conflict,1,26,7,main_domain
train_001576,conflict,conflict,1,78,10,compliance_audit
train_001577,goal_drift,goal_drift,1,75,13,main_domain
train_001578,clean,dropped_handoff,0,54,7,main_domain
train_001579,dropped_handoff,dropped_handoff,0,64,1,compliance_audit
train_001580,goal_drift,goal_drift,0,32,13,compliance_audit
train_001581,deadlock,clean,0,51,10,main_domain
train_001582,runaway_loop,runaway_loop,0,30,5,main_domain
train_001583,clean,clean,0,56,10,main_domain
train_001584,dropped_handoff,dropped_handoff,0,31,6,main_domain
train_001585,clean,clean,1,60,9,main_domain
train_001586,duplicated_work,goal_drift,0,42,11,compliance_audit
train_001587,deadlock,deadlock,0,85,10,compliance_audit
train_001588,conflict,conflict,0,23,5,compliance_audit
train_001589,dropped_handoff,duplicated_work,1,54,10,main_domain
train_001590,deadlock,runaway_loop,0,37,7,main_domain
train_001591,goal_drift,goal_drift,0,25,9,main_domain
train_001592,clean,deadlock,0,42,10,main_domain
train_001593,deadlock,deadlock,0,55,9,main_domain
train_001594,runaway_loop,runaway_loop,1,36,6,main_domain
train_001595,clean,clean,1,15,4,compliance_audit
train_001596,deadlock,clean,0,77,1,main_domain
train_001597,clean,clean,1,35,7,main_domain
train_001598,conflict,conflict,1,30,5,main_domain
train_001599,dropped_handoff,conflict,0,77,8,compliance_audit
train_001600,duplicated_work,duplicated_work,0,43,8,compliance_audit
train_001601,duplicated_work,duplicated_work,1,24,6,main_domain
train_001602,deadlock,deadlock,0,30,8,main_domain
train_001603,deadlock,conflict,0,44,7,main_domain
train_001604,duplicated_work,clean,1,59,10,main_domain
train_001605,duplicated_work,duplicated_work,1,25,6,main_domain
train_001606,runaway_loop,runaway_loop,0,24,5,main_domain
train_001607,goal_drift,goal_drift,1,37,11,main_domain
train_001608,clean,clean,0,39,1,compliance_audit
train_001609,clean,clean,1,40,9,main_domain
train_001610,clean,deadlock,1,40,1,main_domain
train_001611,runaway_loop,runaway_loop,0,94,10,compliance_audit
train_001612,conflict,conflict,0,26,6,main_domain
train_001613,goal_drift,clean,1,32,1,compliance_audit
train_001614,conflict,clean,0,46,10,main_domain
train_001615,clean,clean,1,55,10,main_domain
train_001616,duplicated_work,duplicated_work,0,69,12,main_domain
train_001617,dropped_handoff,dropped_handoff,0,20,6,main_domain
train_001618,clean,clean,1,30,1,main_domain
train_001619,deadlock,deadlock,0,56,1,main_domain
train_001620,clean,clean,1,24,7,main_domain
train_001621,clean,clean,1,77,1,main_domain
train_001622,duplicated_work,duplicated_work,0,54,1,compliance_audit
train_001623,goal_drift,goal_drift,0,52,14,main_domain
train_001624,clean,clean,1,20,1,main_domain
train_001625,clean,clean,1,17,5,main_domain
train_001626,clean,clean,1,42,8,main_domain
train_001627,runaway_loop,runaway_loop,0,63,1,main_domain
train_001628,conflict,conflict,1,73,10,main_domain
train_001629,dropped_handoff,deadlock,0,40,9,compliance_audit
train_001630,deadlock,goal_drift,0,46,13,compliance_audit
train_001631,goal_drift,goal_drift,0,32,9,main_domain
train_001632,conflict,conflict,0,44,10,main_domain
train_001633,duplicated_work,duplicated_work,1,35,5,main_domain
train_001634,goal_drift,goal_drift,0,67,13,main_domain
train_001635,goal_drift,goal_drift,0,54,13,main_domain
train_001636,goal_drift,goal_drift,0,54,13,main_domain
train_001637,deadlock,duplicated_work,1,43,9,main_domain
train_001638,conflict,conflict,0,45,9,main_domain
train_001639,clean,clean,1,68,10,main_domain
train_001640,duplicated_work,duplicated_work,1,68,10,main_domain
train_001641,duplicated_work,clean,1,35,7,main_domain
train_001642,conflict,conflict,1,73,10,main_domain
train_001643,duplicated_work,duplicated_work,1,39,7,main_domain
train_001644,duplicated_work,duplicated_work,1,75,10,main_domain
train_001645,clean,clean,1,20,1,main_domain
train_001646,clean,clean,1,23,7,main_domain
train_001647,dropped_handoff,dropped_handoff,1,56,10,main_domain
train_001648,duplicated_work,clean,1,18,4,main_domain
train_001649,clean,clean,0,31,7,main_domain
train_001650,clean,clean,1,32,6,main_domain
train_001651,dropped_handoff,deadlock,1,67,9,main_domain
train_001652,deadlock,clean,0,75,10,main_domain
train_001653,runaway_loop,clean,1,38,9,main_domain
train_001654,goal_drift,goal_drift,0,80,15,compliance_audit
train_001655,conflict,conflict,1,60,9,compliance_audit
train_001656,runaway_loop,runaway_loop,0,23,6,main_domain
train_001657,duplicated_work,duplicated_work,1,54,1,compliance_audit
train_001658,deadlock,deadlock,0,46,8,main_domain
train_001659,deadlock,deadlock,0,54,9,main_domain
train_001660,clean,clean,1,33,1,main_domain
train_001661,runaway_loop,runaway_loop,0,74,10,main_domain
train_001662,runaway_loop,runaway_loop,0,83,10,main_domain
train_001663,clean,clean,1,106,10,main_domain
train_001664,dropped_handoff,goal_drift,0,83,14,main_domain
train_001665,duplicated_work,runaway_loop,1,64,12,main_domain
train_001666,conflict,conflict,1,22,5,main_domain
train_001667,duplicated_work,dropped_handoff,0,49,9,main_domain
train_001668,clean,clean,1,60,10,main_domain
train_001669,dropped_handoff,goal_drift,1,109,13,main_domain
train_001670,goal_drift,runaway_loop,0,27,6,compliance_audit
train_001671,deadlock,clean,0,45,1,main_domain
train_001672,deadlock,deadlock,0,40,7,main_domain
train_001673,clean,clean,1,65,1,main_domain
train_001674,goal_drift,goal_drift,0,46,12,main_domain
train_001675,deadlock,deadlock,0,36,8,main_domain
train_001676,clean,clean,0,13,4,main_domain
train_001677,deadlock,goal_drift,0,54,1,main_domain
train_001678,clean,clean,1,47,10,main_domain
train_001679,deadlock,dropped_handoff,0,38,10,main_domain
train_001680,conflict,conflict,0,11,5,compliance_audit
train_001681,conflict,conflict,0,49,8,main_domain
train_001682,deadlock,runaway_loop,1,72,10,main_domain
train_001683,runaway_loop,runaway_loop,0,56,9,main_domain
train_001684,dropped_handoff,dropped_handoff,0,50,1,main_domain
train_001685,dropped_handoff,runaway_loop,0,92,10,main_domain
train_001686,goal_drift,goal_drift,0,34,11,main_domain
train_001687,duplicated_work,duplicated_work,1,60,9,main_domain
train_001688,conflict,conflict,1,69,1,main_domain
train_001689,clean,clean,1,50,1,main_domain
train_001690,dropped_handoff,runaway_loop,0,120,10,main_domain
train_001691,clean,clean,1,53,1,main_domain
train_001692,runaway_loop,duplicated_work,1,41,8,main_domain
train_001693,clean,clean,1,27,8,main_domain
train_001694,goal_drift,goal_drift,0,30,11,compliance_audit
train_001695,clean,clean,1,58,9,compliance_audit
train_001696,conflict,conflict,1,42,9,main_domain
train_001697,clean,clean,1,37,9,main_domain
train_001698,clean,clean,0,79,9,main_domain
train_001699,clean,clean,1,57,10,main_domain
train_001700,runaway_loop,clean,1,38,6,main_domain
train_001701,runaway_loop,runaway_loop,0,65,1,compliance_audit
train_001702,dropped_handoff,dropped_handoff,0,60,10,main_domain
train_001703,dropped_handoff,clean,1,25,5,main_domain
train_001704,conflict,conflict,0,65,9,main_domain
train_001705,goal_drift,goal_drift,0,50,14,main_domain
train_001706,duplicated_work,duplicated_work,0,28,8,main_domain
train_001707,goal_drift,deadlock,0,65,1,main_domain
train_001708,clean,clean,1,44,8,main_domain
train_001709,clean,clean,1,59,10,main_domain
train_001710,clean,clean,1,44,1,compliance_audit
train_001711,clean,clean,1,21,6,main_domain
train_001712,goal_drift,clean,1,47,1,main_domain
train_001713,conflict,conflict,1,48,9,main_domain
train_001714,dropped_handoff,duplicated_work,0,70,9,main_domain
train_001715,deadlock,deadlock,0,55,10,main_domain
train_001716,deadlock,conflict,0,34,7,main_domain
train_001717,goal_drift,goal_drift,0,62,13,compliance_audit
train_001718,duplicated_work,goal_drift,1,53,13,main_domain
train_001719,deadlock,conflict,0,74,9,compliance_audit
train_001720,dropped_handoff,clean,1,38,9,compliance_audit
train_001721,duplicated_work,goal_drift,0,30,9,compliance_audit
train_001722,deadlock,deadlock,0,19,5,main_domain
train_001723,duplicated_work,duplicated_work,0,30,1,main_domain
train_001724,runaway_loop,runaway_loop,0,60,10,main_domain
train_001725,deadlock,conflict,0,50,10,main_domain
train_001726,deadlock,clean,0,50,10,compliance_audit
train_001727,deadlock,deadlock,0,21,6,compliance_audit
train_001728,conflict,conflict,1,83,9,main_domain
train_001729,deadlock,clean,0,18,4,compliance_audit
train_001730,dropped_handoff,dropped_handoff,0,35,9,main_domain
train_001731,duplicated_work,deadlock,0,30,6,main_domain
train_001732,deadlock,deadlock,0,69,10,main_domain
train_001733,clean,clean,1,38,9,main_domain
train_001734,dropped_handoff,deadlock,1,79,1,compliance_audit
train_001735,goal_drift,goal_drift,0,46,12,main_domain
train_001736,deadlock,deadlock,0,27,1,main_domain
train_001737,clean,clean,1,34,7,compliance_audit
train_001738,runaway_loop,runaway_loop,0,53,9,main_domain
train_001739,clean,clean,1,43,9,main_domain
train_001740,clean,clean,1,23,5,compliance_audit
train_001741,dropped_handoff,dropped_handoff,0,42,8,main_domain
train_001742,goal_drift,clean,0,69,1,main_domain
train_001743,clean,clean,1,15,4,compliance_audit
train_001744,duplicated_work,deadlock,1,95,10,main_domain
train_001745,runaway_loop,runaway_loop,1,50,7,main_domain
train_001746,dropped_handoff,deadlock,0,62,8,compliance_audit
train_001747,deadlock,deadlock,1,34,6,main_domain
train_001748,goal_drift,goal_drift,0,58,13,main_domain
train_001749,runaway_loop,duplicated_work,1,46,9,main_domain
train_001750,goal_drift,goal_drift,1,66,12,main_domain
train_001751,clean,dropped_handoff,0,59,9,compliance_audit
train_001752,conflict,conflict,1,25,6,compliance_audit
train_001753,deadlock,clean,0,59,10,main_domain
train_001754,deadlock,deadlock,0,32,6,compliance_audit
train_001755,dropped_handoff,clean,1,92,10,main_domain
train_001756,dropped_handoff,clean,0,33,8,main_domain
train_001757,deadlock,deadlock,0,34,7,main_domain
train_001758,runaway_loop,runaway_loop,0,69,9,main_domain
train_001759,conflict,conflict,1,35,9,main_domain
train_001760,clean,clean,1,18,5,main_domain
train_001761,conflict,conflict,0,28,8,main_domain
train_001762,dropped_handoff,clean,1,40,10,main_domain
train_001763,goal_drift,goal_drift,0,88,15,main_domain
train_001764,conflict,conflict,0,20,6,main_domain
train_001765,clean,clean,1,14,5,compliance_audit
train_001766,deadlock,deadlock,0,20,1,main_domain
train_001767,clean,clean,1,35,9,main_domain
train_001768,clean,clean,1,53,10,compliance_audit
train_001769,duplicated_work,duplicated_work,1,36,7,main_domain
train_001770,goal_drift,goal_drift,0,62,12,main_domain
train_001771,deadlock,deadlock,0,74,10,compliance_audit
train_001772,dropped_handoff,dropped_handoff,0,43,9,compliance_audit
train_001773,duplicated_work,runaway_loop,0,73,10,main_domain
train_001774,duplicated_work,duplicated_work,1,82,10,main_domain
train_001775,clean,clean,0,15,1,main_domain
train_001776,dropped_handoff,goal_drift,0,81,14,compliance_audit
train_001777,clean,clean,1,51,1,compliance_audit
train_001778,conflict,conflict,1,42,9,main_domain
train_001779,clean,clean,1,36,8,main_domain
train_001780,deadlock,dropped_handoff,0,52,10,main_domain
train_001781,clean,deadlock,0,26,1,compliance_audit
train_001782,goal_drift,dropped_handoff,0,31,10,main_domain
train_001783,deadlock,clean,0,27,7,main_domain
train_001784,clean,clean,1,43,9,main_domain
train_001785,clean,dropped_handoff,0,33,9,compliance_audit
train_001786,duplicated_work,clean,0,39,7,main_domain
train_001787,clean,runaway_loop,0,33,6,main_domain
train_001788,dropped_handoff,clean,1,47,1,compliance_audit
train_001789,duplicated_work,duplicated_work,1,67,10,main_domain
train_001790,runaway_loop,goal_drift,0,35,12,compliance_audit
train_001791,clean,clean,1,40,7,main_domain
train_001792,runaway_loop,runaway_loop,1,44,8,compliance_audit
train_001793,clean,clean,1,42,1,compliance_audit
train_001794,deadlock,deadlock,0,40,1,main_domain
train_001795,deadlock,clean,1,63,10,main_domain
train_001796,clean,clean,0,63,10,compliance_audit
train_001797,deadlock,deadlock,0,33,7,compliance_audit
train_001798,clean,clean,1,44,10,main_domain
train_001799,clean,clean,1,65,8,main_domain
train_001800,goal_drift,clean,1,60,1,main_domain
train_001801,goal_drift,goal_drift,1,35,9,main_domain
train_001802,dropped_handoff,dropped_handoff,1,74,10,compliance_audit
train_001803,clean,dropped_handoff,0,20,4,main_domain
train_001804,conflict,conflict,0,25,5,main_domain
train_001805,dropped_handoff,dropped_handoff,1,26,6,main_domain
train_001806,clean,clean,1,54,9,main_domain
train_001807,duplicated_work,runaway_loop,0,62,1,main_domain
train_001808,clean,clean,1,99,1,main_domain
train_001809,clean,clean,1,63,10,compliance_audit
train_001810,runaway_loop,runaway_loop,1,66,9,main_domain
train_001811,runaway_loop,runaway_loop,1,56,9,main_domain
train_001812,dropped_handoff,conflict,1,42,8,main_domain
train_001813,deadlock,deadlock,0,39,8,main_domain
train_001814,deadlock,deadlock,0,51,9,compliance_audit
train_001815,deadlock,deadlock,0,17,5,compliance_audit
train_001816,deadlock,duplicated_work,0,60,10,main_domain
train_001817,duplicated_work,duplicated_work,1,53,10,compliance_audit
train_001818,goal_drift,goal_drift,0,38,12,main_domain
train_001819,goal_drift,goal_drift,0,42,14,compliance_audit
train_001820,clean,clean,1,56,9,compliance_audit
train_001821,deadlock,deadlock,0,35,7,compliance_audit
train_001822,clean,clean,1,45,10,main_domain
train_001823,duplicated_work,clean,1,104,10,main_domain
train_001824,deadlock,deadlock,0,76,10,compliance_audit
train_001825,runaway_loop,runaway_loop,1,39,6,main_domain
train_001826,runaway_loop,runaway_loop,0,22,5,main_domain
train_001827,runaway_loop,runaway_loop,0,50,8,compliance_audit
train_001828,clean,clean,1,22,5,main_domain
train_001829,deadlock,deadlock,0,32,7,compliance_audit
train_001830,runaway_loop,duplicated_work,1,57,10,main_domain
train_001831,deadlock,dropped_handoff,0,72,10,main_domain
train_001832,runaway_loop,runaway_loop,1,51,8,main_domain
train_001833,duplicated_work,clean,0,56,10,main_domain
train_001834,goal_drift,goal_drift,0,24,1,main_domain
train_001835,dropped_handoff,dropped_handoff,1,43,8,main_domain
train_001836,clean,clean,1,37,8,main_domain
train_001837,runaway_loop,runaway_loop,0,49,9,compliance_audit
train_001838,clean,clean,1,26,6,main_domain
train_001839,duplicated_work,duplicated_work,1,72,9,main_domain
train_001840,clean,clean,1,35,9,main_domain
train_001841,duplicated_work,clean,1,47,9,main_domain
train_001842,duplicated_work,duplicated_work,1,84,9,main_domain
train_001843,clean,dropped_handoff,0,20,7,compliance_audit
train_001844,clean,clean,1,28,7,compliance_audit
train_001845,clean,clean,1,43,8,main_domain
train_001846,conflict,conflict,0,50,9,main_domain
train_001847,conflict,goal_drift,0,34,12,compliance_audit
train_001848,clean,clean,0,22,7,main_domain
train_001849,goal_drift,goal_drift,0,54,12,main_domain
train_001850,runaway_loop,goal_drift,0,16,8,main_domain
train_001851,goal_drift,goal_drift,0,37,11,main_domain
train_001852,duplicated_work,duplicated_work,1,42,7,main_domain
train_001853,goal_drift,goal_drift,0,19,9,main_domain
train_001854,clean,clean,1,21,1,main_domain
train_001855,deadlock,deadlock,0,37,7,compliance_audit
train_001856,goal_drift,goal_drift,0,15,1,main_domain
train_001857,clean,clean,1,31,7,main_domain
train_001858,clean,clean,1,20,5,main_domain
train_001859,deadlock,dropped_handoff,0,20,6,compliance_audit
train_001860,clean,clean,1,21,5,main_domain
train_001861,goal_drift,goal_drift,0,61,14,main_domain
train_001862,clean,clean,1,24,6,main_domain
train_001863,clean,dropped_handoff,0,60,1,main_domain
train_001864,conflict,conflict,0,38,7,main_domain
train_001865,clean,clean,1,49,8,compliance_audit
train_001866,dropped_handoff,dropped_handoff,0,14,5,main_domain
train_001867,goal_drift,duplicated_work,1,68,13,main_domain
train_001868,clean,clean,1,74,10,main_domain
train_001869,runaway_loop,runaway_loop,0,102,10,compliance_audit
train_001870,goal_drift,goal_drift,0,28,10,main_domain
train_001871,dropped_handoff,dropped_handoff,0,19,6,main_domain
train_001872,duplicated_work,duplicated_work,1,62,10,compliance_audit
train_001873,runaway_loop,runaway_loop,0,109,10,main_domain
train_001874,goal_drift,goal_drift,0,23,8,main_domain
train_001875,dropped_handoff,clean,1,61,9,main_domain
train_001876,deadlock,deadlock,1,34,7,main_domain
train_001877,clean,clean,1,48,9,main_domain
train_001878,clean,clean,1,24,6,main_domain
train_001879,deadlock,deadlock,0,32,7,main_domain
train_001880,runaway_loop,dropped_handoff,0,88,1,main_domain
train_001881,goal_drift,goal_drift,1,45,11,main_domain
train_001882,dropped_handoff,dropped_handoff,0,41,10,main_domain
train_001883,dropped_handoff,dropped_handoff,0,77,10,main_domain
train_001884,dropped_handoff,conflict,0,51,9,compliance_audit
train_001885,deadlock,deadlock,0,61,8,compliance_audit
train_001886,goal_drift,goal_drift,0,26,10,main_domain
train_001887,clean,clean,1,35,8,main_domain
train_001888,dropped_handoff,conflict,0,44,1,main_domain
train_001889,runaway_loop,runaway_loop,1,41,7,main_domain
train_001890,goal_drift,goal_drift,0,29,10,main_domain
train_001891,goal_drift,goal_drift,0,37,11,main_domain
train_001892,runaway_loop,runaway_loop,0,51,6,main_domain
train_001893,dropped_handoff,clean,0,58,1,main_domain
train_001894,deadlock,clean,1,30,7,main_domain
train_001895,clean,clean,0,29,9,main_domain
train_001896,dropped_handoff,dropped_handoff,0,37,8,main_domain
train_001897,runaway_loop,goal_drift,0,36,9,main_domain
train_001898,clean,clean,1,43,7,main_domain
train_001899,deadlock,deadlock,0,24,7,main_domain
train_001900,deadlock,deadlock,0,44,8,main_domain
train_001901,duplicated_work,duplicated_work,0,17,3,compliance_audit
train_001902,runaway_loop,clean,0,32,8,main_domain
train_001903,conflict,conflict,0,44,10,main_domain
train_001904,deadlock,deadlock,0,34,6,main_domain
train_001905,duplicated_work,clean,1,40,7,main_domain
train_001906,conflict,conflict,0,74,9,main_domain
train_001907,runaway_loop,runaway_loop,0,53,10,main_domain
train_001908,clean,clean,1,24,6,main_domain
train_001909,duplicated_work,duplicated_work,1,39,6,compliance_audit
train_001910,conflict,goal_drift,1,51,13,main_domain
train_001911,duplicated_work,deadlock,0,96,9,main_domain
train_001912,clean,clean,1,52,9,main_domain
train_001913,runaway_loop,runaway_loop,1,32,4,main_domain
train_001914,duplicated_work,clean,1,55,1,main_domain
train_001915,clean,clean,1,44,8,main_domain
train_001916,runaway_loop,runaway_loop,0,70,10,main_domain
train_001917,deadlock,deadlock,0,37,9,main_domain
train_001918,conflict,conflict,1,47,8,main_domain
train_001919,dropped_handoff,dropped_handoff,0,50,9,main_domain
train_001920,conflict,conflict,0,62,10,main_domain
train_001921,conflict,conflict,0,53,9,main_domain
train_001922,deadlock,deadlock,0,27,5,main_domain
train_001923,deadlock,clean,1,56,1,main_domain
train_001924,runaway_loop,clean,1,51,8,main_domain
train_001925,conflict,conflict,0,40,9,compliance_audit
train_001926,duplicated_work,conflict,1,66,10,main_domain
train_001927,goal_drift,goal_drift,0,23,10,main_domain
train_001928,dropped_handoff,clean,0,47,1,main_domain
train_001929,dropped_handoff,clean,1,66,9,main_domain
train_001930,clean,deadlock,0,63,10,main_domain
train_001931,conflict,conflict,0,63,10,compliance_audit
train_001932,dropped_handoff,duplicated_work,1,51,1,main_domain
train_001933,goal_drift,goal_drift,0,29,9,main_domain
train_001934,runaway_loop,duplicated_work,1,23,4,main_domain
train_001935,clean,clean,1,26,6,compliance_audit
train_001936,deadlock,clean,0,41,9,main_domain
train_001937,runaway_loop,runaway_loop,0,31,6,compliance_audit
train_001938,dropped_handoff,dropped_handoff,1,45,9,compliance_audit
train_001939,duplicated_work,duplicated_work,1,43,1,main_domain
train_001940,clean,runaway_loop,0,66,10,main_domain
train_001941,clean,clean,1,48,10,main_domain
train_001942,clean,clean,1,41,8,main_domain
train_001943,runaway_loop,runaway_loop,0,44,1,main_domain
train_001944,duplicated_work,dropped_handoff,0,39,1,main_domain
train_001945,clean,clean,0,26,7,compliance_audit
train_001946,goal_drift,goal_drift,0,22,8,main_domain
train_001947,clean,clean,1,63,9,main_domain
train_001948,goal_drift,goal_drift,0,26,10,main_domain
train_001949,conflict,conflict,0,54,9,compliance_audit
train_001950,clean,clean,1,42,8,main_domain
train_001951,clean,clean,1,50,9,main_domain
train_001952,clean,clean,1,65,9,main_domain
train_001953,dropped_handoff,clean,1,31,7,main_domain
train_001954,dropped_handoff,deadlock,1,46,1,main_domain
train_001955,conflict,conflict,0,46,10,main_domain
train_001956,deadlock,deadlock,0,52,8,main_domain
train_001957,clean,clean,1,74,9,main_domain
train_001958,clean,clean,0,18,4,compliance_audit
train_001959,clean,runaway_loop,0,47,8,main_domain
train_001960,duplicated_work,duplicated_work,1,54,9,main_domain
train_001961,goal_drift,clean,0,37,1,main_domain
train_001962,clean,clean,1,19,6,compliance_audit
train_001963,clean,clean,1,39,9,main_domain
train_001964,conflict,conflict,0,44,9,main_domain
train_001965,clean,clean,1,28,8,main_domain
train_001966,dropped_handoff,clean,0,98,10,main_domain
train_001967,duplicated_work,duplicated_work,1,90,10,main_domain
train_001968,conflict,conflict,0,72,13,main_domain
train_001969,clean,clean,1,29,9,main_domain
train_001970,conflict,conflict,0,43,8,compliance_audit
train_001971,clean,clean,1,50,10,main_domain
train_001972,goal_drift,goal_drift,0,15,7,main_domain
train_001973,dropped_handoff,clean,0,17,6,main_domain
train_001974,dropped_handoff,dropped_handoff,0,24,7,compliance_audit
train_001975,goal_drift,goal_drift,0,46,13,compliance_audit
train_001976,clean,clean,1,49,8,main_domain
train_001977,deadlock,deadlock,0,33,8,main_domain
train_001978,conflict,conflict,1,41,8,main_domain
train_001979,deadlock,clean,1,36,10,compliance_audit
train_001980,duplicated_work,dropped_handoff,0,48,1,main_domain
train_001981,duplicated_work,clean,1,59,10,main_domain
train_001982,deadlock,clean,1,48,8,main_domain
train_001983,goal_drift,goal_drift,0,28,11,main_domain
train_001984,duplicated_work,duplicated_work,0,24,6,compliance_audit
train_001985,clean,clean,1,44,7,main_domain
train_001986,duplicated_work,duplicated_work,1,42,4,main_domain
train_001987,dropped_handoff,dropped_handoff,0,30,7,main_domain
train_001988,conflict,conflict,0,57,1,main_domain
train_001989,duplicated_work,duplicated_work,0,120,10,compliance_audit
train_001990,goal_drift,goal_drift,0,65,13,main_domain
train_001991,deadlock,deadlock,0,55,10,compliance_audit
train_001992,clean,clean,1,50,8,main_domain
train_001993,deadlock,deadlock,0,67,10,main_domain
train_001994,clean,clean,1,21,5,main_domain
train_001995,dropped_handoff,dropped_handoff,0,14,5,main_domain
train_001996,runaway_loop,runaway_loop,0,88,1,main_domain
train_001997,clean,duplicated_work,0,40,1,main_domain
train_001998,dropped_handoff,conflict,0,15,5,main_domain
train_001999,clean,clean,1,33,7,main_domain
train_002000,duplicated_work,duplicated_work,1,67,10,main_domain
train_002001,runaway_loop,runaway_loop,0,41,8,compliance_audit
train_002002,goal_drift,goal_drift,0,21,10,main_domain
train_002003,clean,clean,1,50,9,compliance_audit
train_002004,clean,clean,1,49,9,main_domain
train_002005,deadlock,runaway_loop,0,80,10,compliance_audit
train_002006,clean,clean,1,35,7,main_domain
train_002007,clean,clean,1,46,9,main_domain
train_002008,deadlock,clean,0,32,6,main_domain
train_002009,clean,clean,1,52,8,compliance_audit
train_002010,clean,clean,1,14,5,compliance_audit
train_002011,clean,clean,1,44,10,main_domain
train_002012,duplicated_work,duplicated_work,1,54,9,main_domain
train_002013,runaway_loop,deadlock,0,30,7,main_domain
train_002014,runaway_loop,runaway_loop,0,54,1,main_domain
train_002015,duplicated_work,clean,1,31,7,main_domain
train_002016,duplicated_work,goal_drift,1,54,14,compliance_audit
train_002017,dropped_handoff,clean,0,36,10,main_domain
train_002018,duplicated_work,duplicated_work,0,26,6,main_domain
train_002019,clean,clean,1,45,8,main_domain
train_002020,clean,clean,1,67,9,main_domain
train_002021,conflict,conflict,0,34,1,main_domain
train_002022,runaway_loop,runaway_loop,1,78,10,main_domain
train_002023,clean,runaway_loop,1,79,1,compliance_audit
train_002024,duplicated_work,clean,1,28,6,compliance_audit
train_002025,goal_drift,goal_drift,0,49,13,main_domain
train_002026,goal_drift,goal_drift,1,60,13,main_domain
train_002027,goal_drift,goal_drift,0,41,1,compliance_audit
train_002028,dropped_handoff,dropped_handoff,0,31,8,main_domain
train_002029,deadlock,runaway_loop,0,64,10,main_domain
train_002030,clean,clean,1,62,10,main_domain
train_002031,dropped_handoff,dropped_handoff,1,38,7,main_domain
train_002032,goal_drift,goal_drift,1,58,14,compliance_audit
train_002033,runaway_loop,runaway_loop,0,62,10,main_domain
train_002034,conflict,conflict,0,54,8,main_domain
train_002035,clean,clean,0,52,9,main_domain
train_002036,clean,clean,0,33,8,compliance_audit
train_002037,clean,clean,1,26,7,main_domain
train_002038,clean,clean,1,45,8,main_domain
train_002039,conflict,conflict,0,81,10,main_domain
train_002040,deadlock,deadlock,0,22,5,main_domain
train_002041,clean,clean,1,49,10,main_domain
train_002042,clean,clean,1,57,9,compliance_audit
train_002043,runaway_loop,runaway_loop,0,30,6,main_domain
train_002044,runaway_loop,runaway_loop,0,50,8,main_domain
train_002045,duplicated_work,clean,1,44,9,main_domain
train_002046,goal_drift,goal_drift,0,30,1,main_domain
train_002047,duplicated_work,clean,0,25,7,compliance_audit
train_002048,clean,clean,1,43,10,compliance_audit
train_002049,clean,clean,1,40,10,main_domain
train_002050,goal_drift,goal_drift,0,40,10,main_domain
train_002051,dropped_handoff,dropped_handoff,0,17,6,main_domain
train_002052,goal_drift,goal_drift,0,39,12,main_domain
train_002053,clean,clean,1,34,8,main_domain
train_002054,runaway_loop,runaway_loop,0,28,6,main_domain
train_002055,conflict,conflict,0,33,9,main_domain
train_002056,clean,clean,1,36,8,compliance_audit
train_002057,clean,clean,1,24,5,main_domain
train_002058,goal_drift,goal_drift,1,41,1,compliance_audit
train_002059,clean,clean,1,50,8,main_domain
train_002060,goal_drift,goal_drift,1,39,12,main_domain
train_002061,conflict,conflict,0,43,10,main_domain
train_002062,clean,clean,1,47,9,main_domain
train_002063,dropped_handoff,dropped_handoff,0,28,8,main_domain
train_002064,deadlock,clean,1,45,1,main_domain
train_002065,clean,deadlock,0,59,7,main_domain
train_002066,runaway_loop,runaway_loop,1,62,10,compliance_audit
train_002067,duplicated_work,clean,1,38,9,main_domain
train_002068,duplicated_work,dropped_handoff,0,21,7,main_domain
train_002069,duplicated_work,duplicated_work,0,19,5,main_domain
train_002070,clean,clean,1,41,10,compliance_audit
train_002071,clean,clean,1,44,9,main_domain
train_002072,goal_drift,goal_drift,1,34,11,main_domain
train_002073,deadlock,deadlock,0,23,7,main_domain
train_002074,clean,clean,1,49,10,main_domain
train_002075,duplicated_work,duplicated_work,1,38,7,main_domain
train_002076,duplicated_work,clean,1,47,9,compliance_audit
train_002077,clean,clean,1,30,9,main_domain
train_002078,clean,clean,1,23,7,compliance_audit
train_002079,runaway_loop,runaway_loop,1,55,8,main_domain
train_002080,conflict,conflict,0,38,7,main_domain
train_002081,conflict,conflict,1,47,8,main_domain
train_002082,runaway_loop,runaway_loop,1,55,1,main_domain
train_002083,duplicated_work,duplicated_work,1,46,8,main_domain
train_002084,conflict,conflict,0,57,10,main_domain
train_002085,goal_drift,deadlock,0,59,11,main_domain
train_002086,clean,clean,1,33,7,main_domain
train_002087,conflict,conflict,1,57,8,main_domain
train_002088,duplicated_work,duplicated_work,1,37,7,main_domain
train_002089,conflict,conflict,1,29,5,main_domain
train_002090,duplicated_work,duplicated_work,1,58,9,main_domain
train_002091,runaway_loop,clean,0,77,9,compliance_audit
train_002092,dropped_handoff,clean,1,65,9,main_domain
train_002093,goal_drift,goal_drift,1,70,13,main_domain
train_002094,deadlock,deadlock,0,38,7,main_domain
train_002095,deadlock,runaway_loop,0,96,10,compliance_audit
train_002096,dropped_handoff,clean,0,73,10,main_domain
train_002097,clean,clean,0,35,7,main_domain
train_002098,deadlock,clean,0,32,7,main_domain
train_002099,goal_drift,goal_drift,1,34,10,main_domain
train_002100,runaway_loop,runaway_loop,0,43,8,main_domain
train_002101,clean,clean,1,15,5,compliance_audit
train_002102,deadlock,clean,1,37,8,compliance_audit
train_002103,clean,clean,1,54,1,main_domain
train_002104,clean,clean,1,48,1,main_domain
train_002105,duplicated_work,goal_drift,0,47,13,main_domain
train_002106,runaway_loop,runaway_loop,1,44,8,compliance_audit
train_002107,deadlock,goal_drift,0,32,9,compliance_audit
train_002108,conflict,runaway_loop,0,68,8,compliance_audit
train_002109,deadlock,conflict,0,25,7,main_domain
train_002110,conflict,conflict,1,43,8,main_domain
train_002111,runaway_loop,runaway_loop,1,49,7,main_domain
train_002112,runaway_loop,runaway_loop,0,28,6,main_domain
train_002113,duplicated_work,duplicated_work,1,47,7,main_domain
train_002114,runaway_loop,runaway_loop,0,41,1,compliance_audit
train_002115,dropped_handoff,conflict,0,43,8,main_domain
train_002116,clean,clean,1,18,5,main_domain
train_002117,conflict,conflict,0,25,7,main_domain
train_002118,runaway_loop,goal_drift,0,57,13,main_domain
train_002119,dropped_handoff,dropped_handoff,1,34,9,main_domain
train_002120,conflict,conflict,0,73,10,compliance_audit
train_002121,goal_drift,conflict,0,52,1,main_domain
train_002122,dropped_handoff,dropped_handoff,0,35,7,main_domain
train_002123,clean,clean,1,27,7,main_domain
train_002124,runaway_loop,runaway_loop,0,19,4,compliance_audit
train_002125,clean,clean,1,40,1,compliance_audit
train_002126,clean,clean,1,49,9,main_domain
train_002127,clean,clean,0,30,7,main_domain
train_002128,clean,clean,1,43,7,main_domain
train_002129,runaway_loop,runaway_loop,1,50,10,main_domain
train_002130,clean,clean,1,57,9,main_domain
train_002131,goal_drift,goal_drift,1,48,11,main_domain
train_002132,clean,clean,1,23,6,compliance_audit
train_002133,duplicated_work,clean,0,73,10,main_domain
train_002134,duplicated_work,conflict,0,23,5,compliance_audit
train_002135,conflict,conflict,1,38,7,main_domain
train_002136,conflict,conflict,0,62,1,main_domain
train_002137,conflict,runaway_loop,0,88,8,compliance_audit
train_002138,duplicated_work,dropped_handoff,0,45,10,compliance_audit
train_002139,clean,clean,1,27,7,main_domain
train_002140,deadlock,deadlock,0,26,8,main_domain
train_002141,clean,clean,1,38,1,compliance_audit
train_002142,runaway_loop,runaway_loop,0,43,9,compliance_audit
train_002143,dropped_handoff,clean,0,30,1,main_domain
train_002144,clean,runaway_loop,0,62,9,main_domain
train_002145,goal_drift,goal_drift,0,25,10,main_domain
train_002146,runaway_loop,conflict,0,51,10,main_domain
train_002147,duplicated_work,duplicated_work,1,42,9,compliance_audit
train_002148,duplicated_work,clean,1,30,8,main_domain
train_002149,duplicated_work,deadlock,0,42,7,main_domain
train_002150,goal_drift,goal_drift,0,73,15,compliance_audit
train_002151,goal_drift,goal_drift,1,19,9,main_domain
train_002152,clean,clean,1,44,7,main_domain
train_002153,clean,clean,1,19,1,main_domain
train_002154,deadlock,clean,0,65,10,main_domain
train_002155,deadlock,deadlock,0,79,10,compliance_audit
train_002156,goal_drift,clean,1,46,1,compliance_audit
train_002157,duplicated_work,goal_drift,0,28,8,main_domain
train_002158,runaway_loop,runaway_loop,0,27,6,main_domain
train_002159,clean,clean,1,76,10,main_domain
train_002160,clean,runaway_loop,0,31,1,main_domain
train_002161,deadlock,deadlock,0,22,7,compliance_audit
train_002162,goal_drift,goal_drift,0,45,12,main_domain
train_002163,deadlock,deadlock,0,26,6,main_domain
train_002164,runaway_loop,runaway_loop,0,31,1,compliance_audit
train_002165,deadlock,deadlock,0,44,8,main_domain
train_002166,dropped_handoff,dropped_handoff,0,19,6,compliance_audit
train_002167,runaway_loop,runaway_loop,1,46,8,main_domain
train_002168,runaway_loop,runaway_loop,0,32,5,compliance_audit
train_002169,duplicated_work,clean,1,38,10,main_domain
train_002170,clean,clean,1,50,1,main_domain
train_002171,runaway_loop,runaway_loop,0,47,7,compliance_audit
train_002172,conflict,conflict,0,25,6,main_domain
train_002173,clean,clean,1,27,7,main_domain
train_002174,clean,clean,0,42,10,main_domain
train_002175,dropped_handoff,deadlock,0,46,1,main_domain
train_002176,conflict,conflict,1,44,9,main_domain
train_002177,clean,clean,1,26,6,compliance_audit
train_002178,duplicated_work,duplicated_work,0,61,8,main_domain
train_002179,duplicated_work,duplicated_work,1,29,5,main_domain
train_002180,clean,clean,0,74,10,main_domain
train_002181,runaway_loop,runaway_loop,0,20,6,main_domain
train_002182,runaway_loop,runaway_loop,0,56,9,main_domain
train_002183,runaway_loop,runaway_loop,0,83,1,main_domain
train_002184,clean,clean,1,56,9,compliance_audit
train_002185,goal_drift,goal_drift,1,54,13,main_domain
train_002186,clean,clean,0,59,10,main_domain
train_002187,duplicated_work,clean,1,31,8,compliance_audit
train_002188,goal_drift,goal_drift,0,101,13,main_domain
train_002189,duplicated_work,duplicated_work,1,29,5,main_domain
train_002190,goal_drift,goal_drift,0,67,14,compliance_audit
train_002191,clean,clean,1,52,9,main_domain
train_002192,clean,clean,1,62,9,main_domain
train_002193,clean,clean,1,85,10,main_domain
train_002194,duplicated_work,duplicated_work,1,45,6,main_domain
train_002195,conflict,conflict,1,80,13,main_domain
train_002196,deadlock,deadlock,0,21,6,compliance_audit
train_002197,goal_drift,goal_drift,0,53,14,main_domain
train_002198,dropped_handoff,duplicated_work,0,23,7,main_domain
train_002199,duplicated_work,clean,1,53,9,main_domain
train_002200,dropped_handoff,dropped_handoff,0,38,8,compliance_audit
train_002201,clean,dropped_handoff,1,57,8,main_domain
train_002202,goal_drift,duplicated_work,1,34,9,main_domain
train_002203,clean,clean,1,66,9,compliance_audit
train_002204,clean,clean,1,14,4,main_domain
train_002205,duplicated_work,clean,0,42,1,main_domain
train_002206,duplicated_work,duplicated_work,1,29,11,main_domain
train_002207,clean,clean,1,55,10,main_domain
train_002208,runaway_loop,runaway_loop,1,75,9,compliance_audit
train_002209,clean,clean,1,52,9,main_domain
train_002210,clean,clean,1,48,8,main_domain
train_002211,duplicated_work,clean,1,55,8,main_domain
train_002212,clean,clean,1,26,7,main_domain
train_002213,dropped_handoff,dropped_handoff,0,28,7,compliance_audit
train_002214,duplicated_work,clean,0,38,7,compliance_audit
train_002215,duplicated_work,clean,1,43,10,main_domain
train_002216,clean,clean,1,60,10,main_domain
train_002217,goal_drift,goal_drift,0,89,13,main_domain
train_002218,runaway_loop,conflict,0,70,1,main_domain
train_002219,dropped_handoff,dropped_handoff,0,39,9,main_domain
train_002220,conflict,conflict,0,90,10,main_domain
train_002221,runaway_loop,runaway_loop,0,43,9,main_domain
train_002222,dropped_handoff,goal_drift,0,21,9,compliance_audit
train_002223,duplicated_work,duplicated_work,0,37,8,main_domain
train_002224,conflict,conflict,1,68,10,compliance_audit
train_002225,clean,clean,1,30,6,main_domain
train_002226,duplicated_work,duplicated_work,1,36,1,main_domain
train_002227,conflict,conflict,0,58,9,main_domain
train_002228,runaway_loop,runaway_loop,1,62,8,main_domain
train_002229,clean,clean,1,45,10,main_domain
train_002230,runaway_loop,runaway_loop,0,51,10,main_domain
train_002231,clean,clean,0,15,5,main_domain
train_002232,dropped_handoff,dropped_handoff,0,26,6,main_domain
train_002233,dropped_handoff,dropped_handoff,0,32,4,main_domain
train_002234,goal_drift,goal_drift,1,52,14,main_domain
train_002235,duplicated_work,duplicated_work,1,67,7,compliance_audit
train_002236,dropped_handoff,dropped_handoff,0,63,10,main_domain
train_002237,conflict,conflict,0,32,6,main_domain
train_002238,deadlock,runaway_loop,0,49,10,main_domain
train_002239,goal_drift,goal_drift,1,64,11,main_domain
train_002240,runaway_loop,runaway_loop,0,31,1,main_domain
train_002241,goal_drift,goal_drift,0,58,12,main_domain
train_002242,clean,clean,1,69,10,main_domain
train_002243,clean,clean,1,21,5,main_domain
train_002244,goal_drift,runaway_loop,1,67,1,main_domain
train_002245,runaway_loop,runaway_loop,0,26,5,compliance_audit
train_002246,goal_drift,goal_drift,0,51,14,compliance_audit
train_002247,dropped_handoff,goal_drift,0,42,12,main_domain
train_002248,conflict,conflict,0,60,10,main_domain
train_002249,conflict,conflict,0,45,9,main_domain
train_002250,goal_drift,goal_drift,0,41,11,compliance_audit
train_002251,dropped_handoff,dropped_handoff,0,36,10,main_domain
train_002252,goal_drift,goal_drift,0,27,10,main_domain
train_002253,clean,clean,0,26,7,main_domain
train_002254,runaway_loop,runaway_loop,0,42,8,main_domain
train_002255,runaway_loop,runaway_loop,0,64,9,main_domain
train_002256,conflict,conflict,1,63,10,main_domain
train_002257,clean,clean,1,48,10,compliance_audit
train_002258,duplicated_work,goal_drift,0,44,10,main_domain
train_002259,dropped_handoff,dropped_handoff,0,32,1,main_domain
train_002260,clean,clean,1,33,7,compliance_audit
train_002261,goal_drift,goal_drift,0,65,14,main_domain
train_002262,duplicated_work,conflict,0,88,10,main_domain
train_002263,clean,clean,1,45,9,compliance_audit
train_002264,clean,dropped_handoff,0,23,5,compliance_audit
train_002265,goal_drift,goal_drift,0,32,9,main_domain
train_002266,clean,clean,1,25,7,main_domain
train_002267,clean,dropped_handoff,0,15,5,main_domain
train_002268,deadlock,deadlock,0,35,1,main_domain
train_002269,runaway_loop,dropped_handoff,0,69,10,compliance_audit
train_002270,clean,clean,1,53,10,main_domain
train_002271,dropped_handoff,dropped_handoff,0,19,7,compliance_audit
train_002272,clean,clean,1,103,9,main_domain
train_002273,clean,clean,1,44,9,main_domain
train_002274,goal_drift,goal_drift,0,36,11,main_domain
train_002275,duplicated_work,clean,1,51,10,main_domain
train_002276,clean,clean,0,71,10,main_domain
train_002277,duplicated_work,dropped_handoff,0,48,8,main_domain
train_002278,runaway_loop,runaway_loop,1,63,10,main_domain
train_002279,deadlock,deadlock,0,68,8,main_domain
train_002280,goal_drift,goal_drift,0,82,14,main_domain
train_002281,deadlock,deadlock,0,27,7,main_domain
train_002282,duplicated_work,duplicated_work,1,33,8,main_domain
train_002283,clean,clean,1,39,9,main_domain
train_002284,goal_drift,goal_drift,0,27,9,compliance_audit
train_002285,deadlock,goal_drift,0,44,12,compliance_audit
train_002286,dropped_handoff,conflict,0,26,7,main_domain
train_002287,goal_drift,duplicated_work,1,73,1,main_domain
train_002288,clean,clean,1,45,9,main_domain
train_002289,runaway_loop,runaway_loop,0,33,8,main_domain
train_002290,dropped_handoff,dropped_handoff,0,25,6,main_domain
train_002291,runaway_loop,runaway_loop,0,71,9,compliance_audit
train_002292,dropped_handoff,dropped_handoff,0,27,6,main_domain
train_002293,deadlock,deadlock,0,58,9,compliance_audit
train_002294,deadlock,deadlock,0,37,8,main_domain
train_002295,dropped_handoff,clean,0,34,9,main_domain
train_002296,deadlock,clean,1,36,8,compliance_audit
train_002297,conflict,conflict,1,52,10,main_domain
train_002298,clean,clean,1,68,9,main_domain
train_002299,clean,clean,1,33,7,main_domain
train_002300,goal_drift,goal_drift,1,47,13,main_domain
train_002301,runaway_loop,runaway_loop,0,54,10,main_domain
train_002302,clean,clean,1,13,4,compliance_audit
train_002303,dropped_handoff,conflict,0,50,10,main_domain
train_002304,clean,clean,1,45,10,compliance_audit
train_002305,deadlock,deadlock,0,26,7,main_domain
train_002306,clean,clean,1,21,1,main_domain
train_002307,runaway_loop,runaway_loop,0,68,10,main_domain
train_002308,clean,clean,1,45,10,main_domain
train_002309,dropped_handoff,clean,0,41,9,main_domain
train_002310,deadlock,deadlock,0,25,6,main_domain
train_002311,clean,clean,1,56,10,main_domain
train_002312,clean,clean,1,49,9,compliance_audit
train_002313,runaway_loop,conflict,0,53,8,compliance_audit
train_002314,conflict,conflict,1,26,6,main_domain
train_002315,goal_drift,goal_drift,1,57,13,compliance_audit
train_002316,conflict,conflict,1,70,10,main_domain
train_002317,dropped_handoff,clean,1,30,8,compliance_audit
train_002318,clean,deadlock,0,33,8,main_domain
train_002319,clean,clean,1,65,9,main_domain
train_002320,conflict,conflict,0,67,10,compliance_audit
train_002321,dropped_handoff,clean,0,51,1,main_domain
train_002322,goal_drift,goal_drift,0,41,13,compliance_audit
train_002323,conflict,conflict,0,60,10,main_domain
train_002324,clean,clean,1,87,1,main_domain
train_002325,duplicated_work,dropped_handoff,0,78,9,main_domain
train_002326,conflict,conflict,0,22,5,main_domain
train_002327,duplicated_work,duplicated_work,1,73,10,compliance_audit
train_002328,conflict,conflict,0,50,8,main_domain
train_002329,runaway_loop,runaway_loop,1,56,8,main_domain
train_002330,runaway_loop,runaway_loop,1,35,7,compliance_audit
train_002331,clean,clean,1,37,1,main_domain
train_002332,runaway_loop,goal_drift,0,67,12,main_domain
train_002333,deadlock,deadlock,0,19,5,main_domain
train_002334,runaway_loop,runaway_loop,0,75,10,main_domain
train_002335,goal_drift,goal_drift,0,17,8,main_domain
train_002336,deadlock,duplicated_work,0,38,9,main_domain
train_002337,deadlock,deadlock,1,18,4,main_domain
train_002338,duplicated_work,clean,0,81,10,main_domain
train_002339,clean,clean,1,50,8,main_domain
train_002340,duplicated_work,clean,1,27,6,compliance_audit
train_002341,conflict,conflict,1,38,9,compliance_audit
train_002342,duplicated_work,clean,1,50,8,main_domain
train_002343,runaway_loop,runaway_loop,0,73,7,compliance_audit
train_002344,dropped_handoff,duplicated_work,1,36,7,main_domain
train_002345,clean,clean,1,76,9,main_domain
train_002346,runaway_loop,runaway_loop,0,21,7,main_domain
train_002347,duplicated_work,duplicated_work,0,70,10,main_domain
train_002348,clean,clean,1,20,6,main_domain
train_002349,dropped_handoff,conflict,0,71,9,main_domain
train_002350,deadlock,deadlock,0,56,9,main_domain
train_002351,duplicated_work,runaway_loop,1,45,7,main_domain
train_002352,runaway_loop,runaway_loop,1,93,10,main_domain
train_002353,deadlock,deadlock,0,22,1,main_domain
train_002354,clean,clean,1,44,7,main_domain
train_002355,runaway_loop,runaway_loop,0,38,6,main_domain
train_002356,conflict,conflict,0,54,8,main_domain
train_002357,conflict,conflict,0,20,5,compliance_audit
train_002358,duplicated_work,runaway_loop,0,31,4,main_domain
train_002359,runaway_loop,runaway_loop,0,37,6,compliance_audit
train_002360,duplicated_work,duplicated_work,1,26,7,main_domain
train_002361,clean,clean,1,32,7,main_domain
train_002362,clean,clean,1,52,10,main_domain
train_002363,deadlock,deadlock,0,33,1,main_domain
train_002364,duplicated_work,duplicated_work,1,51,10,main_domain
train_002365,clean,clean,1,27,7,compliance_audit
train_002366,dropped_handoff,dropped_handoff,0,40,10,main_domain
train_002367,goal_drift,goal_drift,0,63,14,main_domain
train_002368,clean,clean,1,44,8,main_domain
train_002369,dropped_handoff,runaway_loop,0,63,8,main_domain
train_002370,duplicated_work,duplicated_work,1,40,8,main_domain
train_002371,conflict,conflict,1,41,6,main_domain
train_002372,clean,clean,1,18,5,main_domain
train_002373,clean,dropped_handoff,0,32,7,main_domain
train_002374,duplicated_work,clean,0,55,9,compliance_audit
train_002375,duplicated_work,duplicated_work,0,43,10,main_domain
train_002376,clean,clean,1,48,10,compliance_audit
train_002377,runaway_loop,runaway_loop,1,70,10,main_domain
train_002378,clean,clean,1,56,10,compliance_audit
train_002379,clean,clean,1,50,10,main_domain
train_002380,runaway_loop,runaway_loop,0,54,1,compliance_audit
train_002381,clean,clean,1,32,8,compliance_audit
train_002382,deadlock,runaway_loop,0,68,9,main_domain
train_002383,clean,clean,1,63,10,main_domain
train_002384,conflict,conflict,1,109,10,main_domain
train_002385,clean,clean,1,48,9,main_domain
train_002386,goal_drift,goal_drift,1,59,13,main_domain
train_002387,runaway_loop,runaway_loop,0,50,8,main_domain
train_002388,deadlock,clean,0,22,5,compliance_audit
train_002389,clean,clean,1,25,1,main_domain
train_002390,clean,clean,1,47,10,main_domain
train_002391,dropped_handoff,clean,0,26,1,main_domain
train_002392,runaway_loop,runaway_loop,0,71,10,compliance_audit
train_002393,deadlock,deadlock,0,33,9,compliance_audit
train_002394,deadlock,deadlock,0,29,7,main_domain
train_002395,clean,clean,1,23,6,main_domain
train_002396,clean,clean,1,36,9,main_domain
train_002397,clean,clean,1,37,8,main_domain
train_002398,clean,clean,1,15,5,main_domain
train_002399,duplicated_work,duplicated_work,1,35,6,compliance_audit
train_002400,conflict,conflict,0,49,10,main_domain
train_002401,clean,clean,1,43,9,main_domain
train_002402,dropped_handoff,runaway_loop,0,39,8,main_domain
train_002403,conflict,conflict,0,23,8,main_domain
train_002404,clean,clean,1,48,9,main_domain
train_002405,dropped_handoff,runaway_loop,0,75,10,main_domain
train_002406,clean,clean,1,28,7,main_domain
train_002407,goal_drift,conflict,0,55,12,compliance_audit
train_002408,clean,dropped_handoff,1,53,9,main_domain
train_002409,dropped_handoff,deadlock,1,56,9,main_domain
train_002410,duplicated_work,duplicated_work,1,43,10,main_domain
train_002411,conflict,conflict,1,34,6,compliance_audit
train_002412,duplicated_work,deadlock,0,32,1,compliance_audit
train_002413,dropped_handoff,clean,0,59,10,compliance_audit
train_002414,clean,clean,1,25,7,main_domain
train_002415,clean,clean,1,60,8,main_domain
train_002416,duplicated_work,duplicated_work,1,39,6,main_domain
train_002417,runaway_loop,runaway_loop,0,43,8,main_domain
train_002418,clean,clean,1,39,9,main_domain
train_002419,deadlock,deadlock,0,43,10,main_domain
train_002420,goal_drift,goal_drift,1,66,13,main_domain
train_002421,clean,dropped_handoff,0,48,8,main_domain
train_002422,goal_drift,goal_drift,0,51,13,main_domain
train_002423,goal_drift,goal_drift,1,32,8,main_domain
train_002424,deadlock,dropped_handoff,0,32,9,main_domain
train_002425,dropped_handoff,clean,1,80,10,main_domain
train_002426,deadlock,goal_drift,0,40,12,main_domain
train_002427,duplicated_work,duplicated_work,1,42,8,compliance_audit
train_002428,runaway_loop,runaway_loop,0,42,8,main_domain
train_002429,goal_drift,duplicated_work,1,38,11,main_domain
train_002430,clean,clean,1,57,1,compliance_audit
train_002431,clean,clean,1,38,1,main_domain
train_002432,clean,clean,1,44,8,main_domain
train_002433,clean,clean,0,48,10,main_domain
train_002434,conflict,conflict,0,42,6,compliance_audit
train_002435,runaway_loop,runaway_loop,0,79,10,compliance_audit
train_002436,duplicated_work,duplicated_work,1,46,10,main_domain
train_002437,clean,clean,1,50,8,main_domain
train_002438,goal_drift,goal_drift,0,46,12,main_domain
train_002439,dropped_handoff,dropped_handoff,0,41,1,main_domain
train_002440,clean,clean,1,20,1,main_domain
train_002441,dropped_handoff,dropped_handoff,0,36,8,main_domain
train_002442,conflict,conflict,1,33,5,main_domain
train_002443,duplicated_work,duplicated_work,1,23,3,main_domain
train_002444,runaway_loop,runaway_loop,0,62,9,main_domain
train_002445,clean,clean,1,32,8,compliance_audit
train_002446,deadlock,deadlock,0,36,7,main_domain
train_002447,clean,clean,0,30,1,compliance_audit
train_002448,goal_drift,goal_drift,0,54,11,compliance_audit
train_002449,runaway_loop,runaway_loop,0,35,5,main_domain
train_002450,goal_drift,goal_drift,0,37,11,main_domain
train_002451,duplicated_work,duplicated_work,1,47,9,compliance_audit
train_002452,clean,clean,1,36,8,main_domain
train_002453,runaway_loop,runaway_loop,0,57,8,main_domain
train_002454,goal_drift,goal_drift,0,44,14,main_domain
train_002455,clean,clean,1,75,10,main_domain
train_002456,goal_drift,goal_drift,0,20,9,compliance_audit
train_002457,clean,clean,1,20,4,main_domain
train_002458,duplicated_work,duplicated_work,0,60,9,main_domain
train_002459,goal_drift,runaway_loop,0,31,9,main_domain
train_002460,clean,clean,0,50,10,main_domain
train_002461,clean,clean,1,24,5,main_domain
train_002462,clean,clean,1,79,10,compliance_audit
train_002463,deadlock,goal_drift,0,67,13,main_domain
train_002464,clean,clean,1,46,10,main_domain
train_002465,goal_drift,goal_drift,0,40,13,main_domain
train_002466,conflict,conflict,1,72,10,main_domain
train_002467,conflict,conflict,0,35,6,main_domain
train_002468,goal_drift,goal_drift,0,41,11,main_domain
train_002469,clean,clean,1,20,5,main_domain
train_002470,clean,clean,1,42,7,compliance_audit
train_002471,goal_drift,goal_drift,0,24,8,main_domain
train_002472,goal_drift,goal_drift,0,26,9,main_domain
train_002473,runaway_loop,runaway_loop,1,49,9,main_domain
train_002474,duplicated_work,goal_drift,0,61,1,main_domain
train_002475,runaway_loop,runaway_loop,0,37,8,compliance_audit
train_002476,clean,clean,1,34,9,main_domain
train_002477,clean,deadlock,1,51,6,main_domain
train_002478,goal_drift,goal_drift,0,38,12,main_domain
train_002479,conflict,conflict,0,107,10,main_domain
train_002480,clean,clean,0,50,10,main_domain
train_002481,goal_drift,goal_drift,1,22,8,compliance_audit
train_002482,goal_drift,goal_drift,0,46,14,main_domain
train_002483,goal_drift,goal_drift,0,28,10,compliance_audit
train_002484,conflict,conflict,0,19,6,main_domain
train_002485,dropped_handoff,dropped_handoff,0,12,5,compliance_audit
train_002486,runaway_loop,runaway_loop,0,40,5,compliance_audit
train_002487,clean,clean,1,30,6,compliance_audit
train_002488,goal_drift,goal_drift,0,67,12,compliance_audit
train_002489,clean,clean,1,65,9,main_domain
train_002490,clean,clean,0,71,10,main_domain
train_002491,goal_drift,goal_drift,0,21,8,main_domain
train_002492,runaway_loop,goal_drift,0,41,12,main_domain
train_002493,duplicated_work,duplicated_work,1,30,6,main_domain
train_002494,dropped_handoff,conflict,0,16,5,main_domain
train_002495,goal_drift,goal_drift,0,53,1,main_domain
train_002496,conflict,conflict,1,54,8,main_domain
train_002497,duplicated_work,clean,1,43,7,main_domain
train_002498,goal_drift,goal_drift,0,70,14,main_domain
train_002499,clean,clean,1,41,9,main_domain
train_002500,clean,clean,1,33,8,main_domain
train_002501,clean,clean,1,45,1,main_domain
train_002502,duplicated_work,goal_drift,0,49,11,main_domain
train_002503,duplicated_work,duplicated_work,1,40,6,main_domain
train_002504,goal_drift,goal_drift,1,41,12,main_domain
train_002505,clean,clean,1,43,8,compliance_audit
train_002506,runaway_loop,conflict,0,74,9,main_domain
train_002507,deadlock,runaway_loop,0,43,7,main_domain
train_002508,clean,clean,0,24,6,main_domain
train_002509,clean,runaway_loop,0,29,7,main_domain
train_002510,runaway_loop,runaway_loop,1,28,1,main_domain
train_002511,runaway_loop,runaway_loop,1,48,1,main_domain
train_002512,conflict,conflict,1,87,10,main_domain
train_002513,duplicated_work,runaway_loop,0,99,9,main_domain
train_002514,duplicated_work,conflict,0,35,8,main_domain
train_002515,runaway_loop,dropped_handoff,0,56,10,compliance_audit
train_002516,dropped_handoff,dropped_handoff,0,38,1,compliance_audit
train_002517,duplicated_work,conflict,0,38,6,main_domain
train_002518,deadlock,conflict,0,39,8,main_domain
train_002519,duplicated_work,clean,1,20,5,compliance_audit
train_002520,clean,clean,1,30,7,main_domain
train_002521,clean,clean,1,57,10,main_domain
train_002522,goal_drift,goal_drift,0,58,12,main_domain
train_002523,duplicated_work,duplicated_work,1,59,8,compliance_audit
train_002524,duplicated_work,conflict,0,43,10,main_domain
train_002525,deadlock,deadlock,0,32,7,main_domain
train_002526,goal_drift,goal_drift,0,23,9,main_domain
train_002527,clean,clean,1,43,10,main_domain
train_002528,dropped_handoff,clean,0,34,9,compliance_audit
train_002529,clean,clean,1,48,10,main_domain
train_002530,duplicated_work,duplicated_work,1,42,9,compliance_audit
train_002531,goal_drift,goal_drift,0,44,1,main_domain
train_002532,conflict,conflict,0,36,8,main_domain
train_002533,runaway_loop,conflict,0,35,7,compliance_audit
train_002534,goal_drift,goal_drift,1,46,11,main_domain
train_002535,runaway_loop,runaway_loop,1,60,9,compliance_audit
train_002536,duplicated_work,conflict,1,58,8,main_domain
train_002537,conflict,conflict,0,96,10,main_domain
train_002538,deadlock,dropped_handoff,0,32,8,compliance_audit
train_002539,goal_drift,clean,0,60,1,main_domain
train_002540,runaway_loop,runaway_loop,1,66,10,main_domain
train_002541,goal_drift,goal_drift,0,36,9,compliance_audit
train_002542,goal_drift,goal_drift,0,15,8,main_domain
train_002543,clean,clean,1,112,10,compliance_audit
train_002544,clean,clean,1,50,1,main_domain
train_002545,clean,clean,1,29,7,main_domain
train_002546,clean,clean,1,42,8,main_domain
train_002547,clean,clean,1,30,7,compliance_audit
train_002548,dropped_handoff,clean,1,34,1,main_domain
train_002549,clean,clean,1,61,10,main_domain
train_002550,conflict,conflict,0,63,9,compliance_audit
train_002551,clean,deadlock,0,46,8,main_domain
train_002552,runaway_loop,runaway_loop,0,78,9,main_domain
train_002553,goal_drift,deadlock,0,26,9,main_domain
train_002554,clean,clean,0,41,9,main_domain
train_002555,clean,clean,1,55,10,main_domain
train_002556,clean,clean,1,31,7,main_domain
train_002557,runaway_loop,runaway_loop,0,72,10,main_domain
train_002558,runaway_loop,runaway_loop,1,50,1,main_domain
train_002559,runaway_loop,goal_drift,1,73,11,main_domain
train_002560,goal_drift,goal_drift,0,34,10,main_domain
train_002561,conflict,clean,0,35,7,main_domain
train_002562,clean,clean,1,44,9,main_domain
train_002563,dropped_handoff,dropped_handoff,0,24,5,compliance_audit
train_002564,conflict,conflict,1,33,1,main_domain
train_002565,conflict,conflict,0,65,10,main_domain
train_002566,clean,clean,1,31,8,main_domain
train_002567,goal_drift,goal_drift,0,26,9,main_domain
train_002568,dropped_handoff,clean,1,28,8,main_domain
train_002569,clean,clean,1,36,8,main_domain
train_002570,conflict,clean,1,49,9,main_domain
train_002571,duplicated_work,duplicated_work,1,38,7,main_domain
train_002572,clean,clean,0,36,1,main_domain
train_002573,clean,runaway_loop,0,57,8,main_domain
train_002574,goal_drift,goal_drift,0,41,13,main_domain
train_002575,clean,clean,1,40,7,main_domain
train_002576,clean,clean,1,32,7,main_domain
train_002577,conflict,runaway_loop,0,55,10,main_domain
train_002578,clean,clean,1,36,9,main_domain
train_002579,deadlock,runaway_loop,0,38,8,main_domain
train_002580,deadlock,deadlock,0,48,8,main_domain
train_002581,dropped_handoff,conflict,0,24,6,main_domain
train_002582,dropped_handoff,deadlock,0,81,9,main_domain
train_002583,dropped_handoff,duplicated_work,0,40,9,main_domain
train_002584,clean,clean,0,52,1,compliance_audit
train_002585,conflict,conflict,0,32,7,compliance_audit
train_002586,conflict,conflict,0,57,9,compliance_audit
train_002587,deadlock,deadlock,0,51,10,main_domain
train_002588,runaway_loop,runaway_loop,0,71,9,main_domain
train_002589,goal_drift,goal_drift,0,36,11,compliance_audit
train_002590,goal_drift,clean,0,36,10,compliance_audit
train_002591,clean,clean,1,36,1,main_domain
train_002592,clean,clean,1,33,7,compliance_audit
train_002593,conflict,conflict,0,23,5,main_domain
train_002594,dropped_handoff,clean,1,47,10,main_domain
train_002595,goal_drift,goal_drift,0,32,12,main_domain
train_002596,deadlock,deadlock,0,65,8,main_domain
train_002597,deadlock,deadlock,0,46,9,main_domain
train_002598,clean,clean,1,21,6,main_domain
train_002599,clean,runaway_loop,1,35,7,main_domain
train_002600,clean,clean,1,75,10,main_domain
train_002601,conflict,conflict,0,83,10,main_domain
train_002602,clean,runaway_loop,1,97,10,main_domain
train_002603,duplicated_work,duplicated_work,1,82,9,compliance_audit
train_002604,clean,clean,1,27,6,main_domain
train_002605,duplicated_work,duplicated_work,1,57,9,compliance_audit
train_002606,clean,clean,1,33,7,main_domain
train_002607,deadlock,dropped_handoff,0,54,10,main_domain
train_002608,runaway_loop,clean,0,42,1,main_domain
train_002609,clean,clean,1,62,10,compliance_audit
train_002610,conflict,conflict,0,32,6,main_domain
train_002611,clean,conflict,0,80,1,main_domain
train_002612,goal_drift,goal_drift,0,38,12,main_domain
train_002613,goal_drift,goal_drift,0,39,9,compliance_audit
train_002614,duplicated_work,clean,1,38,7,main_domain
train_002615,runaway_loop,runaway_loop,1,67,9,main_domain
train_002616,clean,clean,1,34,7,compliance_audit
train_002617,runaway_loop,runaway_loop,0,26,6,main_domain
train_002618,dropped_handoff,deadlock,0,41,1,main_domain
train_002619,clean,clean,1,74,10,main_domain
train_002620,clean,clean,1,38,8,main_domain
train_002621,deadlock,dropped_handoff,0,27,7,compliance_audit
train_002622,runaway_loop,deadlock,0,33,8,compliance_audit
train_002623,clean,dropped_handoff,0,33,9,main_domain
train_002624,conflict,conflict,0,85,10,compliance_audit
train_002625,clean,dropped_handoff,1,28,7,main_domain
train_002626,dropped_handoff,dropped_handoff,0,44,10,compliance_audit
train_002627,goal_drift,goal_drift,0,50,13,compliance_audit
train_002628,duplicated_work,duplicated_work,1,48,9,compliance_audit
train_002629,dropped_handoff,dropped_handoff,0,22,6,compliance_audit
train_002630,goal_drift,goal_drift,0,54,13,main_domain
train_002631,clean,clean,1,46,8,main_domain
train_002632,duplicated_work,duplicated_work,1,32,9,main_domain
train_002633,goal_drift,goal_drift,0,31,13,compliance_audit
train_002634,duplicated_work,duplicated_work,1,44,8,compliance_audit
train_002635,conflict,conflict,0,52,10,main_domain
train_002636,clean,clean,1,30,7,main_domain
train_002637,runaway_loop,runaway_loop,0,46,8,main_domain
train_002638,conflict,conflict,1,62,10,main_domain
train_002639,clean,clean,1,36,9,compliance_audit
train_002640,conflict,conflict,0,21,6,main_domain
train_002641,goal_drift,goal_drift,1,39,13,main_domain
train_002642,clean,clean,1,23,5,main_domain
train_002643,goal_drift,goal_drift,0,30,11,main_domain
train_002644,clean,clean,1,82,9,main_domain
train_002645,dropped_handoff,dropped_handoff,0,18,7,main_domain
train_002646,goal_drift,goal_drift,0,41,12,compliance_audit
train_002647,clean,clean,1,27,8,compliance_audit
train_002648,duplicated_work,duplicated_work,1,43,7,compliance_audit
train_002649,dropped_handoff,clean,1,66,10,compliance_audit
train_002650,deadlock,deadlock,0,46,10,main_domain
train_002651,runaway_loop,runaway_loop,0,62,8,main_domain
train_002652,goal_drift,goal_drift,0,76,14,main_domain
train_002653,dropped_handoff,clean,1,67,9,main_domain
train_002654,duplicated_work,duplicated_work,1,24,5,main_domain
train_002655,clean,deadlock,1,48,8,compliance_audit
train_002656,clean,clean,1,38,8,main_domain
train_002657,clean,clean,1,29,7,main_domain
train_002658,clean,deadlock,1,50,9,main_domain
train_002659,clean,clean,0,34,8,main_domain
train_002660,clean,clean,1,29,5,main_domain
train_002661,clean,clean,1,72,9,main_domain
train_002662,conflict,conflict,0,53,9,compliance_audit
train_002663,conflict,conflict,1,54,10,main_domain
train_002664,goal_drift,runaway_loop,1,61,1,main_domain
train_002665,dropped_handoff,clean,0,43,1,main_domain
train_002666,conflict,dropped_handoff,1,37,7,main_domain
train_002667,clean,clean,1,15,5,main_domain
train_002668,dropped_handoff,deadlock,0,49,1,main_domain
train_002669,deadlock,deadlock,0,43,9,main_domain
train_002670,duplicated_work,clean,1,45,8,main_domain
train_002671,runaway_loop,conflict,0,95,1,main_domain
train_002672,runaway_loop,runaway_loop,0,20,7,main_domain
train_002673,clean,clean,1,30,7,main_domain
train_002674,goal_drift,goal_drift,0,47,14,main_domain
train_002675,conflict,conflict,1,45,10,main_domain
train_002676,runaway_loop,runaway_loop,1,66,9,main_domain
train_002677,runaway_loop,runaway_loop,0,27,4,compliance_audit
train_002678,clean,clean,1,28,7,main_domain
train_002679,runaway_loop,runaway_loop,1,72,1,main_domain
train_002680,clean,clean,1,34,1,main_domain
train_002681,goal_drift,goal_drift,0,42,13,main_domain
train_002682,runaway_loop,runaway_loop,0,47,9,compliance_audit
train_002683,runaway_loop,runaway_loop,0,45,1,main_domain
train_002684,clean,clean,0,42,10,compliance_audit
train_002685,dropped_handoff,dropped_handoff,1,38,8,compliance_audit
train_002686,runaway_loop,runaway_loop,0,61,10,main_domain
train_002687,duplicated_work,clean,1,38,7,main_domain
train_002688,clean,clean,1,41,7,main_domain
train_002689,duplicated_work,duplicated_work,0,23,6,main_domain
train_002690,clean,clean,1,19,5,main_domain
train_002691,conflict,conflict,0,49,10,main_domain
train_002692,clean,clean,0,13,4,main_domain
train_002693,dropped_handoff,dropped_handoff,1,34,1,main_domain
train_002694,duplicated_work,clean,1,63,10,compliance_audit
train_002695,goal_drift,goal_drift,0,15,8,main_domain
train_002696,deadlock,deadlock,0,49,9,compliance_audit
train_002697,conflict,conflict,1,67,9,main_domain
train_002698,duplicated_work,duplicated_work,1,72,10,main_domain
train_002699,runaway_loop,goal_drift,0,44,13,main_domain
train_002700,dropped_handoff,dropped_handoff,0,50,9,main_domain
train_002701,goal_drift,goal_drift,1,118,14,main_domain
train_002702,clean,clean,1,32,1,main_domain
train_002703,deadlock,dropped_handoff,0,54,9,compliance_audit
train_002704,goal_drift,goal_drift,1,64,13,compliance_audit
train_002705,deadlock,clean,0,37,1,main_domain
train_002706,clean,clean,1,34,7,main_domain
train_002707,clean,clean,1,60,10,main_domain
train_002708,clean,clean,0,56,9,main_domain
train_002709,conflict,conflict,0,38,8,main_domain
train_002710,deadlock,deadlock,0,47,9,main_domain
train_002711,conflict,conflict,1,47,9,compliance_audit
train_002712,duplicated_work,runaway_loop,1,52,6,main_domain
train_002713,goal_drift,goal_drift,1,56,14,main_domain
train_002714,duplicated_work,clean,1,58,10,main_domain
train_002715,runaway_loop,deadlock,0,49,9,main_domain
train_002716,conflict,conflict,0,35,11,main_domain
train_002717,dropped_handoff,dropped_handoff,1,20,5,compliance_audit
train_002718,clean,clean,1,68,10,main_domain
train_002719,duplicated_work,duplicated_work,0,32,8,main_domain
train_002720,conflict,runaway_loop,0,28,5,compliance_audit
train_002721,goal_drift,goal_drift,0,25,7,main_domain
train_002722,goal_drift,goal_drift,0,44,12,main_domain
train_002723,clean,clean,1,23,6,compliance_audit
train_002724,clean,clean,1,28,1,main_domain
train_002725,dropped_handoff,clean,0,60,9,main_domain
train_002726,clean,clean,1,76,10,main_domain
train_002727,deadlock,deadlock,0,28,1,main_domain
train_002728,clean,clean,1,55,10,compliance_audit
train_002729,clean,clean,1,37,8,main_domain
train_002730,duplicated_work,conflict,0,43,9,main_domain
train_002731,conflict,conflict,1,31,7,main_domain
train_002732,runaway_loop,runaway_loop,0,37,6,main_domain
train_002733,runaway_loop,deadlock,0,68,7,main_domain
train_002734,deadlock,deadlock,0,31,7,compliance_audit
train_002735,clean,clean,0,35,7,main_domain
train_002736,conflict,conflict,0,25,6,main_domain
train_002737,dropped_handoff,dropped_handoff,0,40,10,main_domain
train_002738,runaway_loop,clean,1,45,10,main_domain
train_002739,clean,clean,1,30,7,main_domain
train_002740,dropped_handoff,runaway_loop,0,34,5,main_domain
train_002741,conflict,runaway_loop,1,42,1,main_domain
train_002742,clean,clean,1,32,7,main_domain
train_002743,conflict,conflict,1,53,1,main_domain
train_002744,duplicated_work,clean,1,38,6,main_domain
train_002745,clean,clean,1,35,7,main_domain
train_002746,conflict,conflict,1,77,10,main_domain
train_002747,dropped_handoff,clean,1,33,8,main_domain
train_002748,conflict,conflict,1,35,7,compliance_audit
train_002749,goal_drift,deadlock,1,33,10,main_domain
train_002750,conflict,conflict,1,38,5,compliance_audit
train_002751,conflict,conflict,0,20,6,compliance_audit
train_002752,dropped_handoff,dropped_handoff,0,23,7,compliance_audit
train_002753,clean,deadlock,0,33,8,main_domain
train_002754,clean,deadlock,0,36,8,main_domain
train_002755,runaway_loop,runaway_loop,0,46,8,main_domain
train_002756,goal_drift,clean,0,48,1,main_domain
train_002757,dropped_handoff,deadlock,0,96,10,main_domain
train_002758,clean,clean,1,45,8,main_domain
train_002759,conflict,conflict,0,32,6,main_domain
train_002760,clean,clean,1,55,10,main_domain
train_002761,goal_drift,goal_drift,0,19,9,main_domain
train_002762,duplicated_work,clean,1,33,1,main_domain
train_002763,conflict,conflict,1,42,1,main_domain
train_002764,runaway_loop,runaway_loop,0,57,9,compliance_audit
train_002765,conflict,conflict,0,42,10,main_domain
train_002766,runaway_loop,runaway_loop,1,66,9,main_domain
train_002767,goal_drift,goal_drift,0,47,13,main_domain
train_002768,clean,clean,1,35,1,main_domain
train_002769,clean,clean,1,43,1,main_domain
train_002770,duplicated_work,clean,1,26,4,main_domain
train_002771,clean,clean,1,26,1,main_domain
train_002772,runaway_loop,conflict,0,60,9,main_domain
train_002773,goal_drift,goal_drift,0,49,14,main_domain
train_002774,clean,clean,0,46,1,main_domain
train_002775,dropped_handoff,clean,0,39,10,compliance_audit
train_002776,duplicated_work,duplicated_work,1,50,10,main_domain
train_002777,dropped_handoff,clean,1,61,10,main_domain
train_002778,conflict,conflict,1,50,10,compliance_audit
train_002779,goal_drift,conflict,1,69,1,compliance_audit
train_002780,dropped_handoff,dropped_handoff,0,29,8,main_domain
train_002781,deadlock,deadlock,0,16,5,main_domain
train_002782,runaway_loop,runaway_loop,1,48,9,main_domain
train_002783,duplicated_work,duplicated_work,1,91,10,compliance_audit
train_002784,clean,clean,1,31,9,compliance_audit
train_002785,clean,clean,1,55,10,compliance_audit
train_002786,clean,clean,0,84,10,compliance_audit
train_002787,dropped_handoff,deadlock,1,77,10,compliance_audit
train_002788,clean,clean,1,70,8,main_domain
train_002789,duplicated_work,duplicated_work,1,40,7,compliance_audit
train_002790,dropped_handoff,dropped_handoff,0,39,9,main_domain
train_002791,goal_drift,goal_drift,0,62,13,compliance_audit
train_002792,clean,clean,1,16,5,main_domain
train_002793,goal_drift,goal_drift,0,25,9,main_domain
train_002794,dropped_handoff,dropped_handoff,1,41,7,main_domain
train_002795,clean,deadlock,0,31,6,compliance_audit
train_002796,clean,clean,1,43,8,compliance_audit
train_002797,duplicated_work,duplicated_work,1,29,6,compliance_audit
train_002798,runaway_loop,runaway_loop,0,46,10,main_domain
train_002799,clean,clean,1,80,10,main_domain
train_002800,dropped_handoff,clean,1,56,10,main_domain
train_002801,dropped_handoff,dropped_handoff,0,33,9,main_domain
train_002802,dropped_handoff,dropped_handoff,0,47,10,main_domain
train_002803,conflict,conflict,0,71,9,main_domain
train_002804,conflict,conflict,1,48,9,main_domain
train_002805,clean,clean,1,68,9,main_domain
train_002806,duplicated_work,duplicated_work,1,34,1,main_domain
train_002807,runaway_loop,runaway_loop,0,99,9,main_domain
train_002808,deadlock,deadlock,0,29,6,main_domain
train_002809,clean,clean,1,47,10,main_domain
train_002810,dropped_handoff,dropped_handoff,0,56,8,main_domain
train_002811,conflict,conflict,1,48,7,compliance_audit
train_002812,runaway_loop,runaway_loop,0,38,7,main_domain
train_002813,clean,runaway_loop,0,54,9,main_domain
train_002814,goal_drift,goal_drift,0,40,12,compliance_audit
train_002815,conflict,goal_drift,0,31,10,main_domain
train_002816,clean,clean,1,28,7,main_domain
train_002817,deadlock,runaway_loop,0,36,6,main_domain
train_002818,dropped_handoff,runaway_loop,0,73,1,main_domain
train_002819,goal_drift,goal_drift,0,21,9,main_domain
train_002820,goal_drift,goal_drift,1,18,8,main_domain
train_002821,conflict,conflict,0,77,1,compliance_audit
train_002822,dropped_handoff,dropped_handoff,0,76,9,main_domain
train_002823,clean,clean,1,35,7,main_domain
train_002824,duplicated_work,duplicated_work,1,34,9,compliance_audit
train_002825,clean,clean,1,30,6,compliance_audit
train_002826,clean,clean,1,13,3,main_domain
train_002827,dropped_handoff,dropped_handoff,0,81,10,compliance_audit
train_002828,duplicated_work,duplicated_work,1,53,1,main_domain
train_002829,deadlock,clean,1,31,1,main_domain
train_002830,conflict,conflict,0,68,10,compliance_audit
train_002831,clean,clean,1,51,9,main_domain
train_002832,runaway_loop,runaway_loop,1,65,10,compliance_audit
train_002833,clean,clean,1,42,10,main_domain
train_002834,conflict,conflict,1,73,10,compliance_audit
train_002835,dropped_handoff,deadlock,0,37,9,compliance_audit
train_002836,clean,clean,1,12,3,main_domain
train_002837,dropped_handoff,dropped_handoff,0,27,8,compliance_audit
train_002838,runaway_loop,runaway_loop,0,46,10,main_domain
train_002839,deadlock,clean,1,52,1,main_domain
train_002840,goal_drift,goal_drift,0,43,10,main_domain
train_002841,clean,clean,1,64,1,main_domain
train_002842,conflict,conflict,1,56,1,main_domain
train_002843,conflict,dropped_handoff,0,27,8,compliance_audit
train_002844,runaway_loop,clean,1,44,6,main_domain
train_002845,runaway_loop,runaway_loop,0,27,4,main_domain
train_002846,clean,clean,1,44,10,main_domain
train_002847,clean,clean,1,11,1,main_domain
train_002848,clean,clean,1,30,8,main_domain
train_002849,clean,clean,1,31,8,main_domain
train_002850,goal_drift,goal_drift,0,24,9,main_domain
train_002851,runaway_loop,runaway_loop,0,45,10,main_domain
train_002852,conflict,conflict,0,54,9,main_domain
train_002853,duplicated_work,duplicated_work,1,50,8,main_domain
train_002854,clean,clean,1,78,10,main_domain
train_002855,clean,clean,1,40,10,main_domain
train_002856,runaway_loop,deadlock,0,27,9,compliance_audit
train_002857,duplicated_work,runaway_loop,0,55,1,main_domain
train_002858,conflict,conflict,0,35,1,main_domain
train_002859,clean,clean,1,49,1,main_domain
train_002860,clean,clean,1,32,8,compliance_audit
train_002861,clean,clean,1,45,1,main_domain
train_002862,dropped_handoff,conflict,0,57,9,main_domain
train_002863,dropped_handoff,dropped_handoff,0,27,8,main_domain
train_002864,runaway_loop,runaway_loop,0,46,8,main_domain
train_002865,clean,clean,1,58,8,main_domain
train_002866,deadlock,deadlock,0,29,1,compliance_audit
train_002867,dropped_handoff,deadlock,0,15,5,compliance_audit
train_002868,goal_drift,goal_drift,0,16,8,main_domain
train_002869,goal_drift,goal_drift,0,24,8,main_domain
train_002870,deadlock,deadlock,1,37,1,main_domain
train_002871,deadlock,deadlock,0,38,8,compliance_audit
train_002872,dropped_handoff,dropped_handoff,0,57,1,main_domain
train_002873,clean,clean,1,30,6,main_domain
train_002874,clean,clean,1,15,3,main_domain
train_002875,duplicated_work,clean,1,37,8,compliance_audit
train_002876,duplicated_work,duplicated_work,1,29,6,compliance_audit
train_002877,deadlock,deadlock,0,28,7,main_domain
train_002878,duplicated_work,duplicated_work,1,48,8,main_domain
train_002879,conflict,conflict,1,51,8,main_domain
train_002880,conflict,conflict,0,35,7,compliance_audit
train_002881,clean,clean,1,53,9,main_domain
train_002882,clean,clean,1,53,10,main_domain
train_002883,dropped_handoff,clean,0,30,1,main_domain
train_002884,clean,runaway_loop,0,42,8,main_domain
train_002885,conflict,conflict,1,33,6,compliance_audit
train_002886,duplicated_work,clean,1,46,7,main_domain
train_002887,clean,clean,1,27,5,compliance_audit
train_002888,conflict,conflict,1,100,10,compliance_audit
train_002889,clean,clean,1,48,8,main_domain
train_002890,dropped_handoff,deadlock,0,27,1,main_domain
train_002891,dropped_handoff,runaway_loop,0,28,5,main_domain
train_002892,duplicated_work,duplicated_work,1,57,8,compliance_audit
train_002893,clean,clean,1,64,1,main_domain
train_002894,conflict,conflict,0,35,9,main_domain
train_002895,dropped_handoff,deadlock,0,30,7,main_domain
train_002896,runaway_loop,runaway_loop,1,31,7,main_domain
train_002897,goal_drift,goal_drift,0,36,13,main_domain
train_002898,conflict,runaway_loop,0,41,9,compliance_audit
train_002899,conflict,conflict,0,43,7,main_domain
train_002900,clean,clean,1,79,1,main_domain
train_002901,goal_drift,runaway_loop,0,54,11,compliance_audit
train_002902,clean,clean,1,17,5,main_domain
train_002903,deadlock,deadlock,0,43,8,main_domain
train_002904,clean,clean,1,28,8,main_domain
train_002905,duplicated_work,runaway_loop,1,56,1,main_domain
train_002906,conflict,conflict,0,80,9,main_domain
train_002907,duplicated_work,duplicated_work,0,35,8,main_domain
train_002908,clean,clean,0,51,8,main_domain
train_002909,runaway_loop,clean,1,72,10,main_domain
train_002910,goal_drift,goal_drift,0,16,8,main_domain
train_002911,clean,runaway_loop,1,19,5,main_domain
train_002912,clean,clean,1,40,7,compliance_audit
train_002913,conflict,conflict,1,41,5,compliance_audit
train_002914,dropped_handoff,dropped_handoff,1,24,6,main_domain
train_002915,deadlock,deadlock,0,20,4,main_domain
train_002916,clean,clean,0,46,7,compliance_audit
train_002917,duplicated_work,clean,1,47,10,main_domain
train_002918,conflict,conflict,0,33,7,main_domain
train_002919,duplicated_work,duplicated_work,1,49,9,main_domain
train_002920,conflict,conflict,0,62,10,compliance_audit
train_002921,duplicated_work,duplicated_work,1,83,12,main_domain
train_002922,duplicated_work,clean,1,40,1,main_domain
train_002923,conflict,clean,1,37,9,compliance_audit
train_002924,runaway_loop,runaway_loop,0,28,6,main_domain
train_002925,runaway_loop,deadlock,0,73,10,main_domain
train_002926,goal_drift,goal_drift,0,55,14,compliance_audit
train_002927,conflict,conflict,0,58,1,main_domain
train_002928,conflict,conflict,0,39,9,main_domain
train_002929,conflict,runaway_loop,0,68,9,main_domain
train_002930,goal_drift,goal_drift,0,44,13,main_domain
train_002931,duplicated_work,duplicated_work,1,58,8,main_domain
train_002932,duplicated_work,duplicated_work,1,49,9,main_domain
train_002933,goal_drift,goal_drift,0,36,10,main_domain
train_002934,clean,clean,1,38,9,main_domain
train_002935,dropped_handoff,clean,1,16,4,main_domain
train_002936,clean,clean,1,34,8,main_domain
train_002937,dropped_handoff,goal_drift,1,63,14,main_domain
train_002938,dropped_handoff,clean,1,26,5,main_domain
train_002939,deadlock,deadlock,0,50,1,main_domain
train_002940,clean,deadlock,0,30,5,main_domain
train_002941,duplicated_work,clean,1,65,8,main_domain
train_002942,duplicated_work,duplicated_work,1,49,1,main_domain
train_002943,runaway_loop,runaway_loop,1,55,10,main_domain
train_002944,duplicated_work,duplicated_work,1,49,10,main_domain
train_002945,dropped_handoff,clean,1,52,10,main_domain
train_002946,dropped_handoff,clean,0,58,10,compliance_audit
train_002947,deadlock,deadlock,0,54,10,main_domain
train_002948,duplicated_work,conflict,1,62,8,main_domain
train_002949,duplicated_work,duplicated_work,1,50,7,main_domain
train_002950,clean,clean,1,62,9,main_domain
train_002951,runaway_loop,runaway_loop,0,69,10,compliance_audit
train_002952,clean,clean,1,69,10,main_domain
train_002953,runaway_loop,runaway_loop,0,66,1,main_domain
train_002954,deadlock,clean,0,104,10,main_domain
train_002955,deadlock,deadlock,0,71,9,main_domain
train_002956,conflict,conflict,1,39,7,compliance_audit
train_002957,runaway_loop,runaway_loop,1,30,7,main_domain
train_002958,dropped_handoff,dropped_handoff,1,68,9,main_domain
train_002959,conflict,runaway_loop,0,52,9,main_domain
train_002960,goal_drift,goal_drift,0,26,9,main_domain
train_002961,clean,clean,0,52,10,main_domain
train_002962,deadlock,deadlock,0,47,8,main_domain
train_002963,clean,clean,1,56,9,compliance_audit
train_002964,goal_drift,goal_drift,0,46,10,main_domain
train_002965,conflict,conflict,1,24,6,main_domain
train_002966,conflict,conflict,1,66,1,compliance_audit
train_002967,duplicated_work,duplicated_work,1,42,8,main_domain
train_002968,clean,clean,1,23,6,compliance_audit
train_002969,duplicated_work,duplicated_work,1,63,10,main_domain
train_002970,clean,clean,1,47,1,main_domain
train_002971,goal_drift,goal_drift,0,35,11,main_domain
train_002972,clean,clean,1,97,1,compliance_audit
train_002973,duplicated_work,duplicated_work,1,59,10,main_domain
train_002974,goal_drift,goal_drift,0,73,14,main_domain
train_002975,clean,clean,1,37,9,main_domain
train_002976,runaway_loop,runaway_loop,0,44,1,main_domain
train_002977,runaway_loop,runaway_loop,0,56,9,compliance_audit
train_002978,deadlock,deadlock,0,21,9,main_domain
train_002979,conflict,conflict,0,23,1,main_domain
train_002980,dropped_handoff,dropped_handoff,0,27,6,main_domain
train_002981,clean,clean,1,45,9,compliance_audit
train_002982,deadlock,runaway_loop,0,25,6,main_domain
train_002983,runaway_loop,runaway_loop,0,52,9,main_domain
train_002984,goal_drift,goal_drift,0,38,11,main_domain
train_002985,clean,clean,1,42,6,main_domain
train_002986,clean,clean,1,29,6,main_domain
train_002987,runaway_loop,clean,1,57,9,main_domain
train_002988,dropped_handoff,duplicated_work,1,52,8,main_domain
train_002989,dropped_handoff,dropped_handoff,0,31,8,main_domain
train_002990,runaway_loop,duplicated_work,1,70,10,main_domain
train_002991,conflict,conflict,1,46,7,main_domain
train_002992,deadlock,deadlock,0,19,4,compliance_audit
train_002993,clean,clean,1,55,9,compliance_audit
train_002994,deadlock,deadlock,0,27,8,main_domain
train_002995,deadlock,deadlock,1,21,1,main_domain
train_002996,clean,clean,1,49,9,main_domain
train_002997,dropped_handoff,dropped_handoff,0,18,6,main_domain
train_002998,clean,clean,1,54,9,main_domain
train_002999,duplicated_work,duplicated_work,1,48,8,compliance_audit
train_003000,clean,clean,1,26,6,compliance_audit
train_003001,runaway_loop,runaway_loop,0,50,9,main_domain
train_003002,conflict,conflict,1,53,9,main_domain
train_003003,clean,clean,1,36,9,main_domain
train_003004,goal_drift,goal_drift,0,42,12,compliance_audit
train_003005,clean,clean,1,23,6,main_domain
train_003006,runaway_loop,runaway_loop,1,42,1,compliance_audit
train_003007,deadlock,deadlock,0,26,6,main_domain
train_003008,clean,clean,1,59,9,compliance_audit
train_003009,clean,clean,1,32,6,main_domain
train_003010,conflict,conflict,0,48,8,main_domain
train_003011,goal_drift,goal_drift,0,27,10,main_domain
train_003012,dropped_handoff,deadlock,0,17,1,main_domain
train_003013,clean,clean,0,43,10,main_domain
train_003014,goal_drift,goal_drift,0,28,11,main_domain
train_003015,deadlock,deadlock,0,58,10,compliance_audit
train_003016,runaway_loop,runaway_loop,0,33,7,main_domain
train_003017,deadlock,deadlock,0,15,5,main_domain
train_003018,conflict,deadlock,0,33,6,main_domain
train_003019,clean,clean,1,34,6,compliance_audit
train_003020,runaway_loop,runaway_loop,0,29,1,main_domain
train_003021,dropped_handoff,clean,0,32,8,compliance_audit
train_003022,conflict,dropped_handoff,0,34,6,compliance_audit
train_003023,duplicated_work,duplicated_work,1,50,8,main_domain
train_003024,conflict,conflict,0,42,8,main_domain
train_003025,clean,clean,1,57,10,compliance_audit
train_003026,duplicated_work,duplicated_work,1,55,8,main_domain
train_003027,deadlock,deadlock,0,32,7,main_domain
train_003028,clean,clean,1,58,10,main_domain
train_003029,clean,clean,1,55,9,main_domain
train_003030,dropped_handoff,runaway_loop,0,40,1,main_domain
train_003031,runaway_loop,runaway_loop,1,69,9,main_domain
train_003032,duplicated_work,duplicated_work,1,37,1,main_domain
train_003033,runaway_loop,runaway_loop,0,56,9,main_domain
train_003034,deadlock,goal_drift,0,60,12,main_domain
train_003035,clean,clean,1,23,5,compliance_audit
train_003036,runaway_loop,goal_drift,0,44,12,compliance_audit
train_003037,clean,clean,1,57,10,compliance_audit
train_003038,runaway_loop,clean,1,30,5,main_domain
train_003039,clean,deadlock,0,63,10,main_domain
train_003040,conflict,conflict,1,40,1,main_domain
train_003041,runaway_loop,clean,1,47,6,main_domain
train_003042,clean,clean,1,60,9,compliance_audit
train_003043,duplicated_work,duplicated_work,1,54,7,main_domain
train_003044,goal_drift,goal_drift,0,56,12,main_domain
train_003045,deadlock,deadlock,0,21,6,main_domain
train_003046,goal_drift,goal_drift,0,47,12,main_domain
train_003047,duplicated_work,duplicated_work,1,19,4,main_domain
train_003048,dropped_handoff,dropped_handoff,0,50,10,compliance_audit
train_003049,deadlock,goal_drift,0,50,12,main_domain
train_003050,duplicated_work,clean,1,62,9,main_domain
train_003051,clean,clean,1,16,6,main_domain
train_003052,dropped_handoff,clean,0,34,7,main_domain
train_003053,clean,clean,1,54,8,main_domain
train_003054,runaway_loop,duplicated_work,1,77,9,main_domain
train_003055,duplicated_work,clean,1,21,5,compliance_audit
train_003056,deadlock,deadlock,0,21,4,main_domain
train_003057,duplicated_work,clean,0,89,10,main_domain
train_003058,duplicated_work,runaway_loop,1,127,10,main_domain
train_003059,duplicated_work,duplicated_work,1,53,10,main_domain
train_003060,runaway_loop,runaway_loop,0,36,7,main_domain
train_003061,clean,clean,1,62,10,main_domain
train_003062,conflict,runaway_loop,1,105,7,main_domain
train_003063,runaway_loop,runaway_loop,0,40,8,main_domain
train_003064,deadlock,deadlock,0,18,5,compliance_audit
train_003065,goal_drift,runaway_loop,0,40,10,main_domain
train_003066,clean,clean,1,65,1,main_domain
train_003067,goal_drift,goal_drift,1,59,13,main_domain
train_003068,dropped_handoff,clean,1,70,1,compliance_audit
train_003069,runaway_loop,runaway_loop,0,63,1,main_domain
train_003070,duplicated_work,clean,1,55,1,main_domain
train_003071,runaway_loop,conflict,1,73,1,main_domain
train_003072,conflict,conflict,1,66,9,main_domain
train_003073,clean,clean,1,30,8,main_domain
train_003074,clean,clean,1,48,9,main_domain
train_003075,dropped_handoff,dropped_handoff,0,40,8,compliance_audit
train_003076,dropped_handoff,dropped_handoff,0,36,10,compliance_audit
train_003077,clean,clean,1,21,6,main_domain
train_003078,conflict,conflict,0,17,4,main_domain
train_003079,duplicated_work,duplicated_work,1,58,10,main_domain
train_003080,runaway_loop,clean,1,20,6,main_domain
train_003081,deadlock,deadlock,0,39,6,main_domain
train_003082,goal_drift,goal_drift,0,58,11,main_domain
train_003083,dropped_handoff,dropped_handoff,0,62,8,compliance_audit
train_003084,conflict,conflict,0,44,10,main_domain
train_003085,deadlock,clean,1,44,9,main_domain
train_003086,clean,clean,1,39,9,main_domain
train_003087,goal_drift,clean,1,39,9,main_domain
train_003088,runaway_loop,runaway_loop,1,66,10,main_domain
train_003089,duplicated_work,duplicated_work,1,60,9,compliance_audit
train_003090,clean,clean,0,42,9,main_domain
train_003091,runaway_loop,runaway_loop,0,61,1,main_domain
train_003092,conflict,conflict,1,58,9,main_domain
train_003093,deadlock,goal_drift,0,46,11,main_domain
train_003094,goal_drift,goal_drift,0,23,11,main_domain
train_003095,goal_drift,goal_drift,0,54,12,main_domain
train_003096,clean,clean,1,47,9,compliance_audit
train_003097,dropped_handoff,runaway_loop,0,76,10,main_domain
train_003098,duplicated_work,clean,1,22,6,main_domain
train_003099,conflict,conflict,0,67,1,main_domain
train_003100,conflict,conflict,0,28,6,main_domain
train_003101,conflict,runaway_loop,0,84,10,compliance_audit
train_003102,dropped_handoff,conflict,1,59,9,main_domain
train_003103,goal_drift,goal_drift,0,37,10,main_domain
train_003104,goal_drift,goal_drift,0,49,11,main_domain
train_003105,runaway_loop,runaway_loop,1,62,9,compliance_audit
train_003106,clean,clean,1,57,9,main_domain
train_003107,dropped_handoff,clean,0,56,1,compliance_audit
train_003108,clean,clean,1,36,8,compliance_audit
train_003109,conflict,conflict,1,43,8,compliance_audit
train_003110,conflict,conflict,0,41,7,main_domain
train_003111,dropped_handoff,dropped_handoff,0,26,1,main_domain
train_003112,duplicated_work,duplicated_work,1,53,10,compliance_audit
train_003113,clean,clean,1,34,1,main_domain
train_003114,goal_drift,deadlock,1,48,1,main_domain
train_003115,clean,clean,1,29,7,main_domain
train_003116,duplicated_work,duplicated_work,0,45,9,compliance_audit
train_003117,clean,clean,1,23,1,compliance_audit
train_003118,deadlock,deadlock,0,46,9,main_domain
train_003119,goal_drift,goal_drift,0,58,14,main_domain
train_003120,dropped_handoff,dropped_handoff,0,61,10,main_domain
train_003121,clean,clean,1,42,10,main_domain
train_003122,dropped_handoff,goal_drift,0,40,12,compliance_audit
train_003123,clean,clean,1,38,9,main_domain
train_003124,dropped_handoff,conflict,0,65,10,main_domain
train_003125,duplicated_work,duplicated_work,1,59,10,main_domain
train_003126,deadlock,clean,1,49,9,main_domain
train_003127,clean,clean,1,67,1,main_domain
train_003128,conflict,conflict,1,38,7,compliance_audit
train_003129,clean,deadlock,0,31,1,main_domain
train_003130,deadlock,deadlock,0,60,10,main_domain
train_003131,dropped_handoff,deadlock,0,75,10,main_domain
train_003132,goal_drift,goal_drift,0,37,12,main_domain
train_003133,clean,duplicated_work,0,33,8,main_domain
train_003134,deadlock,deadlock,0,41,7,main_domain
train_003135,clean,clean,0,25,8,main_domain
train_003136,runaway_loop,runaway_loop,0,51,8,main_domain
train_003137,duplicated_work,duplicated_work,1,36,1,main_domain
train_003138,duplicated_work,goal_drift,0,24,8,main_domain
train_003139,runaway_loop,runaway_loop,0,48,9,main_domain
train_003140,clean,clean,1,26,5,main_domain
train_003141,duplicated_work,deadlock,0,58,9,main_domain
train_003142,goal_drift,goal_drift,0,50,13,main_domain
train_003143,goal_drift,goal_drift,0,34,11,main_domain
train_003144,clean,clean,1,32,8,main_domain
train_003145,clean,goal_drift,0,34,1,main_domain
train_003146,duplicated_work,duplicated_work,1,24,6,compliance_audit
train_003147,runaway_loop,conflict,1,80,10,main_domain
train_003148,duplicated_work,deadlock,0,39,1,main_domain
train_003149,clean,dropped_handoff,1,40,6,main_domain
train_003150,goal_drift,goal_drift,0,37,10,compliance_audit
train_003151,conflict,conflict,0,19,6,compliance_audit
train_003152,goal_drift,goal_drift,0,30,10,main_domain
train_003153,duplicated_work,clean,1,43,8,main_domain
train_003154,deadlock,deadlock,0,35,6,main_domain
train_003155,runaway_loop,runaway_loop,0,65,10,main_domain
train_003156,runaway_loop,runaway_loop,0,32,7,main_domain
train_003157,duplicated_work,duplicated_work,1,58,10,main_domain
train_003158,clean,clean,0,54,9,main_domain
train_003159,clean,clean,1,26,6,main_domain
train_003160,conflict,conflict,0,19,5,main_domain
train_003161,duplicated_work,duplicated_work,0,33,6,main_domain
train_003162,clean,clean,1,29,7,main_domain
train_003163,clean,clean,1,30,6,compliance_audit
train_003164,clean,clean,1,37,8,main_domain
train_003165,deadlock,deadlock,0,48,8,main_domain
train_003166,clean,clean,1,33,7,main_domain
train_003167,goal_drift,goal_drift,0,57,11,main_domain
train_003168,clean,clean,1,33,7,main_domain
train_003169,clean,clean,1,52,9,main_domain
train_003170,runaway_loop,clean,0,47,10,main_domain
train_003171,clean,clean,1,25,6,compliance_audit
train_003172,runaway_loop,clean,0,32,8,main_domain
train_003173,conflict,conflict,0,16,5,main_domain
train_003174,runaway_loop,runaway_loop,0,34,4,compliance_audit
train_003175,runaway_loop,runaway_loop,0,65,1,main_domain
train_003176,clean,dropped_handoff,0,87,10,main_domain
train_003177,goal_drift,goal_drift,0,19,8,main_domain
train_003178,conflict,conflict,1,29,6,main_domain
train_003179,duplicated_work,duplicated_work,1,71,1,main_domain
train_003180,goal_drift,goal_drift,0,44,11,main_domain
train_003181,duplicated_work,duplicated_work,1,65,10,main_domain
train_003182,clean,clean,1,30,1,main_domain
train_003183,duplicated_work,clean,0,56,9,main_domain
train_003184,clean,clean,1,28,5,main_domain
train_003185,clean,clean,1,79,10,main_domain
train_003186,dropped_handoff,dropped_handoff,0,40,1,main_domain
train_003187,conflict,conflict,0,55,10,main_domain
train_003188,dropped_handoff,dropped_handoff,0,24,7,main_domain
train_003189,clean,clean,1,55,10,main_domain
train_003190,runaway_loop,conflict,0,50,10,main_domain
train_003191,clean,clean,1,47,8,main_domain
train_003192,clean,clean,0,43,6,main_domain
train_003193,conflict,conflict,1,44,7,main_domain
train_003194,goal_drift,goal_drift,0,26,9,main_domain
train_003195,clean,clean,1,24,5,main_domain
train_003196,goal_drift,goal_drift,0,47,11,main_domain
train_003197,dropped_handoff,deadlock,0,29,7,compliance_audit
train_003198,goal_drift,goal_drift,1,40,10,main_domain
train_003199,conflict,conflict,0,17,6,main_domain
train_003200,duplicated_work,duplicated_work,1,73,7,compliance_audit
train_003201,deadlock,deadlock,0,52,9,main_domain
train_003202,conflict,conflict,0,27,7,main_domain
train_003203,duplicated_work,duplicated_work,1,58,1,main_domain
train_003204,dropped_handoff,clean,1,46,8,main_domain
train_003205,deadlock,runaway_loop,0,71,9,main_domain
train_003206,clean,clean,1,46,9,main_domain
train_003207,conflict,conflict,0,26,7,main_domain
train_003208,clean,clean,1,27,6,compliance_audit
train_003209,clean,clean,0,21,5,main_domain
train_003210,duplicated_work,duplicated_work,0,38,8,main_domain
train_003211,clean,clean,1,57,8,main_domain
train_003212,clean,clean,1,43,9,main_domain
train_003213,clean,clean,1,45,8,compliance_audit
train_003214,dropped_handoff,dropped_handoff,0,75,9,compliance_audit
train_003215,goal_drift,conflict,1,58,12,main_domain
train_003216,goal_drift,goal_drift,0,61,14,compliance_audit
train_003217,goal_drift,goal_drift,0,50,13,compliance_audit
train_003218,conflict,conflict,0,41,8,main_domain
train_003219,clean,clean,1,94,10,main_domain
train_003220,dropped_handoff,dropped_handoff,0,18,5,main_domain
train_003221,goal_drift,clean,1,59,1,compliance_audit
train_003222,runaway_loop,runaway_loop,0,76,9,main_domain
train_003223,runaway_loop,runaway_loop,0,79,10,main_domain
train_003224,dropped_handoff,duplicated_work,1,33,1,main_domain
train_003225,clean,runaway_loop,0,61,10,compliance_audit
train_003226,runaway_loop,runaway_loop,0,36,1,main_domain
train_003227,deadlock,conflict,0,63,10,main_domain
train_003228,conflict,conflict,1,62,10,main_domain
train_003229,clean,clean,1,22,7,main_domain
train_003230,conflict,conflict,0,42,8,main_domain
train_003231,dropped_handoff,goal_drift,0,18,9,main_domain
train_003232,clean,clean,1,25,6,main_domain
train_003233,clean,clean,1,62,9,main_domain
train_003234,conflict,conflict,1,25,5,main_domain
train_003235,conflict,conflict,0,47,10,main_domain
train_003236,conflict,conflict,0,28,6,main_domain
train_003237,goal_drift,runaway_loop,0,44,10,compliance_audit
train_003238,deadlock,duplicated_work,0,24,7,compliance_audit
train_003239,goal_drift,goal_drift,0,47,13,main_domain
train_003240,clean,clean,1,40,1,main_domain
train_003241,goal_drift,goal_drift,0,27,12,main_domain
train_003242,clean,clean,1,16,4,compliance_audit
train_003243,clean,clean,1,35,8,compliance_audit
train_003244,clean,clean,1,39,1,main_domain
train_003245,duplicated_work,clean,1,39,9,main_domain
train_003246,conflict,goal_drift,0,80,12,main_domain
train_003247,runaway_loop,runaway_loop,0,58,10,compliance_audit
train_003248,deadlock,deadlock,0,28,8,main_domain
train_003249,runaway_loop,runaway_loop,1,59,9,main_domain
train_003250,runaway_loop,runaway_loop,0,49,7,main_domain
train_003251,clean,deadlock,0,41,6,main_domain
train_003252,deadlock,deadlock,0,58,9,main_domain
train_003253,duplicated_work,clean,0,52,9,main_domain
train_003254,runaway_loop,runaway_loop,0,51,10,main_domain
train_003255,dropped_handoff,deadlock,1,36,7,main_domain
train_003256,conflict,conflict,1,36,10,main_domain
train_003257,clean,clean,1,45,9,main_domain
train_003258,deadlock,deadlock,0,34,1,main_domain
train_003259,runaway_loop,dropped_handoff,1,78,10,compliance_audit
train_003260,dropped_handoff,dropped_handoff,0,34,7,main_domain
train_003261,duplicated_work,clean,1,37,6,main_domain
train_003262,runaway_loop,runaway_loop,0,44,1,main_domain
train_003263,deadlock,deadlock,0,20,6,compliance_audit
train_003264,clean,clean,1,41,1,main_domain
train_003265,runaway_loop,runaway_loop,0,55,9,main_domain
train_003266,conflict,conflict,1,52,10,main_domain
train_003267,conflict,conflict,1,46,9,main_domain
train_003268,duplicated_work,dropped_handoff,0,28,7,compliance_audit
train_003269,runaway_loop,runaway_loop,0,33,5,main_domain
train_003270,goal_drift,goal_drift,0,40,13,main_domain
train_003271,clean,clean,1,28,8,compliance_audit
train_003272,runaway_loop,runaway_loop,1,90,10,main_domain
train_003273,clean,clean,1,21,6,main_domain
train_003274,conflict,conflict,0,40,9,main_domain
train_003275,clean,clean,1,29,7,main_domain
train_003276,duplicated_work,duplicated_work,1,29,6,compliance_audit
train_003277,duplicated_work,clean,1,44,9,main_domain
train_003278,runaway_loop,conflict,0,17,4,main_domain
train_003279,goal_drift,goal_drift,0,75,14,main_domain
train_003280,clean,clean,1,44,8,main_domain
train_003281,conflict,conflict,0,59,1,main_domain
train_003282,dropped_handoff,clean,0,56,1,compliance_audit
train_003283,duplicated_work,duplicated_work,1,48,9,main_domain
train_003284,runaway_loop,runaway_loop,1,40,8,main_domain
train_003285,conflict,runaway_loop,0,48,6,compliance_audit
train_003286,conflict,conflict,1,38,8,main_domain
train_003287,clean,clean,1,34,8,main_domain
train_003288,clean,clean,1,40,9,compliance_audit
train_003289,runaway_loop,dropped_handoff,1,35,6,main_domain
train_003290,clean,clean,1,28,5,compliance_audit
train_003291,conflict,conflict,0,41,9,main_domain
train_003292,clean,clean,1,43,10,main_domain
train_003293,dropped_handoff,dropped_handoff,0,45,10,main_domain
train_003294,goal_drift,goal_drift,0,48,13,main_domain
train_003295,dropped_handoff,duplicated_work,1,75,10,main_domain
train_003296,goal_drift,goal_drift,0,37,12,main_domain
train_003297,deadlock,clean,0,57,10,main_domain
train_003298,goal_drift,goal_drift,0,36,12,main_domain
train_003299,runaway_loop,runaway_loop,0,50,9,main_domain
train_003300,clean,clean,0,48,9,main_domain
train_003301,clean,clean,1,31,1,main_domain
train_003302,duplicated_work,dropped_handoff,0,32,7,main_domain
train_003303,runaway_loop,runaway_loop,0,101,9,main_domain
train_003304,goal_drift,goal_drift,0,37,1,main_domain
train_003305,clean,clean,1,57,10,main_domain
train_003306,dropped_handoff,dropped_handoff,0,75,9,main_domain
train_003307,clean,clean,1,42,9,main_domain
train_003308,duplicated_work,runaway_loop,0,39,6,main_domain
train_003309,deadlock,deadlock,0,50,10,main_domain
train_003310,conflict,conflict,0,35,8,main_domain
train_003311,deadlock,deadlock,0,26,8,main_domain
train_003312,clean,clean,1,59,10,compliance_audit
train_003313,dropped_handoff,dropped_handoff,0,20,5,main_domain
train_003314,clean,clean,1,35,9,main_domain
train_003315,goal_drift,goal_drift,0,42,11,main_domain
train_003316,dropped_handoff,dropped_handoff,0,39,9,main_domain
train_003317,duplicated_work,duplicated_work,0,50,10,main_domain
train_003318,duplicated_work,duplicated_work,0,40,8,main_domain
train_003319,goal_drift,goal_drift,0,32,10,main_domain
train_003320,runaway_loop,runaway_loop,1,46,1,main_domain
train_003321,runaway_loop,runaway_loop,1,46,8,main_domain
train_003322,deadlock,deadlock,0,49,10,main_domain
train_003323,clean,clean,1,51,9,main_domain
train_003324,runaway_loop,conflict,0,24,1,main_domain
train_003325,dropped_handoff,clean,0,25,8,main_domain
train_003326,deadlock,clean,0,38,9,main_domain
train_003327,clean,clean,1,90,9,main_domain
train_003328,duplicated_work,goal_drift,0,122,12,main_domain
train_003329,goal_drift,runaway_loop,0,27,10,main_domain
train_003330,deadlock,deadlock,0,62,9,main_domain
train_003331,runaway_loop,dropped_handoff,1,32,6,main_domain
train_003332,clean,clean,1,58,10,compliance_audit
train_003333,goal_drift,goal_drift,1,50,13,main_domain
train_003334,dropped_handoff,deadlock,0,37,1,main_domain
train_003335,clean,clean,1,24,7,compliance_audit
train_003336,duplicated_work,duplicated_work,0,63,9,main_domain
train_003337,clean,clean,1,35,9,main_domain
train_003338,conflict,conflict,0,49,9,main_domain
train_003339,goal_drift,goal_drift,0,28,9,main_domain
train_003340,clean,clean,1,70,1,main_domain
train_003341,conflict,conflict,0,18,5,main_domain
train_003342,conflict,conflict,0,35,9,main_domain
train_003343,dropped_handoff,dropped_handoff,0,12,5,compliance_audit
train_003344,goal_drift,goal_drift,0,17,1,compliance_audit
train_003345,clean,clean,0,56,10,main_domain
train_003346,conflict,clean,1,57,9,main_domain
train_003347,conflict,conflict,0,74,8,main_domain
train_003348,deadlock,deadlock,0,21,5,main_domain
train_003349,clean,clean,1,27,7,main_domain
train_003350,dropped_handoff,dropped_handoff,0,49,10,main_domain
train_003351,goal_drift,clean,0,30,11,main_domain
train_003352,conflict,conflict,1,45,8,main_domain
train_003353,conflict,conflict,1,38,8,compliance_audit
train_003354,duplicated_work,duplicated_work,1,39,6,compliance_audit
train_003355,duplicated_work,duplicated_work,1,43,8,main_domain
train_003356,clean,clean,1,30,7,main_domain
train_003357,dropped_handoff,dropped_handoff,0,34,6,main_domain
train_003358,clean,clean,1,59,1,main_domain
train_003359,clean,clean,1,31,8,main_domain
train_003360,deadlock,runaway_loop,0,150,10,main_domain
train_003361,goal_drift,goal_drift,0,31,10,main_domain
train_003362,clean,clean,1,79,9,main_domain
train_003363,dropped_handoff,goal_drift,0,52,13,main_domain
train_003364,goal_drift,conflict,0,30,10,main_domain
train_003365,dropped_handoff,runaway_loop,0,31,7,main_domain
train_003366,clean,clean,1,24,1,compliance_audit
train_003367,duplicated_work,runaway_loop,0,51,8,compliance_audit
train_003368,dropped_handoff,dropped_handoff,0,46,10,main_domain
train_003369,runaway_loop,runaway_loop,1,69,1,compliance_audit
train_003370,clean,clean,1,36,1,main_domain
train_003371,goal_drift,goal_drift,0,72,14,main_domain
train_003372,deadlock,conflict,0,30,5,main_domain
train_003373,duplicated_work,duplicated_work,0,36,7,compliance_audit
train_003374,conflict,conflict,0,37,9,main_domain
train_003375,deadlock,clean,1,48,8,compliance_audit
train_003376,conflict,conflict,1,56,10,main_domain
train_003377,dropped_handoff,deadlock,0,75,9,compliance_audit
train_003378,clean,clean,1,22,7,main_domain
train_003379,deadlock,deadlock,0,27,8,main_domain
train_003380,dropped_handoff,runaway_loop,0,64,9,main_domain
train_003381,clean,clean,1,16,4,main_domain
train_003382,goal_drift,goal_drift,0,65,13,main_domain
train_003383,goal_drift,duplicated_work,0,67,15,main_domain
train_003384,conflict,conflict,0,48,8,main_domain
train_003385,deadlock,deadlock,0,37,8,main_domain
train_003386,deadlock,clean,0,64,9,compliance_audit
train_003387,runaway_loop,runaway_loop,0,76,10,compliance_audit
train_003388,runaway_loop,runaway_loop,1,68,7,main_domain
train_003389,duplicated_work,duplicated_work,0,32,1,main_domain
train_003390,clean,clean,1,32,1,main_domain
train_003391,conflict,conflict,0,26,7,main_domain
train_003392,dropped_handoff,clean,0,58,10,main_domain
train_003393,duplicated_work,duplicated_work,1,52,10,main_domain
train_003394,clean,clean,1,53,9,main_domain
train_003395,deadlock,deadlock,0,29,9,main_domain
train_003396,clean,clean,1,42,1,main_domain
train_003397,clean,clean,1,119,10,compliance_audit
train_003398,conflict,conflict,0,25,6,main_domain
train_003399,duplicated_work,goal_drift,0,33,11,compliance_audit
train_003400,dropped_handoff,dropped_handoff,0,47,9,main_domain
train_003401,runaway_loop,runaway_loop,0,76,9,main_domain
train_003402,clean,clean,0,17,5,main_domain
train_003403,duplicated_work,duplicated_work,1,64,10,main_domain
train_003404,runaway_loop,runaway_loop,0,47,7,main_domain
train_003405,clean,clean,1,48,10,main_domain
train_003406,goal_drift,goal_drift,0,55,13,main_domain
train_003407,dropped_handoff,clean,1,31,8,main_domain
train_003408,clean,clean,1,39,8,main_domain
train_003409,clean,clean,1,39,10,main_domain
train_003410,duplicated_work,duplicated_work,1,40,9,compliance_audit
train_003411,dropped_handoff,clean,1,42,9,main_domain
train_003412,deadlock,deadlock,0,63,10,compliance_audit
train_003413,runaway_loop,runaway_loop,1,55,8,main_domain
train_003414,deadlock,deadlock,0,35,6,compliance_audit
train_003415,goal_drift,goal_drift,0,27,10,main_domain
train_003416,clean,deadlock,1,121,9,main_domain
train_003417,duplicated_work,clean,0,72,9,compliance_audit
train_003418,deadlock,deadlock,0,48,10,main_domain
train_003419,clean,clean,1,41,1,main_domain
train_003420,dropped_handoff,conflict,0,46,10,main_domain
train_003421,clean,clean,1,41,9,main_domain
train_003422,duplicated_work,duplicated_work,1,36,7,compliance_audit
train_003423,dropped_handoff,clean,1,48,8,main_domain
train_003424,clean,clean,1,30,7,main_domain
train_003425,clean,clean,1,41,8,main_domain
train_003426,clean,clean,1,33,9,main_domain
train_003427,clean,clean,1,54,10,main_domain
train_003428,clean,clean,0,32,8,main_domain
train_003429,deadlock,deadlock,0,53,9,main_domain
train_003430,duplicated_work,runaway_loop,0,103,8,main_domain
train_003431,clean,clean,1,24,6,compliance_audit
train_003432,dropped_handoff,duplicated_work,1,84,9,main_domain
train_003433,clean,deadlock,1,40,7,main_domain
train_003434,goal_drift,goal_drift,1,68,15,main_domain
train_003435,duplicated_work,runaway_loop,1,54,9,main_domain
train_003436,clean,deadlock,0,64,10,main_domain
train_003437,conflict,conflict,0,70,12,main_domain
train_003438,conflict,conflict,0,55,9,main_domain
train_003439,clean,clean,1,49,9,main_domain
train_003440,dropped_handoff,duplicated_work,1,32,7,main_domain
train_003441,runaway_loop,runaway_loop,0,52,1,main_domain
train_003442,runaway_loop,runaway_loop,1,39,1,main_domain
train_003443,duplicated_work,duplicated_work,1,35,1,main_domain
train_003444,goal_drift,goal_drift,0,34,10,main_domain
train_003445,goal_drift,goal_drift,0,62,11,main_domain
train_003446,deadlock,clean,1,53,9,main_domain
train_003447,runaway_loop,runaway_loop,0,13,4,compliance_audit
train_003448,clean,clean,1,52,1,compliance_audit
train_003449,goal_drift,goal_drift,0,19,8,main_domain
train_003450,goal_drift,goal_drift,0,41,13,main_domain
train_003451,goal_drift,goal_drift,0,54,12,main_domain
train_003452,duplicated_work,clean,1,48,10,compliance_audit
train_003453,dropped_handoff,clean,0,81,10,main_domain
train_003454,clean,clean,1,38,8,main_domain
train_003455,conflict,conflict,0,49,8,main_domain
train_003456,runaway_loop,goal_drift,0,61,10,main_domain
train_003457,clean,clean,1,55,10,compliance_audit
train_003458,dropped_handoff,dropped_handoff,0,31,9,main_domain
train_003459,duplicated_work,duplicated_work,0,33,7,main_domain
train_003460,dropped_handoff,deadlock,0,34,7,main_domain
train_003461,deadlock,clean,0,16,8,main_domain
train_003462,clean,clean,1,26,6,main_domain
train_003463,goal_drift,deadlock,0,32,11,main_domain
train_003464,clean,clean,1,76,10,main_domain
train_003465,clean,clean,1,27,7,main_domain
train_003466,duplicated_work,duplicated_work,1,56,10,main_domain
train_003467,conflict,conflict,0,53,8,main_domain
train_003468,runaway_loop,runaway_loop,1,46,9,main_domain
train_003469,runaway_loop,clean,1,45,9,main_domain
train_003470,goal_drift,goal_drift,0,20,8,main_domain
train_003471,clean,clean,1,42,8,main_domain
train_003472,duplicated_work,duplicated_work,1,78,10,compliance_audit
train_003473,clean,clean,1,90,1,main_domain
train_003474,clean,clean,1,18,6,compliance_audit
train_003475,clean,duplicated_work,0,39,9,main_domain
train_003476,clean,clean,1,18,5,main_domain
train_003477,duplicated_work,duplicated_work,1,46,1,main_domain
train_003478,conflict,conflict,1,53,7,main_domain
train_003479,clean,deadlock,0,75,9,main_domain
train_003480,duplicated_work,clean,1,57,9,main_domain
train_003481,runaway_loop,runaway_loop,0,59,9,main_domain
train_003482,dropped_handoff,clean,1,34,10,main_domain
train_003483,clean,clean,1,55,10,compliance_audit
train_003484,runaway_loop,conflict,1,29,1,main_domain
train_003485,clean,clean,0,41,9,main_domain
train_003486,goal_drift,goal_drift,0,59,12,main_domain
train_003487,goal_drift,deadlock,0,35,11,compliance_audit
train_003488,duplicated_work,duplicated_work,1,46,8,compliance_audit
train_003489,deadlock,clean,1,23,7,compliance_audit
train_003490,runaway_loop,runaway_loop,1,32,6,main_domain
train_003491,deadlock,deadlock,0,55,1,main_domain
train_003492,clean,clean,1,60,9,main_domain
train_003493,deadlock,deadlock,0,71,10,main_domain
train_003494,duplicated_work,conflict,0,78,8,compliance_audit
train_003495,goal_drift,goal_drift,0,14,7,main_domain
train_003496,runaway_loop,runaway_loop,0,24,6,main_domain
train_003497,dropped_handoff,dropped_handoff,0,42,9,main_domain
train_003498,clean,clean,1,18,5,main_domain
train_003499,goal_drift,goal_drift,0,82,14,compliance_audit
train_003500,clean,clean,1,18,5,main_domain
train_003501,conflict,conflict,0,64,10,main_domain
train_003502,runaway_loop,runaway_loop,1,33,7,main_domain
train_003503,deadlock,deadlock,0,35,1,main_domain
train_003504,goal_drift,goal_drift,0,40,8,main_domain
train_003505,duplicated_work,duplicated_work,1,44,6,main_domain
train_003506,goal_drift,goal_drift,0,28,9,main_domain
train_003507,dropped_handoff,deadlock,0,58,10,main_domain
train_003508,deadlock,goal_drift,0,45,9,main_domain
train_003509,clean,clean,1,41,10,compliance_audit
train_003510,runaway_loop,clean,1,54,8,main_domain
train_003511,conflict,conflict,1,57,10,compliance_audit
train_003512,conflict,conflict,1,32,5,main_domain
train_003513,dropped_handoff,dropped_handoff,0,33,7,main_domain
train_003514,duplicated_work,duplicated_work,1,49,7,main_domain
train_003515,dropped_handoff,dropped_handoff,1,64,10,main_domain
train_003516,clean,clean,1,38,8,main_domain
train_003517,dropped_handoff,clean,0,54,10,main_domain
train_003518,deadlock,clean,0,28,7,compliance_audit
train_003519,runaway_loop,goal_drift,1,67,13,main_domain
train_003520,dropped_handoff,conflict,0,21,7,main_domain
train_003521,dropped_handoff,dropped_handoff,1,13,5,main_domain
train_003522,runaway_loop,clean,1,44,10,compliance_audit
train_003523,deadlock,deadlock,0,56,8,main_domain
train_003524,clean,clean,1,26,5,main_domain
train_003525,conflict,conflict,1,38,8,main_domain
train_003526,runaway_loop,runaway_loop,0,35,7,main_domain
train_003527,clean,clean,1,27,8,main_domain
train_003528,dropped_handoff,dropped_handoff,0,42,9,main_domain
train_003529,clean,clean,1,41,10,main_domain
train_003530,clean,clean,1,55,8,main_domain
train_003531,duplicated_work,dropped_handoff,0,50,9,main_domain
train_003532,duplicated_work,duplicated_work,0,38,8,main_domain
train_003533,clean,clean,1,42,9,main_domain
train_003534,clean,dropped_handoff,0,39,7,main_domain
train_003535,deadlock,deadlock,0,65,9,compliance_audit
train_003536,duplicated_work,clean,1,44,9,main_domain
train_003537,dropped_handoff,dropped_handoff,0,31,6,compliance_audit
train_003538,goal_drift,goal_drift,0,72,15,main_domain
train_003539,deadlock,dropped_handoff,0,21,7,main_domain
train_003540,goal_drift,deadlock,0,40,8,main_domain
train_003541,deadlock,deadlock,0,54,10,main_domain
train_003542,clean,clean,1,31,8,main_domain
train_003543,clean,clean,1,49,9,main_domain
train_003544,runaway_loop,runaway_loop,1,70,10,compliance_audit
train_003545,clean,clean,1,78,9,main_domain
train_003546,deadlock,deadlock,0,35,9,main_domain
train_003547,conflict,conflict,0,21,5,main_domain
train_003548,dropped_handoff,deadlock,0,49,10,main_domain
train_003549,deadlock,clean,1,34,8,main_domain
train_003550,clean,runaway_loop,0,36,1,main_domain
train_003551,clean,clean,1,41,9,main_domain
train_003552,goal_drift,goal_drift,0,42,12,main_domain
train_003553,deadlock,clean,1,48,9,compliance_audit
train_003554,clean,clean,1,44,7,main_domain
train_003555,clean,clean,1,56,9,compliance_audit
train_003556,runaway_loop,runaway_loop,0,47,9,main_domain
train_003557,dropped_handoff,clean,0,56,8,main_domain
train_003558,clean,clean,1,121,10,main_domain
train_003559,conflict,conflict,0,24,7,main_domain
train_003560,deadlock,goal_drift,0,67,11,compliance_audit
train_003561,clean,clean,1,75,10,compliance_audit
train_003562,clean,clean,1,54,10,main_domain
train_003563,runaway_loop,clean,1,42,9,main_domain
train_003564,dropped_handoff,goal_drift,0,54,11,main_domain
train_003565,conflict,conflict,0,67,10,main_domain
train_003566,dropped_handoff,duplicated_work,1,56,8,main_domain
train_003567,clean,clean,1,83,10,main_domain
train_003568,conflict,conflict,1,69,1,main_domain
train_003569,runaway_loop,runaway_loop,0,58,10,main_domain
train_003570,clean,clean,1,52,10,main_domain
train_003571,goal_drift,goal_drift,0,31,10,main_domain
train_003572,deadlock,deadlock,0,26,7,main_domain
train_003573,conflict,duplicated_work,1,59,13,main_domain
train_003574,conflict,conflict,0,36,1,main_domain
train_003575,goal_drift,goal_drift,0,36,12,compliance_audit
train_003576,conflict,conflict,1,47,8,main_domain
train_003577,deadlock,dropped_handoff,0,35,9,main_domain
train_003578,deadlock,deadlock,0,81,10,main_domain
train_003579,deadlock,clean,1,41,8,main_domain
train_003580,duplicated_work,duplicated_work,0,49,10,main_domain
train_003581,runaway_loop,clean,1,49,10,main_domain
train_003582,deadlock,deadlock,1,82,10,main_domain
train_003583,deadlock,deadlock,0,28,1,main_domain
train_003584,duplicated_work,duplicated_work,1,98,9,compliance_audit
train_003585,clean,clean,1,61,10,compliance_audit
train_003586,conflict,deadlock,0,38,8,main_domain
train_003587,runaway_loop,runaway_loop,0,47,11,main_domain
train_003588,goal_drift,goal_drift,1,77,15,main_domain
train_003589,duplicated_work,duplicated_work,0,29,6,main_domain
train_003590,clean,clean,1,16,5,main_domain
train_003591,duplicated_work,duplicated_work,1,38,6,compliance_audit
train_003592,deadlock,deadlock,0,51,8,main_domain
train_003593,deadlock,deadlock,0,53,10,main_domain
train_003594,dropped_handoff,dropped_handoff,0,25,6,main_domain
train_003595,dropped_handoff,runaway_loop,1,144,10,main_domain
train_003596,goal_drift,runaway_loop,0,38,9,compliance_audit
train_003597,clean,clean,1,43,9,main_domain
train_003598,clean,runaway_loop,0,63,9,main_domain
train_003599,goal_drift,goal_drift,1,26,9,main_domain
train_003600,dropped_handoff,runaway_loop,0,44,7,compliance_audit
train_003601,duplicated_work,duplicated_work,1,29,6,main_domain
train_003602,goal_drift,goal_drift,0,26,10,main_domain
train_003603,clean,clean,1,50,9,compliance_audit
train_003604,goal_drift,goal_drift,0,34,12,main_domain
train_003605,clean,clean,1,27,6,main_domain
train_003606,goal_drift,goal_drift,0,77,13,main_domain
train_003607,deadlock,clean,0,43,9,main_domain
train_003608,clean,clean,1,31,8,main_domain
train_003609,conflict,conflict,0,44,10,main_domain
train_003610,deadlock,deadlock,0,40,8,compliance_audit
train_003611,runaway_loop,runaway_loop,0,55,9,main_domain
train_003612,clean,clean,1,38,7,main_domain
train_003613,clean,clean,1,64,8,compliance_audit
train_003614,dropped_handoff,clean,1,42,7,main_domain
train_003615,clean,clean,1,14,4,main_domain
train_003616,deadlock,deadlock,0,35,10,compliance_audit
train_003617,conflict,runaway_loop,0,46,9,compliance_audit
train_003618,dropped_handoff,duplicated_work,0,23,6,compliance_audit
train_003619,clean,clean,1,32,8,main_domain
train_003620,dropped_handoff,clean,1,37,9,main_domain
train_003621,runaway_loop,runaway_loop,0,50,7,main_domain
train_003622,conflict,clean,1,37,9,main_domain
train_003623,duplicated_work,goal_drift,0,48,12,main_domain
train_003624,dropped_handoff,clean,0,73,10,compliance_audit
train_003625,deadlock,clean,0,66,10,main_domain
train_003626,conflict,conflict,1,50,9,main_domain
train_003627,clean,clean,0,15,5,main_domain
train_003628,dropped_handoff,deadlock,0,45,1,compliance_audit
train_003629,conflict,conflict,0,24,6,compliance_audit
train_003630,dropped_handoff,runaway_loop,0,36,6,main_domain
train_003631,clean,clean,1,33,1,main_domain
train_003632,conflict,conflict,1,76,9,main_domain
train_003633,dropped_handoff,duplicated_work,1,23,4,main_domain
train_003634,deadlock,deadlock,0,36,8,main_domain
train_003635,runaway_loop,runaway_loop,1,41,7,compliance_audit
train_003636,dropped_handoff,dropped_handoff,0,13,5,main_domain
train_003637,dropped_handoff,deadlock,0,45,9,main_domain
train_003638,duplicated_work,duplicated_work,1,47,8,compliance_audit
train_003639,clean,clean,1,18,5,main_domain
train_003640,clean,clean,1,42,6,main_domain
train_003641,deadlock,deadlock,0,24,6,main_domain
train_003642,clean,deadlock,0,57,8,main_domain
train_003643,dropped_handoff,clean,1,27,8,main_domain
train_003644,deadlock,deadlock,0,26,7,main_domain
train_003645,clean,clean,1,36,7,main_domain
train_003646,clean,clean,1,31,7,main_domain
train_003647,runaway_loop,clean,0,79,9,compliance_audit
train_003648,goal_drift,goal_drift,0,50,12,main_domain
train_003649,clean,clean,1,64,10,main_domain
train_003650,duplicated_work,conflict,1,62,10,main_domain
train_003651,dropped_handoff,clean,1,31,1,main_domain
train_003652,clean,clean,1,36,1,main_domain
train_003653,clean,clean,0,43,1,main_domain
train_003654,duplicated_work,duplicated_work,0,32,6,main_domain
train_003655,clean,clean,1,44,7,main_domain
train_003656,duplicated_work,deadlock,0,44,7,main_domain
train_003657,dropped_handoff,clean,1,133,1,main_domain
train_003658,clean,clean,1,34,7,main_domain
train_003659,goal_drift,goal_drift,0,37,12,main_domain
train_003660,conflict,conflict,0,21,6,compliance_audit
train_003661,duplicated_work,duplicated_work,1,55,1,main_domain
train_003662,dropped_handoff,clean,1,23,7,main_domain
train_003663,clean,clean,1,49,10,main_domain
train_003664,dropped_handoff,dropped_handoff,1,34,8,main_domain
train_003665,clean,deadlock,0,107,10,main_domain
train_003666,deadlock,clean,0,33,7,main_domain
train_003667,goal_drift,goal_drift,1,28,8,compliance_audit
train_003668,conflict,conflict,1,71,10,compliance_audit
train_003669,goal_drift,goal_drift,0,16,9,main_domain
train_003670,conflict,conflict,0,32,9,main_domain
train_003671,runaway_loop,dropped_handoff,0,73,10,main_domain
train_003672,deadlock,clean,1,39,9,main_domain
train_003673,deadlock,deadlock,0,56,10,main_domain
train_003674,conflict,conflict,0,37,7,main_domain
train_003675,deadlock,goal_drift,0,49,13,main_domain
train_003676,runaway_loop,runaway_loop,1,46,1,main_domain
train_003677,clean,runaway_loop,1,43,1,main_domain
train_003678,conflict,conflict,0,43,7,main_domain
train_003679,clean,clean,1,58,8,main_domain
train_003680,deadlock,clean,1,42,10,main_domain
train_003681,runaway_loop,goal_drift,1,64,13,compliance_audit
train_003682,clean,clean,1,45,9,main_domain
train_003683,conflict,conflict,1,43,8,main_domain
train_003684,clean,clean,1,33,6,compliance_audit
train_003685,clean,clean,1,34,8,main_domain
train_003686,deadlock,deadlock,0,42,1,main_domain
train_003687,clean,clean,1,49,10,main_domain
train_003688,goal_drift,goal_drift,0,81,12,compliance_audit
train_003689,clean,clean,1,50,10,main_domain
train_003690,runaway_loop,runaway_loop,0,86,10,compliance_audit
train_003691,runaway_loop,conflict,0,38,8,main_domain
train_003692,deadlock,deadlock,0,40,8,main_domain
train_003693,conflict,conflict,1,35,1,main_domain
train_003694,deadlock,deadlock,0,58,10,compliance_audit
train_003695,deadlock,deadlock,0,19,5,main_domain
train_003696,conflict,conflict,1,60,10,compliance_audit
train_003697,deadlock,clean,1,42,1,main_domain
train_003698,duplicated_work,duplicated_work,1,62,8,main_domain
train_003699,goal_drift,goal_drift,0,33,10,main_domain
train_003700,duplicated_work,duplicated_work,1,44,8,main_domain
train_003701,clean,clean,1,26,7,main_domain
train_003702,clean,clean,0,78,10,main_domain
train_003703,deadlock,clean,1,29,7,main_domain
train_003704,runaway_loop,runaway_loop,1,58,1,main_domain
train_003705,clean,clean,1,34,7,compliance_audit
train_003706,conflict,conflict,1,46,9,main_domain
train_003707,conflict,conflict,0,31,1,main_domain
train_003708,conflict,conflict,1,38,6,main_domain
train_003709,goal_drift,goal_drift,0,78,15,main_domain
train_003710,clean,clean,1,49,10,main_domain
train_003711,dropped_handoff,clean,1,40,9,compliance_audit
train_003712,conflict,conflict,0,27,6,main_domain
train_003713,runaway_loop,clean,0,88,10,main_domain
train_003714,goal_drift,goal_drift,0,27,10,main_domain
train_003715,conflict,conflict,0,91,10,compliance_audit
train_003716,conflict,conflict,0,16,6,main_domain
train_003717,runaway_loop,clean,0,39,9,main_domain
train_003718,deadlock,deadlock,0,19,5,main_domain
train_003719,goal_drift,runaway_loop,0,33,9,main_domain
train_003720,dropped_handoff,dropped_handoff,1,21,6,main_domain
train_003721,duplicated_work,duplicated_work,0,27,6,compliance_audit
train_003722,duplicated_work,duplicated_work,1,51,10,main_domain
train_003723,deadlock,deadlock,0,53,10,main_domain
train_003724,clean,deadlock,1,55,8,main_domain
train_003725,conflict,runaway_loop,0,73,9,main_domain
train_003726,clean,clean,1,54,1,main_domain
train_003727,dropped_handoff,deadlock,0,37,1,main_domain
train_003728,clean,clean,1,34,9,main_domain
train_003729,deadlock,deadlock,0,47,8,main_domain
train_003730,deadlock,deadlock,0,39,9,main_domain
train_003731,goal_drift,goal_drift,0,57,13,compliance_audit
train_003732,runaway_loop,runaway_loop,0,29,5,main_domain
train_003733,clean,clean,1,30,8,main_domain
train_003734,deadlock,clean,1,44,10,main_domain
train_003735,clean,deadlock,1,57,1,main_domain
train_003736,clean,clean,1,27,6,main_domain
train_003737,clean,clean,0,34,1,main_domain
train_003738,clean,clean,1,72,10,main_domain
train_003739,goal_drift,goal_drift,0,35,10,compliance_audit
train_003740,goal_drift,goal_drift,1,80,15,compliance_audit
train_003741,deadlock,conflict,0,47,1,main_domain
train_003742,conflict,conflict,1,22,6,main_domain
train_003743,dropped_handoff,dropped_handoff,0,55,9,main_domain
train_003744,clean,clean,1,75,10,main_domain
train_003745,duplicated_work,clean,1,50,10,main_domain
train_003746,duplicated_work,clean,1,65,10,main_domain
train_003747,clean,clean,1,25,7,main_domain
train_003748,dropped_handoff,conflict,0,48,9,main_domain
train_003749,goal_drift,goal_drift,0,24,1,main_domain
train_003750,goal_drift,goal_drift,0,48,13,main_domain
train_003751,clean,clean,0,33,8,main_domain
train_003752,duplicated_work,duplicated_work,1,78,10,compliance_audit
train_003753,clean,clean,0,51,10,compliance_audit
train_003754,duplicated_work,clean,1,35,7,compliance_audit
train_003755,duplicated_work,duplicated_work,1,56,1,compliance_audit
train_003756,conflict,conflict,0,65,10,main_domain
train_003757,clean,clean,1,57,10,main_domain
train_003758,runaway_loop,clean,1,29,7,main_domain
train_003759,deadlock,clean,1,26,6,main_domain
train_003760,clean,clean,1,34,10,main_domain
train_003761,clean,clean,1,15,5,main_domain
train_003762,dropped_handoff,runaway_loop,0,81,10,main_domain
train_003763,duplicated_work,duplicated_work,0,36,7,main_domain
train_003764,runaway_loop,runaway_loop,0,40,6,main_domain
train_003765,goal_drift,goal_drift,0,34,11,main_domain
train_003766,conflict,conflict,0,66,10,main_domain
train_003767,deadlock,deadlock,1,40,8,main_domain
train_003768,conflict,conflict,0,31,8,main_domain
train_003769,deadlock,clean,0,98,10,main_domain
train_003770,runaway_loop,runaway_loop,0,33,7,main_domain
train_003771,runaway_loop,runaway_loop,0,53,8,main_domain
train_003772,duplicated_work,deadlock,1,63,9,main_domain
train_003773,clean,clean,1,35,6,main_domain
train_003774,dropped_handoff,runaway_loop,0,41,9,main_domain
train_003775,goal_drift,goal_drift,0,46,12,main_domain
train_003776,duplicated_work,goal_drift,0,40,13,main_domain
train_003777,goal_drift,goal_drift,0,56,13,main_domain
train_003778,clean,clean,0,71,9,main_domain
train_003779,conflict,deadlock,0,52,9,main_domain
train_003780,duplicated_work,duplicated_work,1,60,13,main_domain
train_003781,duplicated_work,runaway_loop,1,54,7,compliance_audit
train_003782,clean,clean,1,29,1,main_domain
train_003783,clean,clean,1,24,6,main_domain
train_003784,dropped_handoff,clean,1,80,10,compliance_audit
train_003785,clean,clean,1,24,8,main_domain
train_003786,deadlock,conflict,0,54,10,main_domain
train_003787,deadlock,deadlock,0,38,6,main_domain
train_003788,deadlock,goal_drift,0,46,14,compliance_audit
train_003789,dropped_handoff,deadlock,0,55,7,main_domain
train_003790,runaway_loop,dropped_handoff,0,44,8,main_domain
train_003791,dropped_handoff,clean,0,62,10,main_domain
train_003792,goal_drift,clean,1,23,1,main_domain
train_003793,conflict,conflict,0,35,7,main_domain
train_003794,runaway_loop,runaway_loop,1,41,7,main_domain
train_003795,goal_drift,clean,0,51,1,main_domain
train_003796,runaway_loop,runaway_loop,0,38,6,main_domain
train_003797,goal_drift,goal_drift,0,47,13,main_domain
train_003798,dropped_handoff,goal_drift,0,40,14,main_domain
train_003799,runaway_loop,runaway_loop,1,39,5,compliance_audit
train_003800,deadlock,runaway_loop,1,51,8,main_domain
train_003801,duplicated_work,duplicated_work,1,30,6,main_domain
train_003802,clean,clean,1,18,1,compliance_audit
train_003803,clean,runaway_loop,1,28,6,compliance_audit
train_003804,conflict,conflict,0,32,7,main_domain
train_003805,clean,clean,1,37,1,main_domain
train_003806,conflict,conflict,1,26,5,main_domain
train_003807,duplicated_work,duplicated_work,0,49,10,compliance_audit
train_003808,clean,clean,1,51,10,main_domain
train_003809,goal_drift,dropped_handoff,0,40,12,main_domain
train_003810,clean,dropped_handoff,0,19,5,main_domain
train_003811,clean,clean,1,18,5,main_domain
train_003812,dropped_handoff,deadlock,0,50,8,compliance_audit
train_003813,deadlock,clean,0,67,10,compliance_audit
train_003814,goal_drift,goal_drift,0,38,12,main_domain
train_003815,dropped_handoff,dropped_handoff,0,36,9,main_domain
train_003816,duplicated_work,duplicated_work,0,55,9,main_domain
train_003817,deadlock,deadlock,0,45,8,main_domain
train_003818,clean,clean,0,26,7,main_domain
train_003819,deadlock,clean,1,44,10,main_domain
train_003820,duplicated_work,clean,1,65,9,main_domain
train_003821,clean,clean,1,44,1,main_domain
train_003822,deadlock,deadlock,0,44,8,main_domain
train_003823,dropped_handoff,deadlock,0,44,9,compliance_audit
train_003824,runaway_loop,runaway_loop,0,37,1,main_domain
train_003825,goal_drift,goal_drift,0,25,10,main_domain
train_003826,duplicated_work,clean,1,50,9,main_domain
train_003827,clean,clean,1,61,1,main_domain
train_003828,dropped_handoff,clean,0,90,10,compliance_audit
train_003829,clean,clean,1,57,10,compliance_audit
train_003830,goal_drift,goal_drift,0,19,9,main_domain
train_003831,duplicated_work,duplicated_work,1,47,8,main_domain
train_003832,conflict,duplicated_work,1,68,10,main_domain
train_003833,dropped_handoff,dropped_handoff,1,40,6,main_domain
train_003834,deadlock,deadlock,0,29,6,main_domain
train_003835,goal_drift,goal_drift,0,24,10,compliance_audit
train_003836,runaway_loop,runaway_loop,0,48,8,main_domain
train_003837,conflict,conflict,1,24,5,compliance_audit
train_003838,runaway_loop,clean,1,59,8,main_domain
train_003839,deadlock,deadlock,0,51,10,compliance_audit
train_003840,clean,clean,1,29,8,main_domain
train_003841,runaway_loop,deadlock,0,43,8,compliance_audit
train_003842,goal_drift,goal_drift,0,36,10,compliance_audit
train_003843,goal_drift,goal_drift,0,37,12,main_domain
train_003844,clean,clean,1,27,1,main_domain
train_003845,deadlock,conflict,0,23,1,main_domain
train_003846,deadlock,dropped_handoff,0,125,10,main_domain
train_003847,deadlock,deadlock,0,34,8,main_domain
train_003848,dropped_handoff,clean,0,70,10,main_domain
train_003849,clean,clean,1,22,5,main_domain
train_003850,clean,clean,1,40,8,main_domain
train_003851,dropped_handoff,dropped_handoff,1,31,7,main_domain
train_003852,goal_drift,goal_drift,0,95,14,main_domain
train_003853,runaway_loop,conflict,1,37,1,main_domain
train_003854,deadlock,clean,0,35,8,compliance_audit
train_003855,dropped_handoff,dropped_handoff,1,42,8,main_domain
train_003856,clean,clean,1,34,6,main_domain
train_003857,clean,clean,1,13,4,main_domain
train_003858,goal_drift,goal_drift,0,39,1,main_domain
train_003859,conflict,conflict,1,103,1,main_domain
train_003860,clean,clean,1,75,9,compliance_audit
train_003861,clean,clean,1,68,10,main_domain
train_003862,duplicated_work,duplicated_work,1,56,8,main_domain
train_003863,runaway_loop,dropped_handoff,0,51,1,compliance_audit
train_003864,clean,clean,1,59,10,compliance_audit
train_003865,deadlock,runaway_loop,0,68,1,main_domain
train_003866,clean,clean,0,58,9,main_domain
train_003867,clean,clean,1,40,7,main_domain
train_003868,clean,clean,0,41,8,compliance_audit
train_003869,duplicated_work,duplicated_work,1,83,10,main_domain
train_003870,clean,clean,1,18,5,main_domain
train_003871,duplicated_work,duplicated_work,0,44,9,main_domain
train_003872,goal_drift,goal_drift,0,67,13,main_domain
train_003873,clean,clean,1,37,9,compliance_audit
train_003874,duplicated_work,clean,1,28,6,main_domain
train_003875,runaway_loop,runaway_loop,0,35,1,main_domain
train_003876,deadlock,duplicated_work,0,75,10,main_domain
train_003877,goal_drift,goal_drift,0,91,15,main_domain
train_003878,clean,clean,1,66,7,main_domain
train_003879,clean,clean,0,41,6,main_domain
train_003880,deadlock,deadlock,0,18,6,main_domain
train_003881,deadlock,deadlock,0,48,7,main_domain
train_003882,goal_drift,goal_drift,0,44,1,main_domain
train_003883,clean,clean,1,74,1,compliance_audit
train_003884,duplicated_work,clean,1,51,9,main_domain
train_003885,deadlock,clean,1,85,10,main_domain
train_003886,deadlock,deadlock,0,92,9,main_domain
train_003887,deadlock,deadlock,0,28,6,main_domain
train_003888,duplicated_work,duplicated_work,1,47,7,compliance_audit
train_003889,goal_drift,goal_drift,0,57,13,main_domain
train_003890,conflict,conflict,0,49,1,main_domain
train_003891,conflict,conflict,0,43,10,main_domain
train_003892,clean,clean,1,12,4,main_domain
train_003893,conflict,conflict,0,31,8,main_domain
train_003894,clean,clean,1,21,7,main_domain
train_003895,goal_drift,goal_drift,0,28,9,main_domain
train_003896,clean,clean,1,74,10,main_domain
train_003897,runaway_loop,runaway_loop,0,57,1,compliance_audit
train_003898,dropped_handoff,clean,1,55,9,compliance_audit
train_003899,clean,clean,1,59,1,main_domain
train_003900,clean,clean,1,16,4,main_domain
train_003901,deadlock,deadlock,0,51,7,main_domain
train_003902,goal_drift,goal_drift,0,54,13,main_domain
train_003903,duplicated_work,duplicated_work,1,77,12,compliance_audit
train_003904,deadlock,deadlock,0,19,5,main_domain
train_003905,duplicated_work,duplicated_work,1,42,6,main_domain
train_003906,clean,clean,1,32,6,main_domain
train_003907,runaway_loop,runaway_loop,1,60,9,main_domain
train_003908,deadlock,deadlock,0,67,10,compliance_audit
train_003909,goal_drift,runaway_loop,0,56,10,compliance_audit
train_003910,runaway_loop,runaway_loop,1,42,5,main_domain
train_003911,clean,clean,1,49,10,main_domain
train_003912,dropped_handoff,dropped_handoff,0,40,9,compliance_audit
train_003913,runaway_loop,runaway_loop,1,37,1,main_domain
train_003914,duplicated_work,duplicated_work,1,46,8,main_domain
train_003915,goal_drift,goal_drift,0,41,13,main_domain
train_003916,dropped_handoff,clean,1,35,9,main_domain
train_003917,deadlock,goal_drift,0,30,10,main_domain
train_003918,duplicated_work,clean,1,21,5,main_domain
train_003919,dropped_handoff,dropped_handoff,0,54,1,main_domain
train_003920,goal_drift,goal_drift,0,47,12,main_domain
train_003921,deadlock,deadlock,0,47,10,main_domain
train_003922,dropped_handoff,conflict,0,39,1,main_domain
train_003923,dropped_handoff,clean,0,42,9,compliance_audit
train_003924,goal_drift,runaway_loop,0,73,1,main_domain
train_003925,deadlock,deadlock,0,53,10,main_domain
train_003926,dropped_handoff,dropped_handoff,0,47,10,compliance_audit
train_003927,conflict,conflict,1,36,7,main_domain
train_003928,runaway_loop,runaway_loop,1,86,9,main_domain
train_003929,dropped_handoff,dropped_handoff,1,63,10,main_domain
train_003930,clean,duplicated_work,0,46,8,main_domain
train_003931,duplicated_work,duplicated_work,1,21,5,main_domain
train_003932,dropped_handoff,runaway_loop,1,64,8,compliance_audit
train_003933,conflict,conflict,0,27,8,main_domain
train_003934,clean,clean,1,73,1,compliance_audit
train_003935,clean,clean,1,27,6,main_domain
train_003936,clean,clean,1,33,8,main_domain
train_003937,goal_drift,goal_drift,0,49,13,main_domain
train_003938,goal_drift,goal_drift,0,21,8,main_domain
train_003939,goal_drift,goal_drift,0,47,13,main_domain
train_003940,duplicated_work,duplicated_work,0,29,6,main_domain
train_003941,runaway_loop,runaway_loop,1,50,8,compliance_audit
train_003942,runaway_loop,runaway_loop,0,63,1,main_domain
train_003943,goal_drift,goal_drift,0,34,9,main_domain
train_003944,deadlock,deadlock,0,32,6,main_domain
train_003945,clean,clean,1,41,10,main_domain
train_003946,clean,clean,1,19,6,compliance_audit
train_003947,duplicated_work,duplicated_work,1,32,7,main_domain
train_003948,conflict,conflict,0,47,7,main_domain
train_003949,goal_drift,goal_drift,0,41,13,compliance_audit
train_003950,goal_drift,goal_drift,0,24,9,main_domain
train_003951,goal_drift,goal_drift,0,45,14,main_domain
train_003952,deadlock,deadlock,0,44,7,main_domain
train_003953,clean,clean,1,52,9,compliance_audit
train_003954,deadlock,deadlock,0,27,9,main_domain
train_003955,deadlock,clean,0,35,10,compliance_audit
train_003956,goal_drift,clean,0,37,1,compliance_audit
train_003957,goal_drift,goal_drift,0,59,12,main_domain
train_003958,duplicated_work,duplicated_work,1,47,9,main_domain
train_003959,clean,clean,1,28,5,main_domain
train_003960,goal_drift,goal_drift,0,57,14,compliance_audit
train_003961,clean,clean,1,38,8,main_domain
train_003962,dropped_handoff,dropped_handoff,0,28,8,main_domain
train_003963,conflict,conflict,0,29,7,compliance_audit
train_003964,runaway_loop,duplicated_work,1,27,7,main_domain
train_003965,clean,clean,1,40,8,main_domain
train_003966,duplicated_work,clean,1,49,1,main_domain
train_003967,clean,deadlock,0,65,10,main_domain
train_003968,conflict,conflict,1,39,8,main_domain
train_003969,runaway_loop,runaway_loop,1,60,9,main_domain
train_003970,goal_drift,clean,1,43,1,compliance_audit
train_003971,dropped_handoff,dropped_handoff,1,63,8,main_domain
train_003972,runaway_loop,runaway_loop,0,34,7,compliance_audit
train_003973,clean,clean,1,31,7,main_domain
train_003974,dropped_handoff,dropped_handoff,0,29,7,main_domain
train_003975,deadlock,deadlock,0,31,6,main_domain
train_003976,runaway_loop,runaway_loop,1,50,8,main_domain
train_003977,deadlock,deadlock,0,44,10,compliance_audit
train_003978,clean,clean,1,39,9,main_domain
train_003979,runaway_loop,runaway_loop,1,29,6,main_domain
train_003980,goal_drift,goal_drift,0,51,14,main_domain
train_003981,conflict,conflict,1,33,10,main_domain
train_003982,goal_drift,goal_drift,0,156,14,main_domain
train_003983,conflict,conflict,0,67,9,main_domain
train_003984,dropped_handoff,dropped_handoff,1,35,7,main_domain
train_003985,clean,clean,1,43,9,main_domain
train_003986,deadlock,clean,1,44,9,main_domain
train_003987,dropped_handoff,clean,1,52,9,main_domain
train_003988,goal_drift,goal_drift,0,36,11,main_domain
train_003989,conflict,conflict,0,41,8,main_domain
train_003990,dropped_handoff,conflict,0,17,7,main_domain
train_003991,duplicated_work,duplicated_work,0,36,9,main_domain
train_003992,deadlock,deadlock,0,36,9,main_domain
train_003993,runaway_loop,goal_drift,0,29,8,main_domain
train_003994,goal_drift,goal_drift,0,15,8,main_domain
train_003995,deadlock,clean,1,75,9,main_domain
train_003996,clean,clean,1,79,9,compliance_audit
train_003997,clean,clean,1,27,7,compliance_audit
train_003998,clean,clean,1,42,10,main_domain
train_003999,clean,clean,1,22,6,main_domain
train_004000,clean,clean,1,27,5,main_domain
train_004001,clean,runaway_loop,0,44,8,main_domain
train_004002,clean,clean,1,48,8,main_domain
train_004003,runaway_loop,runaway_loop,0,56,10,main_domain
train_004004,deadlock,deadlock,0,36,1,main_domain
train_004005,clean,clean,1,46,10,main_domain
train_004006,runaway_loop,runaway_loop,0,46,9,main_domain
train_004007,clean,clean,1,14,5,main_domain
train_004008,runaway_loop,runaway_loop,0,65,8,main_domain
train_004009,clean,clean,1,70,10,main_domain
train_004010,runaway_loop,runaway_loop,0,25,7,compliance_audit
train_004011,goal_drift,runaway_loop,1,78,1,main_domain
train_004012,deadlock,clean,1,42,8,main_domain
train_004013,runaway_loop,runaway_loop,0,53,10,main_domain
train_004014,duplicated_work,duplicated_work,1,43,7,main_domain
train_004015,duplicated_work,duplicated_work,1,43,8,main_domain
train_004016,runaway_loop,clean,0,87,9,main_domain
train_004017,goal_drift,goal_drift,1,41,11,main_domain
train_004018,clean,clean,1,36,7,main_domain
train_004019,clean,clean,0,69,10,main_domain
train_004020,goal_drift,goal_drift,1,37,12,compliance_audit
train_004021,runaway_loop,runaway_loop,0,47,10,main_domain
train_004022,duplicated_work,duplicated_work,1,58,7,main_domain
train_004023,goal_drift,goal_drift,0,44,14,main_domain
train_004024,clean,clean,1,17,4,compliance_audit
train_004025,dropped_handoff,dropped_handoff,0,44,10,main_domain
train_004026,clean,clean,1,33,7,compliance_audit
train_004027,deadlock,dropped_handoff,0,29,8,main_domain
train_004028,goal_drift,goal_drift,0,17,9,compliance_audit
train_004029,runaway_loop,runaway_loop,1,22,1,main_domain
train_004030,goal_drift,goal_drift,0,49,11,main_domain
train_004031,clean,clean,1,36,8,main_domain
train_004032,duplicated_work,deadlock,0,43,8,main_domain
train_004033,runaway_loop,runaway_loop,1,56,7,main_domain
train_004034,duplicated_work,duplicated_work,1,63,10,main_domain
train_004035,dropped_handoff,dropped_handoff,0,44,9,main_domain
train_004036,dropped_handoff,dropped_handoff,1,34,1,main_domain
train_004037,duplicated_work,runaway_loop,1,71,9,main_domain
train_004038,dropped_handoff,dropped_handoff,0,22,8,main_domain
train_004039,goal_drift,goal_drift,0,33,12,main_domain
train_004040,conflict,conflict,0,26,6,main_domain
train_004041,goal_drift,goal_drift,0,52,12,main_domain
train_004042,deadlock,deadlock,0,23,6,main_domain
train_004043,clean,clean,1,45,10,main_domain
train_004044,deadlock,deadlock,0,28,7,main_domain
train_004045,dropped_handoff,goal_drift,0,65,13,main_domain
train_004046,conflict,conflict,0,24,7,main_domain
train_004047,duplicated_work,duplicated_work,1,49,9,compliance_audit
train_004048,deadlock,conflict,0,42,8,main_domain
train_004049,clean,clean,1,30,7,main_domain
train_004050,runaway_loop,runaway_loop,1,43,8,compliance_audit
train_004051,duplicated_work,duplicated_work,0,19,5,compliance_audit
train_004052,conflict,conflict,0,29,7,main_domain
train_004053,runaway_loop,runaway_loop,0,51,7,compliance_audit
train_004054,conflict,duplicated_work,1,57,10,compliance_audit
train_004055,goal_drift,goal_drift,0,43,12,main_domain
train_004056,conflict,conflict,0,41,10,main_domain
train_004057,runaway_loop,runaway_loop,1,42,8,main_domain
train_004058,duplicated_work,clean,1,54,9,main_domain
train_004059,duplicated_work,clean,1,37,1,main_domain
train_004060,deadlock,deadlock,0,23,6,main_domain
train_004061,clean,clean,1,77,1,main_domain
train_004062,deadlock,deadlock,0,41,13,main_domain
train_004063,runaway_loop,runaway_loop,0,60,8,main_domain
train_004064,dropped_handoff,dropped_handoff,0,21,6,main_domain
train_004065,runaway_loop,runaway_loop,0,65,9,main_domain
train_004066,deadlock,deadlock,0,40,9,main_domain
train_004067,dropped_handoff,clean,1,61,10,main_domain
train_004068,runaway_loop,runaway_loop,0,62,1,main_domain
train_004069,dropped_handoff,clean,0,58,9,main_domain
train_004070,runaway_loop,runaway_loop,0,60,9,main_domain
train_004071,clean,clean,1,37,8,compliance_audit
train_004072,clean,clean,1,25,7,main_domain
train_004073,clean,clean,1,25,1,main_domain
train_004074,conflict,conflict,0,20,6,main_domain
train_004075,runaway_loop,runaway_loop,0,76,10,main_domain
train_004076,deadlock,deadlock,0,17,4,main_domain
train_004077,deadlock,deadlock,0,27,5,compliance_audit
train_004078,conflict,conflict,1,72,9,main_domain
train_004079,clean,clean,1,29,7,main_domain
train_004080,clean,clean,1,33,6,compliance_audit
train_004081,dropped_handoff,goal_drift,0,19,9,main_domain
train_004082,clean,clean,1,52,9,main_domain
train_004083,clean,clean,1,44,8,compliance_audit
train_004084,clean,dropped_handoff,0,43,8,main_domain
train_004085,duplicated_work,dropped_handoff,1,41,7,main_domain
train_004086,conflict,conflict,0,42,8,main_domain
train_004087,clean,runaway_loop,0,52,8,main_domain
train_004088,goal_drift,goal_drift,0,29,9,main_domain
train_004089,conflict,conflict,1,101,10,compliance_audit
train_004090,clean,clean,1,33,8,compliance_audit
train_004091,deadlock,deadlock,1,50,8,main_domain
train_004092,conflict,conflict,0,29,6,main_domain
train_004093,clean,clean,0,29,7,main_domain
train_004094,goal_drift,goal_drift,1,81,14,main_domain
train_004095,clean,clean,1,17,5,compliance_audit
train_004096,clean,clean,1,58,10,main_domain
train_004097,clean,deadlock,0,26,7,main_domain
train_004098,clean,clean,1,39,9,compliance_audit
train_004099,clean,clean,0,20,6,compliance_audit
train_004100,conflict,runaway_loop,1,50,8,main_domain
train_004101,clean,clean,1,26,6,compliance_audit
train_004102,clean,clean,1,42,10,compliance_audit
train_004103,runaway_loop,goal_drift,0,75,15,compliance_audit
train_004104,conflict,conflict,1,76,10,compliance_audit
train_004105,clean,clean,0,48,7,compliance_audit
train_004106,runaway_loop,runaway_loop,0,79,10,main_domain
train_004107,runaway_loop,runaway_loop,1,54,9,main_domain
train_004108,deadlock,deadlock,0,56,9,main_domain
train_004109,clean,clean,1,30,7,main_domain
train_004110,goal_drift,deadlock,0,51,10,main_domain
train_004111,goal_drift,goal_drift,1,47,12,main_domain
train_004112,duplicated_work,duplicated_work,1,42,6,main_domain
train_004113,duplicated_work,duplicated_work,1,37,5,main_domain
train_004114,duplicated_work,duplicated_work,1,66,7,main_domain
train_004115,deadlock,clean,1,129,10,compliance_audit
train_004116,conflict,conflict,1,37,6,main_domain
train_004117,duplicated_work,duplicated_work,1,28,1,main_domain
train_004118,conflict,conflict,1,62,1,main_domain
train_004119,deadlock,deadlock,0,40,8,compliance_audit
train_004120,clean,clean,1,62,1,main_domain
train_004121,clean,clean,1,18,5,main_domain
train_004122,clean,clean,1,35,8,main_domain
train_004123,dropped_handoff,conflict,1,78,9,main_domain
train_004124,runaway_loop,runaway_loop,1,74,9,compliance_audit
train_004125,duplicated_work,duplicated_work,1,70,10,main_domain
train_004126,clean,clean,1,23,5,main_domain
train_004127,clean,clean,1,51,9,compliance_audit
train_004128,conflict,conflict,0,30,1,compliance_audit
train_004129,runaway_loop,runaway_loop,0,30,5,compliance_audit
train_004130,duplicated_work,duplicated_work,1,67,10,compliance_audit
train_004131,conflict,conflict,0,49,1,main_domain
train_004132,runaway_loop,clean,1,56,10,main_domain
train_004133,duplicated_work,clean,1,49,9,main_domain
train_004134,duplicated_work,duplicated_work,1,49,7,main_domain
train_004135,runaway_loop,runaway_loop,0,63,9,main_domain
train_004136,clean,clean,1,62,1,compliance_audit
train_004137,dropped_handoff,dropped_handoff,0,20,7,main_domain
train_004138,runaway_loop,runaway_loop,0,40,9,main_domain
train_004139,clean,clean,1,34,8,main_domain
train_004140,duplicated_work,clean,1,46,9,main_domain
train_004141,clean,clean,1,67,1,main_domain
train_004142,clean,dropped_handoff,0,26,5,main_domain
train_004143,dropped_handoff,deadlock,0,65,9,compliance_audit
train_004144,dropped_handoff,duplicated_work,0,86,10,compliance_audit
train_004145,goal_drift,goal_drift,0,62,14,main_domain
train_004146,clean,clean,0,37,7,main_domain
train_004147,conflict,conflict,1,34,1,compliance_audit
train_004148,clean,clean,1,30,7,compliance_audit
train_004149,runaway_loop,runaway_loop,0,57,10,main_domain
train_004150,goal_drift,goal_drift,0,36,12,main_domain
train_004151,goal_drift,runaway_loop,1,47,12,main_domain
train_004152,duplicated_work,clean,1,60,1,compliance_audit
train_004153,goal_drift,goal_drift,0,47,1,compliance_audit
train_004154,deadlock,deadlock,0,35,1,main_domain
train_004155,conflict,conflict,0,43,9,compliance_audit
train_004156,dropped_handoff,runaway_loop,0,52,9,main_domain
train_004157,runaway_loop,runaway_loop,1,72,9,compliance_audit
train_004158,conflict,conflict,0,45,1,main_domain
train_004159,clean,clean,1,30,8,main_domain
train_004160,deadlock,deadlock,0,29,8,main_domain
train_004161,runaway_loop,runaway_loop,1,63,10,main_domain
train_004162,dropped_handoff,dropped_handoff,0,41,9,compliance_audit
train_004163,duplicated_work,duplicated_work,1,53,10,main_domain
train_004164,duplicated_work,duplicated_work,1,56,9,compliance_audit
train_004165,deadlock,dropped_handoff,0,42,8,main_domain
train_004166,dropped_handoff,clean,1,82,10,main_domain
train_004167,clean,clean,1,35,8,main_domain
train_004168,runaway_loop,runaway_loop,0,42,6,main_domain
train_004169,clean,clean,1,65,9,main_domain
train_004170,clean,clean,1,61,9,main_domain
train_004171,duplicated_work,duplicated_work,1,22,6,main_domain
train_004172,deadlock,deadlock,0,54,10,compliance_audit
train_004173,deadlock,deadlock,0,21,5,main_domain
train_004174,deadlock,clean,0,23,6,main_domain
train_004175,dropped_handoff,dropped_handoff,0,39,10,compliance_audit
train_004176,goal_drift,deadlock,0,30,9,main_domain
train_004177,goal_drift,goal_drift,0,49,1,main_domain
train_004178,goal_drift,goal_drift,0,20,1,main_domain
train_004179,clean,clean,0,35,9,main_domain
train_004180,runaway_loop,runaway_loop,0,41,7,main_domain
train_004181,dropped_handoff,dropped_handoff,0,12,4,compliance_audit
train_004182,goal_drift,goal_drift,0,64,13,main_domain
train_004183,dropped_handoff,dropped_handoff,0,32,9,main_domain
train_004184,clean,clean,1,36,9,main_domain
train_004185,deadlock,goal_drift,0,52,12,main_domain
train_004186,clean,deadlock,0,70,10,compliance_audit
train_004187,clean,deadlock,0,39,7,compliance_audit
train_004188,runaway_loop,runaway_loop,0,106,10,compliance_audit
train_004189,dropped_handoff,clean,1,51,10,main_domain
train_004190,goal_drift,goal_drift,1,46,13,main_domain
train_004191,clean,clean,1,45,9,main_domain
train_004192,conflict,conflict,0,59,10,main_domain
train_004193,duplicated_work,duplicated_work,0,21,6,main_domain
train_004194,dropped_handoff,deadlock,0,26,8,compliance_audit
train_004195,dropped_handoff,clean,1,29,8,compliance_audit
train_004196,goal_drift,goal_drift,0,49,11,compliance_audit
train_004197,runaway_loop,runaway_loop,0,37,8,main_domain
train_004198,dropped_handoff,dropped_handoff,0,26,8,compliance_audit
train_004199,clean,clean,1,47,9,compliance_audit
train_004200,dropped_handoff,runaway_loop,0,66,10,main_domain
train_004201,duplicated_work,conflict,0,73,10,main_domain
train_004202,dropped_handoff,deadlock,0,35,1,main_domain
train_004203,dropped_handoff,clean,0,96,9,main_domain
train_004204,runaway_loop,runaway_loop,0,31,6,main_domain
train_004205,goal_drift,goal_drift,1,37,11,main_domain
train_004206,runaway_loop,runaway_loop,0,31,6,compliance_audit
train_004207,conflict,conflict,1,27,5,main_domain
train_004208,goal_drift,goal_drift,1,46,14,main_domain
train_004209,conflict,conflict,1,68,10,main_domain
train_004210,deadlock,deadlock,0,26,6,compliance_audit
train_004211,clean,clean,1,24,4,main_domain
train_004212,dropped_handoff,clean,1,46,10,main_domain
train_004213,duplicated_work,clean,1,44,8,main_domain
train_004214,conflict,clean,1,60,10,main_domain
train_004215,clean,clean,1,42,7,main_domain
train_004216,dropped_handoff,goal_drift,0,46,13,main_domain
train_004217,goal_drift,goal_drift,0,31,10,main_domain
train_004218,dropped_handoff,dropped_handoff,0,24,7,main_domain
train_004219,clean,clean,0,42,1,main_domain
train_004220,clean,clean,1,46,10,compliance_audit
train_004221,conflict,conflict,1,33,6,main_domain
train_004222,duplicated_work,conflict,1,32,7,compliance_audit
train_004223,duplicated_work,duplicated_work,1,55,8,main_domain
train_004224,goal_drift,duplicated_work,0,36,1,main_domain
train_004225,clean,clean,1,19,5,main_domain
train_004226,dropped_handoff,goal_drift,0,21,10,compliance_audit
train_004227,dropped_handoff,dropped_handoff,0,21,5,main_domain
train_004228,dropped_handoff,dropped_handoff,0,53,9,main_domain
train_004229,dropped_handoff,dropped_handoff,0,47,1,main_domain
train_004230,dropped_handoff,dropped_handoff,0,26,6,compliance_audit
train_004231,deadlock,clean,0,27,5,main_domain
train_004232,clean,clean,1,46,8,compliance_audit
train_004233,deadlock,deadlock,0,52,9,compliance_audit
train_004234,duplicated_work,clean,1,44,8,main_domain
train_004235,clean,clean,1,47,10,main_domain
train_004236,clean,clean,1,72,10,main_domain
train_004237,clean,dropped_handoff,0,24,6,compliance_audit
train_004238,deadlock,deadlock,0,45,9,main_domain
train_004239,clean,clean,1,57,9,compliance_audit
train_004240,clean,clean,1,35,8,main_domain
train_004241,clean,clean,1,50,10,main_domain
train_004242,clean,clean,1,82,10,main_domain
train_004243,clean,clean,1,20,5,main_domain
train_004244,dropped_handoff,conflict,0,45,6,main_domain
train_004245,deadlock,clean,0,42,8,main_domain
train_004246,duplicated_work,clean,0,34,7,main_domain
train_004247,goal_drift,goal_drift,0,30,12,main_domain
train_004248,duplicated_work,duplicated_work,1,41,7,main_domain
train_004249,conflict,conflict,1,56,8,main_domain
train_004250,duplicated_work,duplicated_work,1,67,10,compliance_audit
train_004251,goal_drift,goal_drift,0,27,10,main_domain
train_004252,goal_drift,goal_drift,0,33,1,main_domain
train_004253,clean,clean,0,15,6,main_domain
train_004254,runaway_loop,runaway_loop,1,34,6,main_domain
train_004255,runaway_loop,runaway_loop,1,49,10,main_domain
train_004256,deadlock,deadlock,0,53,9,main_domain
train_004257,goal_drift,goal_drift,1,22,8,main_domain
train_004258,clean,clean,1,28,7,main_domain
train_004259,conflict,runaway_loop,0,52,8,compliance_audit
train_004260,deadlock,deadlock,0,51,8,main_domain
train_004261,dropped_handoff,clean,1,46,7,main_domain
train_004262,clean,clean,1,34,8,main_domain
train_004263,duplicated_work,runaway_loop,0,67,8,main_domain
train_004264,runaway_loop,goal_drift,1,77,12,main_domain
train_004265,conflict,conflict,0,50,8,main_domain
train_004266,conflict,conflict,0,24,7,main_domain
train_004267,runaway_loop,runaway_loop,0,45,9,main_domain
train_004268,goal_drift,goal_drift,1,66,12,main_domain
train_004269,goal_drift,goal_drift,0,20,8,main_domain
train_004270,duplicated_work,duplicated_work,1,38,6,main_domain
train_004271,goal_drift,goal_drift,0,45,11,compliance_audit
train_004272,runaway_loop,runaway_loop,1,80,9,main_domain
train_004273,duplicated_work,duplicated_work,1,80,10,main_domain
train_004274,goal_drift,clean,1,31,1,main_domain
train_004275,clean,clean,1,32,8,main_domain
train_004276,dropped_handoff,conflict,0,45,9,main_domain
train_004277,clean,clean,1,34,7,main_domain
train_004278,dropped_handoff,dropped_handoff,0,33,5,main_domain
train_004279,deadlock,deadlock,0,31,8,main_domain
train_004280,goal_drift,goal_drift,0,27,10,main_domain
train_004281,clean,clean,1,55,9,main_domain
train_004282,goal_drift,goal_drift,0,25,9,compliance_audit
train_004283,dropped_handoff,clean,1,43,8,main_domain
train_004284,conflict,conflict,0,54,9,main_domain
train_004285,deadlock,deadlock,0,46,9,main_domain
train_004286,goal_drift,goal_drift,0,31,10,main_domain
train_004287,duplicated_work,duplicated_work,0,38,8,compliance_audit
train_004288,clean,clean,1,83,9,main_domain
train_004289,runaway_loop,goal_drift,0,62,13,main_domain
train_004290,dropped_handoff,clean,1,76,10,compliance_audit
train_004291,conflict,conflict,1,41,10,compliance_audit
train_004292,duplicated_work,duplicated_work,1,68,9,main_domain
train_004293,duplicated_work,duplicated_work,1,102,9,main_domain
train_004294,dropped_handoff,deadlock,0,52,1,main_domain
train_004295,duplicated_work,goal_drift,1,110,13,main_domain
train_004296,deadlock,deadlock,0,29,7,compliance_audit
train_004297,clean,clean,1,44,9,main_domain
train_004298,clean,clean,1,25,7,main_domain
train_004299,conflict,conflict,0,84,15,compliance_audit
train_004300,clean,clean,0,42,8,main_domain
train_004301,deadlock,deadlock,0,40,7,main_domain
train_004302,duplicated_work,duplicated_work,0,50,1,main_domain
train_004303,dropped_handoff,dropped_handoff,0,19,6,main_domain
train_004304,runaway_loop,clean,1,40,8,main_domain
train_004305,runaway_loop,runaway_loop,0,66,8,main_domain
train_004306,clean,clean,1,22,6,main_domain
train_004307,clean,duplicated_work,1,36,8,main_domain
train_004308,deadlock,deadlock,0,40,8,main_domain
train_004309,clean,clean,1,51,9,main_domain
train_004310,goal_drift,goal_drift,0,66,14,compliance_audit
train_004311,duplicated_work,goal_drift,1,44,11,main_domain
train_004312,clean,clean,1,54,8,main_domain
train_004313,deadlock,deadlock,0,27,6,main_domain
train_004314,clean,dropped_handoff,0,19,6,compliance_audit
train_004315,deadlock,deadlock,0,49,10,main_domain
train_004316,clean,runaway_loop,0,49,10,main_domain
train_004317,runaway_loop,runaway_loop,0,40,9,compliance_audit
train_004318,goal_drift,goal_drift,0,42,12,compliance_audit
train_004319,runaway_loop,runaway_loop,0,24,6,main_domain
train_004320,clean,clean,1,35,9,main_domain
train_004321,goal_drift,goal_drift,0,47,15,main_domain
train_004322,runaway_loop,runaway_loop,0,39,8,main_domain
train_004323,runaway_loop,runaway_loop,0,66,10,main_domain
train_004324,duplicated_work,deadlock,0,22,5,main_domain
train_004325,deadlock,deadlock,0,36,9,compliance_audit
train_004326,conflict,conflict,1,65,1,main_domain
train_004327,clean,clean,0,20,6,compliance_audit
train_004328,clean,clean,1,49,9,main_domain
train_004329,duplicated_work,duplicated_work,1,55,9,main_domain
train_004330,clean,clean,1,60,10,main_domain
train_004331,runaway_loop,runaway_loop,1,32,6,main_domain
train_004332,clean,runaway_loop,0,63,10,main_domain
train_004333,clean,clean,1,22,6,main_domain
train_004334,clean,clean,1,46,8,compliance_audit
train_004335,clean,clean,1,59,9,main_domain
train_004336,runaway_loop,dropped_handoff,1,68,10,compliance_audit
train_004337,dropped_handoff,goal_drift,0,42,11,main_domain
train_004338,duplicated_work,duplicated_work,1,61,9,compliance_audit
train_004339,conflict,conflict,0,30,1,main_domain
train_004340,clean,clean,1,39,7,main_domain
train_004341,clean,clean,1,25,5,main_domain
train_004342,conflict,conflict,0,42,7,main_domain
train_004343,runaway_loop,runaway_loop,0,39,8,main_domain
train_004344,clean,clean,1,66,9,main_domain
train_004345,dropped_handoff,clean,1,35,6,main_domain
train_004346,deadlock,clean,1,26,7,compliance_audit
train_004347,deadlock,deadlock,0,24,1,compliance_audit
train_004348,dropped_handoff,deadlock,0,41,9,main_domain
train_004349,duplicated_work,duplicated_work,1,45,6,compliance_audit
train_004350,goal_drift,goal_drift,0,30,10,main_domain
train_004351,dropped_handoff,dropped_handoff,0,34,7,main_domain
train_004352,runaway_loop,runaway_loop,0,42,7,main_domain
train_004353,dropped_handoff,dropped_handoff,0,36,8,main_domain
train_004354,deadlock,deadlock,0,53,8,main_domain
train_004355,conflict,conflict,0,29,6,main_domain
train_004356,runaway_loop,runaway_loop,0,38,9,main_domain
train_004357,dropped_handoff,dropped_handoff,0,36,9,main_domain
train_004358,dropped_handoff,dropped_handoff,0,45,8,compliance_audit
train_004359,deadlock,deadlock,0,45,9,main_domain
train_004360,duplicated_work,duplicated_work,1,49,9,main_domain
train_004361,deadlock,deadlock,0,46,9,compliance_audit
train_004362,clean,clean,1,22,6,main_domain
train_004363,clean,deadlock,0,48,9,compliance_audit
train_004364,dropped_handoff,clean,1,26,7,main_domain
train_004365,clean,clean,1,39,8,compliance_audit
train_004366,deadlock,deadlock,0,19,5,compliance_audit
train_004367,goal_drift,goal_drift,0,19,8,main_domain
train_004368,conflict,conflict,0,40,10,main_domain
train_004369,runaway_loop,runaway_loop,1,41,7,main_domain
train_004370,deadlock,clean,0,46,9,compliance_audit
train_004371,duplicated_work,duplicated_work,1,34,7,main_domain
train_004372,clean,clean,1,23,6,main_domain
train_004373,goal_drift,goal_drift,0,46,13,main_domain
train_004374,runaway_loop,runaway_loop,0,39,7,compliance_audit
train_004375,deadlock,clean,0,104,1,compliance_audit
train_004376,conflict,conflict,0,63,8,main_domain
train_004377,clean,clean,0,73,1,main_domain
train_004378,runaway_loop,runaway_loop,0,31,1,main_domain
train_004379,goal_drift,goal_drift,0,45,12,main_domain
train_004380,conflict,conflict,0,38,9,main_domain
train_004381,clean,clean,0,23,5,compliance_audit
train_004382,runaway_loop,runaway_loop,0,51,8,main_domain
train_004383,runaway_loop,runaway_loop,0,37,7,main_domain
train_004384,goal_drift,goal_drift,0,25,9,main_domain
train_004385,runaway_loop,runaway_loop,1,40,7,main_domain
train_004386,dropped_handoff,dropped_handoff,0,16,6,main_domain
train_004387,runaway_loop,runaway_loop,1,59,7,main_domain
train_004388,goal_drift,goal_drift,0,43,12,main_domain
train_004389,runaway_loop,runaway_loop,0,48,8,main_domain
train_004390,dropped_handoff,dropped_handoff,0,15,6,main_domain
train_004391,goal_drift,goal_drift,0,28,9,main_domain
train_004392,clean,deadlock,0,50,9,compliance_audit
train_004393,duplicated_work,duplicated_work,1,50,8,main_domain
train_004394,deadlock,dropped_handoff,1,33,7,main_domain
train_004395,clean,clean,1,26,6,compliance_audit
train_004396,clean,clean,1,27,6,main_domain
train_004397,goal_drift,dropped_handoff,0,49,9,main_domain
train_004398,deadlock,deadlock,0,43,1,main_domain
train_004399,dropped_handoff,runaway_loop,0,64,10,main_domain
train_004400,runaway_loop,clean,0,35,7,main_domain
train_004401,runaway_loop,runaway_loop,0,45,9,compliance_audit
train_004402,clean,deadlock,1,49,9,main_domain
train_004403,deadlock,dropped_handoff,0,41,8,main_domain
train_004404,clean,clean,1,41,9,main_domain
train_004405,clean,clean,1,50,9,main_domain
train_004406,dropped_handoff,dropped_handoff,0,19,7,main_domain
train_004407,conflict,conflict,1,24,6,main_domain
train_004408,clean,clean,1,52,1,main_domain
train_004409,deadlock,deadlock,0,47,9,main_domain
train_004410,clean,clean,1,72,10,main_domain
train_004411,goal_drift,goal_drift,0,27,10,main_domain
train_004412,conflict,conflict,1,40,8,main_domain
train_004413,runaway_loop,clean,1,59,10,compliance_audit
train_004414,dropped_handoff,clean,1,67,10,compliance_audit
train_004415,runaway_loop,runaway_loop,0,64,10,compliance_audit
train_004416,conflict,conflict,1,57,7,main_domain
train_004417,goal_drift,goal_drift,0,32,11,main_domain
train_004418,deadlock,deadlock,0,108,10,compliance_audit
train_004419,conflict,goal_drift,1,59,14,compliance_audit
train_004420,goal_drift,goal_drift,0,48,12,main_domain
train_004421,duplicated_work,clean,1,45,10,main_domain
train_004422,dropped_handoff,dropped_handoff,0,27,6,main_domain
train_004423,goal_drift,goal_drift,0,41,11,main_domain
train_004424,clean,clean,1,54,10,main_domain
train_004425,deadlock,clean,0,39,9,main_domain
train_004426,clean,clean,1,50,9,main_domain
train_004427,conflict,conflict,0,33,8,main_domain
train_004428,clean,clean,1,21,7,main_domain
train_004429,deadlock,runaway_loop,0,50,7,main_domain
train_004430,deadlock,deadlock,0,16,5,main_domain
train_004431,clean,clean,0,39,7,main_domain
train_004432,conflict,conflict,0,34,7,main_domain
train_004433,clean,clean,1,30,8,compliance_audit
train_004434,deadlock,deadlock,0,42,9,main_domain
train_004435,duplicated_work,duplicated_work,1,35,6,main_domain
train_004436,clean,clean,1,35,9,main_domain
train_004437,conflict,conflict,0,37,8,main_domain
train_004438,conflict,conflict,0,36,1,compliance_audit
train_004439,clean,clean,0,44,8,main_domain
train_004440,clean,clean,1,49,8,main_domain
train_004441,clean,goal_drift,0,44,1,main_domain
train_004442,conflict,deadlock,0,26,8,main_domain
train_004443,conflict,conflict,0,70,1,compliance_audit
train_004444,deadlock,clean,1,74,10,main_domain
train_004445,goal_drift,goal_drift,0,33,10,main_domain
train_004446,conflict,goal_drift,0,57,13,main_domain
train_004447,deadlock,runaway_loop,0,73,10,main_domain
train_004448,clean,clean,1,78,10,main_domain
train_004449,clean,deadlock,1,34,7,compliance_audit
train_004450,goal_drift,goal_drift,0,29,9,main_domain
train_004451,clean,clean,1,31,1,main_domain
train_004452,conflict,conflict,0,19,6,compliance_audit
train_004453,clean,clean,1,37,1,main_domain
train_004454,duplicated_work,duplicated_work,1,83,10,main_domain
train_004455,dropped_handoff,dropped_handoff,0,18,1,main_domain
train_004456,goal_drift,goal_drift,0,53,14,main_domain
train_004457,dropped_handoff,dropped_handoff,0,13,1,main_domain
train_004458,deadlock,runaway_loop,0,72,10,main_domain
train_004459,clean,clean,0,40,8,main_domain
train_004460,dropped_handoff,deadlock,0,28,9,main_domain
train_004461,goal_drift,goal_drift,0,46,12,main_domain
train_004462,clean,clean,1,24,5,main_domain
train_004463,conflict,conflict,1,78,9,main_domain
train_004464,runaway_loop,runaway_loop,1,40,7,main_domain
train_004465,duplicated_work,duplicated_work,1,43,8,compliance_audit
train_004466,goal_drift,goal_drift,0,38,11,main_domain
train_004467,deadlock,runaway_loop,0,25,6,main_domain
train_004468,goal_drift,goal_drift,0,49,12,main_domain
train_004469,runaway_loop,clean,1,66,10,main_domain
train_004470,duplicated_work,dropped_handoff,0,40,8,main_domain
train_004471,clean,deadlock,0,30,6,main_domain
train_004472,deadlock,deadlock,0,64,1,compliance_audit
train_004473,goal_drift,goal_drift,0,59,14,main_domain
train_004474,runaway_loop,runaway_loop,1,30,7,compliance_audit
train_004475,goal_drift,goal_drift,0,74,12,main_domain
train_004476,duplicated_work,duplicated_work,1,68,9,compliance_audit
train_004477,clean,clean,1,30,7,main_domain
train_004478,deadlock,runaway_loop,0,123,10,main_domain
train_004479,clean,clean,1,28,7,compliance_audit
train_004480,goal_drift,dropped_handoff,0,69,12,main_domain
train_004481,dropped_handoff,runaway_loop,0,54,1,main_domain
train_004482,runaway_loop,clean,0,44,9,main_domain
train_004483,runaway_loop,goal_drift,0,30,10,main_domain
train_004484,dropped_handoff,conflict,0,43,8,main_domain
train_004485,clean,clean,0,37,8,main_domain
train_004486,deadlock,goal_drift,0,98,14,main_domain
train_004487,duplicated_work,clean,1,82,10,compliance_audit
train_004488,conflict,conflict,1,53,9,compliance_audit
train_004489,deadlock,deadlock,0,14,5,compliance_audit
train_004490,clean,dropped_handoff,0,36,8,compliance_audit
train_004491,goal_drift,goal_drift,0,58,14,main_domain
train_004492,duplicated_work,duplicated_work,1,51,9,main_domain
train_004493,dropped_handoff,goal_drift,0,43,12,main_domain
train_004494,clean,clean,1,27,7,main_domain
train_004495,deadlock,dropped_handoff,0,53,9,compliance_audit
train_004496,duplicated_work,duplicated_work,0,48,9,main_domain
train_004497,duplicated_work,clean,0,39,9,main_domain
train_004498,clean,clean,1,41,9,main_domain
train_004499,duplicated_work,clean,1,49,1,main_domain
train_004500,dropped_handoff,conflict,0,73,10,main_domain
train_004501,goal_drift,goal_drift,0,43,12,compliance_audit
train_004502,runaway_loop,clean,1,41,8,main_domain
train_004503,clean,clean,1,66,8,main_domain
train_004504,goal_drift,goal_drift,0,27,10,main_domain
train_004505,clean,clean,1,42,9,main_domain
train_004506,runaway_loop,runaway_loop,0,39,1,compliance_audit
train_004507,deadlock,deadlock,0,31,8,main_domain
train_004508,conflict,conflict,1,27,6,main_domain
train_004509,goal_drift,goal_drift,0,38,12,main_domain
train_004510,goal_drift,goal_drift,0,29,10,main_domain
train_004511,conflict,clean,1,39,9,main_domain
train_004512,clean,clean,1,52,10,main_domain
train_004513,clean,conflict,0,32,1,main_domain
train_004514,conflict,conflict,1,64,9,main_domain
train_004515,conflict,conflict,1,83,9,main_domain
train_004516,clean,clean,1,34,7,main_domain
train_004517,duplicated_work,duplicated_work,1,55,7,main_domain
train_004518,conflict,conflict,0,60,9,main_domain
train_004519,deadlock,deadlock,0,63,9,main_domain
train_004520,deadlock,deadlock,1,39,8,compliance_audit
train_004521,goal_drift,goal_drift,0,61,14,main_domain
train_004522,clean,clean,1,29,8,main_domain
train_004523,deadlock,deadlock,0,75,8,main_domain
train_004524,clean,clean,1,39,9,main_domain
train_004525,runaway_loop,dropped_handoff,0,34,7,main_domain
train_004526,deadlock,deadlock,0,45,8,main_domain
train_004527,duplicated_work,duplicated_work,1,75,10,main_domain
train_004528,dropped_handoff,deadlock,0,34,6,main_domain
train_004529,duplicated_work,clean,1,75,10,main_domain
train_004530,clean,dropped_handoff,0,56,7,main_domain
train_004531,clean,clean,0,83,10,main_domain
train_004532,runaway_loop,runaway_loop,0,45,8,main_domain
train_004533,duplicated_work,clean,1,35,8,main_domain
train_004534,dropped_handoff,runaway_loop,0,44,8,main_domain
train_004535,conflict,conflict,1,54,8,compliance_audit
train_004536,dropped_handoff,deadlock,0,70,1,compliance_audit
train_004537,goal_drift,goal_drift,0,37,12,main_domain
train_004538,runaway_loop,deadlock,0,44,8,main_domain
train_004539,clean,clean,1,44,9,main_domain
train_004540,duplicated_work,clean,1,24,4,main_domain
train_004541,clean,clean,1,45,1,compliance_audit
train_004542,clean,clean,1,98,10,main_domain
train_004543,deadlock,deadlock,0,43,9,compliance_audit
train_004544,deadlock,clean,1,79,10,main_domain
train_004545,clean,clean,1,40,1,main_domain
train_004546,duplicated_work,clean,1,56,9,compliance_audit
train_004547,conflict,conflict,0,21,7,main_domain
train_004548,runaway_loop,runaway_loop,0,71,1,main_domain
train_004549,conflict,conflict,0,33,9,main_domain
train_004550,duplicated_work,conflict,1,35,4,main_domain
train_004551,deadlock,goal_drift,0,49,12,main_domain
train_004552,clean,clean,0,34,9,main_domain
train_004553,goal_drift,goal_drift,0,88,13,main_domain
train_004554,conflict,conflict,0,34,1,compliance_audit
train_004555,deadlock,clean,0,49,7,compliance_audit
train_004556,deadlock,deadlock,0,33,8,compliance_audit
train_004557,clean,clean,1,98,10,main_domain
train_004558,goal_drift,clean,1,44,1,main_domain
train_004559,runaway_loop,runaway_loop,1,69,10,main_domain
train_004560,runaway_loop,runaway_loop,0,39,8,compliance_audit
train_004561,clean,clean,1,46,8,compliance_audit
train_004562,conflict,deadlock,0,36,7,main_domain
train_004563,conflict,conflict,0,73,1,main_domain
train_004564,clean,clean,1,33,8,main_domain
train_004565,clean,clean,1,44,7,main_domain
train_004566,goal_drift,goal_drift,1,32,11,main_domain
train_004567,clean,clean,1,37,9,main_domain
train_004568,dropped_handoff,dropped_handoff,0,61,9,main_domain
train_004569,deadlock,deadlock,0,36,7,main_domain
train_004570,dropped_handoff,goal_drift,0,44,14,main_domain
train_004571,clean,clean,1,55,10,main_domain
train_004572,clean,clean,1,37,9,main_domain
train_004573,conflict,conflict,0,35,9,main_domain
train_004574,conflict,conflict,0,57,10,main_domain
train_004575,clean,clean,1,67,1,compliance_audit
train_004576,clean,clean,1,40,9,compliance_audit
train_004577,clean,clean,0,86,10,compliance_audit
train_004578,deadlock,deadlock,0,61,10,main_domain
train_004579,conflict,conflict,0,24,6,main_domain
train_004580,goal_drift,goal_drift,0,36,13,main_domain
train_004581,dropped_handoff,clean,0,76,10,main_domain
train_004582,conflict,conflict,0,61,9,compliance_audit
train_004583,conflict,conflict,0,31,7,main_domain
train_004584,conflict,conflict,0,47,9,main_domain
train_004585,goal_drift,goal_drift,0,25,8,main_domain
train_004586,runaway_loop,runaway_loop,1,73,8,main_domain
train_004587,runaway_loop,runaway_loop,0,79,10,main_domain
train_004588,conflict,conflict,1,58,10,main_domain
train_004589,clean,clean,1,49,10,compliance_audit
train_004590,deadlock,clean,0,38,7,compliance_audit
train_004591,clean,clean,1,39,6,main_domain
train_004592,duplicated_work,clean,0,36,1,main_domain
train_004593,deadlock,clean,1,66,1,main_domain
train_004594,duplicated_work,clean,1,91,10,main_domain
train_004595,duplicated_work,conflict,0,78,9,compliance_audit
train_004596,deadlock,deadlock,0,52,10,main_domain
train_004597,clean,clean,1,47,9,main_domain
train_004598,runaway_loop,clean,1,58,10,compliance_audit
train_004599,dropped_handoff,clean,0,39,8,compliance_audit
train_004600,clean,clean,1,48,10,main_domain
train_004601,clean,clean,0,41,9,main_domain
train_004602,goal_drift,goal_drift,0,27,10,main_domain
train_004603,clean,clean,1,20,6,main_domain
train_004604,clean,clean,1,36,7,main_domain
train_004605,runaway_loop,runaway_loop,1,82,9,main_domain
train_004606,clean,clean,1,47,7,compliance_audit
train_004607,dropped_handoff,clean,1,41,6,main_domain
train_004608,goal_drift,clean,0,41,1,compliance_audit
train_004609,deadlock,clean,1,46,1,main_domain
train_004610,deadlock,clean,1,86,10,main_domain
train_004611,clean,clean,1,34,8,main_domain
train_004612,dropped_handoff,dropped_handoff,0,77,10,main_domain
train_004613,clean,clean,1,31,8,main_domain
train_004614,clean,clean,1,28,7,main_domain
train_004615,dropped_handoff,conflict,0,21,6,main_domain
train_004616,goal_drift,deadlock,0,69,12,compliance_audit
train_004617,clean,deadlock,0,42,7,main_domain
train_004618,dropped_handoff,dropped_handoff,0,62,8,main_domain
train_004619,clean,clean,1,54,8,main_domain
train_004620,dropped_handoff,conflict,0,53,9,main_domain
train_004621,runaway_loop,duplicated_work,0,18,5,main_domain
train_004622,goal_drift,goal_drift,0,41,13,compliance_audit
train_004623,duplicated_work,runaway_loop,0,40,8,main_domain
train_004624,duplicated_work,dropped_handoff,0,46,9,main_domain
train_004625,clean,runaway_loop,0,64,7,compliance_audit
train_004626,goal_drift,goal_drift,0,39,11,main_domain
train_004627,goal_drift,goal_drift,0,37,12,main_domain
train_004628,goal_drift,deadlock,0,114,12,main_domain
train_004629,clean,clean,1,39,9,main_domain
train_004630,conflict,conflict,0,46,8,main_domain
train_004631,dropped_handoff,clean,0,38,8,main_domain
train_004632,goal_drift,goal_drift,0,49,12,main_domain
train_004633,clean,clean,1,63,9,main_domain
train_004634,deadlock,deadlock,0,31,5,main_domain
train_004635,clean,clean,1,16,4,compliance_audit
train_004636,duplicated_work,duplicated_work,1,69,7,main_domain
train_004637,runaway_loop,runaway_loop,0,35,7,compliance_audit
train_004638,dropped_handoff,runaway_loop,0,129,10,main_domain
train_004639,conflict,conflict,0,53,10,compliance_audit
train_004640,deadlock,runaway_loop,0,38,7,main_domain
train_004641,clean,clean,1,23,5,main_domain
train_004642,deadlock,goal_drift,0,27,9,compliance_audit
train_004643,dropped_handoff,dropped_handoff,0,42,9,compliance_audit
train_004644,clean,clean,1,46,9,main_domain
train_004645,clean,clean,1,25,6,main_domain
train_004646,clean,clean,1,36,9,main_domain
train_004647,clean,clean,1,60,9,main_domain
train_004648,dropped_handoff,clean,0,31,1,main_domain
train_004649,dropped_handoff,clean,1,34,6,main_domain
train_004650,dropped_handoff,deadlock,0,45,1,main_domain
train_004651,clean,clean,1,30,6,main_domain
train_004652,dropped_handoff,dropped_handoff,0,45,8,main_domain
train_004653,goal_drift,goal_drift,1,24,8,main_domain
train_004654,deadlock,clean,1,48,9,main_domain
train_004655,deadlock,clean,0,53,10,main_domain
train_004656,clean,clean,1,56,1,main_domain
train_004657,conflict,conflict,0,59,9,main_domain
train_004658,dropped_handoff,conflict,0,36,7,main_domain
train_004659,runaway_loop,duplicated_work,1,38,8,main_domain
train_004660,clean,clean,1,38,6,compliance_audit
train_004661,deadlock,deadlock,0,29,8,main_domain
train_004662,clean,clean,1,39,10,main_domain
train_004663,runaway_loop,duplicated_work,0,62,10,main_domain
train_004664,clean,clean,0,42,8,main_domain
train_004665,runaway_loop,runaway_loop,0,19,4,main_domain
train_004666,dropped_handoff,conflict,1,94,10,main_domain
train_004667,clean,deadlock,1,72,8,main_domain
train_004668,clean,clean,0,73,1,main_domain
train_004669,clean,clean,1,68,10,main_domain
train_004670,clean,clean,1,41,9,main_domain
train_004671,clean,clean,1,19,6,main_domain
train_004672,clean,clean,0,17,5,compliance_audit
train_004673,deadlock,goal_drift,0,23,10,main_domain
train_004674,duplicated_work,clean,0,42,8,main_domain
train_004675,goal_drift,goal_drift,1,55,14,main_domain
train_004676,runaway_loop,runaway_loop,1,37,6,compliance_audit
train_004677,clean,clean,1,30,7,main_domain
train_004678,deadlock,deadlock,0,111,1,main_domain
train_004679,clean,clean,1,25,7,main_domain
train_004680,clean,clean,1,34,8,main_domain
train_004681,goal_drift,runaway_loop,1,72,1,main_domain
train_004682,clean,clean,1,48,8,main_domain
train_004683,conflict,conflict,1,37,7,compliance_audit
train_004684,clean,clean,1,24,6,main_domain
train_004685,clean,clean,1,51,9,main_domain
train_004686,clean,clean,1,20,7,main_domain
train_004687,conflict,conflict,0,27,5,main_domain
train_004688,clean,clean,1,38,8,compliance_audit
train_004689,clean,clean,1,21,6,compliance_audit
train_004690,goal_drift,goal_drift,0,30,12,main_domain
train_004691,deadlock,deadlock,0,45,1,compliance_audit
train_004692,conflict,conflict,1,39,9,compliance_audit
train_004693,clean,clean,1,44,7,main_domain
train_004694,duplicated_work,clean,1,23,5,main_domain
train_004695,duplicated_work,clean,1,41,8,main_domain
train_004696,deadlock,deadlock,0,30,8,main_domain
train_004697,runaway_loop,dropped_handoff,0,28,1,main_domain
train_004698,goal_drift,clean,1,51,10,compliance_audit
train_004699,clean,dropped_handoff,0,37,9,compliance_audit
train_004700,deadlock,clean,1,56,10,compliance_audit
train_004701,deadlock,deadlock,0,17,5,main_domain
train_004702,dropped_handoff,clean,1,66,10,compliance_audit
train_004703,conflict,conflict,0,51,9,compliance_audit
train_004704,dropped_handoff,clean,0,71,10,compliance_audit
train_004705,dropped_handoff,runaway_loop,0,46,1,compliance_audit
train_004706,dropped_handoff,dropped_handoff,0,25,7,main_domain
train_004707,conflict,conflict,0,46,9,compliance_audit
train_004708,deadlock,clean,0,26,1,main_domain
train_004709,deadlock,deadlock,0,34,9,main_domain
train_004710,deadlock,deadlock,0,25,7,compliance_audit
train_004711,runaway_loop,runaway_loop,0,31,1,compliance_audit
train_004712,goal_drift,clean,1,20,1,compliance_audit
train_004713,clean,clean,1,83,10,compliance_audit
train_004714,duplicated_work,duplicated_work,1,82,10,compliance_audit
train_004715,clean,clean,1,33,8,main_domain
train_004716,clean,runaway_loop,1,67,9,compliance_audit
train_004717,runaway_loop,runaway_loop,1,71,1,main_domain
train_004718,runaway_loop,runaway_loop,0,40,8,compliance_audit
train_004719,runaway_loop,runaway_loop,0,61,10,main_domain
train_004720,duplicated_work,duplicated_work,1,37,6,main_domain
train_004721,clean,clean,1,91,9,compliance_audit
train_004722,clean,clean,1,49,10,main_domain
train_004723,duplicated_work,clean,1,58,10,compliance_audit
train_004724,clean,clean,1,34,8,main_domain
train_004725,deadlock,deadlock,0,45,8,main_domain
train_004726,goal_drift,goal_drift,0,32,12,compliance_audit
train_004727,clean,clean,1,108,10,main_domain
train_004728,dropped_handoff,clean,0,48,9,main_domain
train_004729,deadlock,deadlock,0,20,5,compliance_audit
train_004730,duplicated_work,duplicated_work,1,51,8,main_domain
train_004731,runaway_loop,runaway_loop,0,24,4,main_domain
train_004732,duplicated_work,duplicated_work,1,47,8,compliance_audit
train_004733,dropped_handoff,dropped_handoff,0,54,10,main_domain
train_004734,deadlock,deadlock,0,58,1,compliance_audit
train_004735,duplicated_work,duplicated_work,0,35,7,main_domain
train_004736,deadlock,deadlock,0,44,10,compliance_audit
train_004737,duplicated_work,duplicated_work,1,31,6,main_domain
train_004738,conflict,conflict,0,48,9,main_domain
train_004739,runaway_loop,runaway_loop,0,51,8,main_domain
train_004740,duplicated_work,duplicated_work,1,41,9,main_domain
train_004741,goal_drift,goal_drift,1,23,9,compliance_audit
train_004742,clean,clean,1,34,8,main_domain
train_004743,duplicated_work,runaway_loop,1,74,10,main_domain
train_004744,clean,clean,1,21,6,main_domain
train_004745,clean,clean,1,52,9,main_domain
train_004746,runaway_loop,runaway_loop,0,58,8,main_domain
train_004747,clean,clean,1,28,8,main_domain
train_004748,clean,clean,1,33,8,main_domain
train_004749,clean,clean,1,34,8,main_domain
train_004750,conflict,conflict,1,43,8,main_domain
train_004751,clean,clean,0,88,10,main_domain
train_004752,clean,clean,0,39,7,main_domain
train_004753,clean,clean,1,54,10,compliance_audit
train_004754,goal_drift,goal_drift,0,45,13,main_domain
train_004755,dropped_handoff,conflict,0,54,1,main_domain
train_004756,clean,clean,1,22,6,main_domain
train_004757,conflict,conflict,0,44,9,compliance_audit
train_004758,duplicated_work,duplicated_work,1,39,6,compliance_audit
train_004759,duplicated_work,clean,0,34,7,main_domain
train_004760,clean,clean,0,35,8,compliance_audit
train_004761,dropped_handoff,conflict,0,42,1,main_domain
train_004762,dropped_handoff,deadlock,0,30,7,main_domain
train_004763,goal_drift,runaway_loop,0,56,13,main_domain
train_004764,clean,clean,1,79,9,main_domain
train_004765,clean,clean,1,37,9,main_domain
train_004766,dropped_handoff,conflict,0,64,9,main_domain
train_004767,goal_drift,goal_drift,0,53,14,compliance_audit
train_004768,clean,clean,1,21,5,main_domain
train_004769,dropped_handoff,dropped_handoff,0,32,8,main_domain
train_004770,deadlock,deadlock,0,24,7,main_domain
train_004771,conflict,conflict,0,44,8,main_domain
train_004772,conflict,duplicated_work,1,56,8,main_domain
train_004773,clean,clean,1,25,6,main_domain
train_004774,goal_drift,goal_drift,1,62,14,main_domain
train_004775,goal_drift,goal_drift,0,32,9,main_domain
train_004776,goal_drift,goal_drift,0,47,12,compliance_audit
train_004777,goal_drift,goal_drift,0,36,12,main_domain
train_004778,goal_drift,goal_drift,0,65,13,main_domain
train_004779,runaway_loop,runaway_loop,1,57,10,main_domain
train_004780,dropped_handoff,clean,1,79,10,compliance_audit
train_004781,clean,clean,1,34,8,main_domain
train_004782,clean,clean,1,57,9,main_domain
train_004783,dropped_handoff,clean,0,29,7,compliance_audit
train_004784,deadlock,deadlock,1,44,10,main_domain
train_004785,clean,clean,1,50,9,main_domain
train_004786,deadlock,deadlock,0,51,10,main_domain
train_004787,clean,clean,1,40,9,main_domain
train_004788,clean,runaway_loop,1,125,1,main_domain
train_004789,conflict,conflict,0,76,1,main_domain
train_004790,clean,clean,1,25,6,main_domain
train_004791,deadlock,deadlock,0,53,7,main_domain
train_004792,clean,clean,1,34,7,compliance_audit
train_004793,clean,clean,1,35,7,main_domain
train_004794,clean,clean,1,30,8,main_domain
train_004795,clean,clean,1,30,8,main_domain
train_004796,clean,clean,1,42,10,main_domain
train_004797,dropped_handoff,dropped_handoff,1,23,6,main_domain
train_004798,clean,clean,1,20,6,main_domain
train_004799,dropped_handoff,clean,1,39,9,main_domain
train_004800,clean,clean,1,44,9,main_domain
train_004801,conflict,conflict,0,35,9,main_domain
train_004802,goal_drift,goal_drift,0,57,11,main_domain
train_004803,conflict,conflict,0,61,10,main_domain
train_004804,dropped_handoff,dropped_handoff,0,30,9,main_domain
train_004805,runaway_loop,runaway_loop,0,89,10,main_domain
train_004806,clean,clean,1,82,10,main_domain
train_004807,runaway_loop,runaway_loop,0,81,10,main_domain
train_004808,runaway_loop,runaway_loop,0,99,9,main_domain
train_004809,deadlock,dropped_handoff,0,29,7,main_domain
train_004810,clean,deadlock,1,22,4,compliance_audit
train_004811,deadlock,deadlock,0,31,5,main_domain
train_004812,goal_drift,goal_drift,0,44,10,main_domain
train_004813,conflict,conflict,0,31,7,main_domain
train_004814,deadlock,deadlock,0,55,1,compliance_audit
train_004815,runaway_loop,runaway_loop,0,30,4,main_domain
train_004816,goal_drift,goal_drift,0,48,13,compliance_audit
train_004817,clean,clean,1,29,6,main_domain
train_004818,deadlock,deadlock,0,28,7,main_domain
train_004819,duplicated_work,duplicated_work,1,41,8,main_domain
train_004820,deadlock,clean,1,37,1,main_domain
train_004821,runaway_loop,conflict,0,65,9,main_domain
train_004822,conflict,runaway_loop,0,41,1,main_domain
train_004823,duplicated_work,clean,1,20,1,main_domain
train_004824,runaway_loop,conflict,0,44,8,main_domain
train_004825,goal_drift,goal_drift,0,93,13,main_domain
train_004826,conflict,conflict,0,43,1,main_domain
train_004827,clean,clean,1,84,10,main_domain
train_004828,goal_drift,goal_drift,0,35,11,main_domain
train_004829,clean,runaway_loop,0,73,10,main_domain
train_004830,deadlock,deadlock,0,48,9,main_domain
train_004831,deadlock,clean,0,42,10,compliance_audit
train_004832,clean,clean,1,45,9,main_domain
train_004833,clean,clean,1,54,9,main_domain
train_004834,runaway_loop,runaway_loop,0,75,10,main_domain
train_004835,goal_drift,goal_drift,0,29,10,compliance_audit
train_004836,clean,clean,1,50,9,main_domain
train_004837,clean,clean,0,41,6,main_domain
train_004838,dropped_handoff,clean,1,24,7,main_domain
train_004839,clean,clean,1,50,9,main_domain
train_004840,deadlock,deadlock,0,56,1,compliance_audit
train_004841,conflict,conflict,0,37,9,main_domain
train_004842,deadlock,deadlock,0,31,6,main_domain
train_004843,conflict,conflict,1,29,6,main_domain
train_004844,clean,clean,0,27,9,main_domain
train_004845,conflict,conflict,0,42,10,main_domain
train_004846,runaway_loop,runaway_loop,0,65,1,compliance_audit
train_004847,goal_drift,goal_drift,0,30,11,main_domain
train_004848,conflict,conflict,1,46,1,compliance_audit
train_004849,conflict,conflict,0,20,1,main_domain
train_004850,dropped_handoff,deadlock,1,54,9,main_domain
train_004851,goal_drift,goal_drift,0,34,10,main_domain
train_004852,goal_drift,goal_drift,0,42,12,main_domain
train_004853,conflict,conflict,0,35,8,compliance_audit
train_004854,duplicated_work,clean,1,52,10,main_domain
train_004855,deadlock,clean,0,29,9,main_domain
train_004856,deadlock,deadlock,0,40,6,main_domain
train_004857,duplicated_work,conflict,0,49,8,main_domain
train_004858,conflict,conflict,1,59,8,main_domain
train_004859,runaway_loop,conflict,0,58,9,main_domain
train_004860,duplicated_work,dropped_handoff,0,45,1,main_domain
train_004861,goal_drift,goal_drift,1,52,12,main_domain
train_004862,duplicated_work,duplicated_work,1,53,9,main_domain
train_004863,clean,clean,1,31,1,compliance_audit
train_004864,clean,clean,0,14,1,main_domain
train_004865,duplicated_work,duplicated_work,1,63,10,main_domain
train_004866,duplicated_work,clean,0,50,7,main_domain
train_004867,runaway_loop,runaway_loop,0,91,10,compliance_audit
train_004868,clean,clean,1,60,10,compliance_audit
train_004869,duplicated_work,duplicated_work,1,33,6,main_domain
train_004870,dropped_handoff,clean,1,68,1,main_domain
train_004871,deadlock,deadlock,0,49,1,main_domain
train_004872,runaway_loop,clean,1,45,8,compliance_audit
train_004873,conflict,conflict,0,26,6,main_domain
train_004874,deadlock,deadlock,0,50,10,main_domain
train_004875,deadlock,deadlock,0,58,9,main_domain
train_004876,duplicated_work,duplicated_work,0,23,6,main_domain
train_004877,dropped_handoff,dropped_handoff,0,54,10,main_domain
train_004878,clean,clean,1,19,6,compliance_audit
train_004879,clean,clean,1,32,1,main_domain
train_004880,goal_drift,goal_drift,0,30,9,main_domain
train_004881,clean,clean,1,32,8,main_domain
train_004882,clean,clean,1,35,8,compliance_audit
train_004883,clean,clean,1,37,9,main_domain
train_004884,clean,clean,1,41,9,main_domain
train_004885,conflict,conflict,1,112,10,main_domain
train_004886,goal_drift,goal_drift,0,17,7,main_domain
train_004887,goal_drift,clean,1,29,1,main_domain
train_004888,duplicated_work,deadlock,0,67,9,compliance_audit
train_004889,runaway_loop,runaway_loop,0,23,1,main_domain
train_004890,dropped_handoff,goal_drift,0,29,9,compliance_audit
train_004891,conflict,clean,1,30,1,main_domain
train_004892,dropped_handoff,conflict,0,34,8,main_domain
train_004893,conflict,conflict,0,34,6,main_domain
train_004894,runaway_loop,runaway_loop,0,43,1,main_domain
train_004895,clean,clean,1,40,9,main_domain
train_004896,clean,clean,1,18,5,main_domain
train_004897,clean,clean,1,29,1,main_domain
train_004898,goal_drift,goal_drift,0,36,11,main_domain
train_004899,goal_drift,goal_drift,0,41,11,compliance_audit
train_004900,clean,clean,1,36,8,main_domain
train_004901,runaway_loop,runaway_loop,1,46,8,main_domain
train_004902,deadlock,deadlock,0,43,9,compliance_audit
train_004903,deadlock,clean,1,53,9,main_domain
train_004904,goal_drift,goal_drift,1,33,11,main_domain
train_004905,duplicated_work,duplicated_work,1,81,10,main_domain
train_004906,dropped_handoff,clean,1,25,7,compliance_audit
train_004907,conflict,conflict,1,47,9,main_domain
train_004908,deadlock,deadlock,0,49,8,main_domain
train_004909,duplicated_work,clean,1,70,9,compliance_audit
train_004910,goal_drift,clean,1,74,1,main_domain
train_004911,deadlock,clean,1,28,7,compliance_audit
train_004912,dropped_handoff,dropped_handoff,0,22,1,main_domain
train_004913,deadlock,deadlock,0,55,9,main_domain
train_004914,duplicated_work,duplicated_work,1,63,10,main_domain
train_004915,deadlock,conflict,0,36,1,main_domain
train_004916,dropped_handoff,goal_drift,0,56,14,compliance_audit
train_004917,dropped_handoff,clean,0,32,8,main_domain
train_004918,deadlock,clean,0,55,10,main_domain
train_004919,goal_drift,goal_drift,0,57,13,main_domain
train_004920,runaway_loop,clean,1,48,8,main_domain
train_004921,duplicated_work,goal_drift,0,42,12,main_domain
train_004922,clean,dropped_handoff,0,28,9,main_domain
train_004923,dropped_handoff,conflict,0,35,1,main_domain
train_004924,clean,clean,0,28,6,main_domain
train_004925,conflict,conflict,0,49,10,main_domain
train_004926,runaway_loop,runaway_loop,0,76,1,main_domain
train_004927,deadlock,deadlock,0,28,6,compliance_audit
train_004928,duplicated_work,duplicated_work,1,83,10,main_domain
train_004929,clean,clean,0,20,5,main_domain
train_004930,clean,clean,1,23,1,main_domain
train_004931,clean,clean,1,57,10,main_domain
train_004932,clean,clean,1,57,1,main_domain
train_004933,dropped_handoff,duplicated_work,0,79,10,compliance_audit
train_004934,duplicated_work,duplicated_work,1,32,9,main_domain
train_004935,goal_drift,goal_drift,0,72,11,main_domain
train_004936,clean,clean,1,39,10,main_domain
train_004937,goal_drift,clean,1,38,1,main_domain
train_004938,dropped_handoff,clean,1,28,6,main_domain
train_004939,clean,clean,1,41,9,main_domain
train_004940,dropped_handoff,dropped_handoff,0,108,10,main_domain
train_004941,duplicated_work,duplicated_work,0,21,4,main_domain
train_004942,goal_drift,goal_drift,0,33,12,main_domain
train_004943,duplicated_work,duplicated_work,1,89,10,main_domain
train_004944,deadlock,clean,0,51,10,main_domain
train_004945,goal_drift,goal_drift,0,23,11,main_domain
train_004946,dropped_handoff,runaway_loop,0,53,8,main_domain
train_004947,clean,clean,0,49,9,compliance_audit
train_004948,deadlock,deadlock,0,59,9,main_domain
train_004949,duplicated_work,clean,0,41,9,main_domain
train_004950,runaway_loop,deadlock,0,63,10,compliance_audit
train_004951,runaway_loop,runaway_loop,1,52,7,main_domain
train_004952,deadlock,deadlock,0,24,7,main_domain
train_004953,duplicated_work,clean,1,54,9,main_domain
train_004954,clean,clean,1,38,9,compliance_audit
train_004955,clean,clean,1,38,1,main_domain
train_004956,clean,clean,1,88,10,main_domain
train_004957,goal_drift,goal_drift,0,22,1,main_domain
train_004958,goal_drift,conflict,0,18,8,main_domain
train_004959,deadlock,dropped_handoff,1,47,9,main_domain
train_004960,clean,clean,1,60,9,main_domain
train_004961,clean,clean,1,51,9,main_domain
train_004962,conflict,conflict,1,41,9,main_domain
train_004963,goal_drift,goal_drift,0,20,8,main_domain
train_004964,deadlock,deadlock,0,61,9,compliance_audit
train_004965,conflict,conflict,0,23,7,main_domain
train_004966,duplicated_work,duplicated_work,0,68,9,main_domain
train_004967,conflict,conflict,0,34,9,main_domain
train_004968,clean,clean,1,68,9,main_domain
train_004969,goal_drift,goal_drift,0,51,11,main_domain
train_004970,clean,clean,1,24,5,main_domain
train_004971,runaway_loop,runaway_loop,0,61,9,compliance_audit
train_004972,clean,conflict,0,59,8,main_domain
train_004973,dropped_handoff,dropped_handoff,0,40,10,compliance_audit
train_004974,conflict,conflict,0,72,10,main_domain
train_004975,dropped_handoff,dropped_handoff,0,40,9,main_domain
train_004976,runaway_loop,clean,0,55,10,main_domain
train_004977,dropped_handoff,runaway_loop,1,75,9,main_domain
train_004978,dropped_handoff,duplicated_work,1,49,9,main_domain
train_004979,dropped_handoff,deadlock,0,28,8,main_domain
train_004980,dropped_handoff,clean,1,79,10,main_domain
train_004981,duplicated_work,clean,1,29,1,main_domain
train_004982,runaway_loop,runaway_loop,0,41,9,main_domain
train_004983,deadlock,deadlock,1,41,9,main_domain
train_004984,duplicated_work,duplicated_work,1,63,1,main_domain
train_004985,runaway_loop,runaway_loop,0,69,9,main_domain
train_004986,clean,clean,1,55,10,main_domain
train_004987,conflict,conflict,0,54,9,main_domain
train_004988,clean,dropped_handoff,0,27,7,main_domain
train_004989,dropped_handoff,dropped_handoff,0,16,5,main_domain
train_004990,clean,clean,1,38,9,main_domain
train_004991,clean,clean,1,48,9,compliance_audit
train_004992,conflict,conflict,0,133,1,compliance_audit
train_004993,duplicated_work,duplicated_work,0,61,10,main_domain
train_004994,clean,clean,0,43,10,main_domain
train_004995,deadlock,clean,1,13,6,main_domain
train_004996,clean,clean,1,62,10,main_domain
train_004997,dropped_handoff,clean,0,19,5,compliance_audit
train_004998,clean,clean,1,42,8,main_domain
train_004999,deadlock,runaway_loop,0,61,8,main_domain
train_005000,dropped_handoff,duplicated_work,1,52,8,main_domain
train_005001,goal_drift,conflict,0,43,12,main_domain
train_005002,clean,clean,1,58,9,main_domain
train_005003,clean,clean,1,51,10,compliance_audit
train_005004,dropped_handoff,clean,1,24,6,main_domain
train_005005,duplicated_work,runaway_loop,0,63,1,main_domain
train_005006,deadlock,deadlock,0,29,9,main_domain
train_005007,conflict,conflict,1,34,7,main_domain
train_005008,conflict,conflict,1,33,1,main_domain
train_005009,deadlock,deadlock,0,40,8,main_domain
train_005010,runaway_loop,runaway_loop,0,70,8,compliance_audit
train_005011,dropped_handoff,dropped_handoff,1,68,9,main_domain
train_005012,deadlock,deadlock,0,34,8,main_domain
train_005013,goal_drift,goal_drift,0,40,10,main_domain
train_005014,deadlock,deadlock,0,32,1,main_domain
train_005015,clean,clean,1,46,7,compliance_audit
train_005016,clean,clean,1,36,10,main_domain
train_005017,deadlock,dropped_handoff,0,27,7,main_domain
train_005018,duplicated_work,duplicated_work,1,54,10,main_domain
train_005019,clean,clean,1,22,5,main_domain
train_005020,dropped_handoff,dropped_handoff,1,38,6,main_domain
train_005021,clean,clean,1,47,7,compliance_audit
train_005022,goal_drift,goal_drift,0,30,1,main_domain
train_005023,clean,clean,1,24,7,main_domain
train_005024,deadlock,deadlock,0,80,10,main_domain
train_005025,duplicated_work,duplicated_work,0,15,5,compliance_audit
train_005026,conflict,conflict,1,33,5,compliance_audit
train_005027,deadlock,deadlock,0,41,9,compliance_audit
train_005028,deadlock,deadlock,0,31,7,main_domain
train_005029,clean,clean,1,40,6,main_domain
train_005030,deadlock,deadlock,1,44,9,main_domain
train_005031,clean,clean,1,57,8,main_domain
train_005032,conflict,conflict,0,50,1,main_domain
train_005033,clean,clean,1,32,7,main_domain
train_005034,dropped_handoff,clean,0,42,8,main_domain
train_005035,dropped_handoff,dropped_handoff,0,45,10,main_domain
train_005036,deadlock,deadlock,0,37,8,compliance_audit
train_005037,conflict,goal_drift,0,49,13,compliance_audit
train_005038,clean,clean,1,41,1,main_domain
train_005039,clean,clean,1,51,10,compliance_audit
train_005040,conflict,conflict,0,34,10,main_domain
train_005041,conflict,conflict,0,80,1,compliance_audit
train_005042,dropped_handoff,clean,1,33,7,main_domain
train_005043,clean,clean,1,56,10,main_domain
train_005044,goal_drift,goal_drift,0,21,9,main_domain
train_005045,deadlock,deadlock,0,38,9,compliance_audit
train_005046,clean,clean,1,32,8,main_domain
train_005047,duplicated_work,clean,1,43,9,main_domain
train_005048,clean,clean,1,42,1,main_domain
train_005049,dropped_handoff,runaway_loop,0,56,10,main_domain
train_005050,runaway_loop,runaway_loop,0,47,1,compliance_audit
train_005051,conflict,conflict,1,55,8,main_domain
train_005052,conflict,conflict,0,80,10,main_domain
train_005053,clean,clean,1,28,1,main_domain
train_005054,duplicated_work,conflict,0,51,10,main_domain
train_005055,goal_drift,goal_drift,0,51,13,main_domain
train_005056,clean,clean,1,30,7,main_domain
train_005057,conflict,runaway_loop,0,39,8,main_domain
train_005058,goal_drift,goal_drift,0,36,10,main_domain
train_005059,dropped_handoff,dropped_handoff,0,37,9,compliance_audit
train_005060,deadlock,deadlock,0,33,8,compliance_audit
train_005061,conflict,conflict,0,47,9,main_domain
train_005062,runaway_loop,runaway_loop,0,94,10,compliance_audit
train_005063,clean,deadlock,1,34,7,main_domain
train_005064,goal_drift,goal_drift,0,32,11,main_domain
train_005065,duplicated_work,duplicated_work,0,48,10,main_domain
train_005066,goal_drift,goal_drift,1,66,14,main_domain
train_005067,dropped_handoff,runaway_loop,0,31,7,main_domain
train_005068,runaway_loop,runaway_loop,0,45,1,compliance_audit
train_005069,deadlock,deadlock,0,29,7,compliance_audit
train_005070,dropped_handoff,clean,1,68,10,main_domain
train_005071,clean,clean,0,30,1,compliance_audit
train_005072,goal_drift,goal_drift,0,37,13,main_domain
train_005073,dropped_handoff,clean,0,44,10,main_domain
train_005074,clean,clean,1,43,9,main_domain
train_005075,goal_drift,goal_drift,1,45,12,main_domain
train_005076,runaway_loop,runaway_loop,0,104,9,main_domain
train_005077,clean,deadlock,0,86,10,main_domain
train_005078,clean,clean,1,33,8,compliance_audit
train_005079,runaway_loop,deadlock,0,21,6,compliance_audit
train_005080,duplicated_work,clean,0,53,9,main_domain
train_005081,deadlock,deadlock,0,48,7,main_domain
train_005082,runaway_loop,runaway_loop,0,52,8,compliance_audit
train_005083,dropped_handoff,runaway_loop,0,51,1,main_domain
train_005084,clean,clean,1,81,8,main_domain
train_005085,clean,clean,1,42,1,main_domain
train_005086,runaway_loop,runaway_loop,1,66,9,main_domain
train_005087,deadlock,clean,1,20,5,compliance_audit
train_005088,deadlock,deadlock,0,37,7,compliance_audit
train_005089,clean,clean,1,38,8,main_domain
train_005090,deadlock,deadlock,0,67,10,main_domain
train_005091,duplicated_work,duplicated_work,1,52,10,compliance_audit
train_005092,conflict,conflict,0,88,10,compliance_audit
train_005093,deadlock,duplicated_work,0,57,9,main_domain
train_005094,clean,clean,0,53,1,compliance_audit
train_005095,clean,clean,1,58,10,compliance_audit
train_005096,clean,clean,0,66,10,main_domain
train_005097,deadlock,clean,0,62,9,main_domain
train_005098,clean,clean,1,27,6,main_domain
train_005099,clean,clean,1,24,6,main_domain
train_005100,clean,clean,1,26,7,main_domain
train_005101,duplicated_work,conflict,1,44,1,main_domain
train_005102,dropped_handoff,dropped_handoff,0,36,8,compliance_audit
train_005103,clean,clean,1,54,10,main_domain
train_005104,conflict,conflict,0,59,10,main_domain
train_005105,goal_drift,goal_drift,0,64,14,main_domain
train_005106,clean,deadlock,1,55,8,main_domain
train_005107,conflict,conflict,0,40,7,main_domain
train_005108,conflict,conflict,0,55,9,main_domain
train_005109,clean,clean,1,30,1,main_domain
train_005110,clean,dropped_handoff,0,21,7,main_domain
train_005111,dropped_handoff,goal_drift,0,34,10,main_domain
train_005112,clean,clean,1,83,9,main_domain
train_005113,runaway_loop,runaway_loop,1,51,10,main_domain
train_005114,clean,clean,1,45,1,main_domain
train_005115,clean,clean,1,51,1,compliance_audit
train_005116,runaway_loop,runaway_loop,1,54,9,main_domain
train_005117,clean,clean,0,27,7,compliance_audit
train_005118,conflict,conflict,1,60,9,main_domain
train_005119,clean,clean,1,43,9,main_domain
train_005120,conflict,conflict,0,44,1,main_domain
train_005121,duplicated_work,duplicated_work,1,66,10,main_domain
train_005122,clean,deadlock,0,79,9,main_domain
train_005123,conflict,conflict,1,25,4,main_domain
train_005124,runaway_loop,runaway_loop,1,92,10,main_domain
train_005125,goal_drift,goal_drift,0,42,12,main_domain
train_005126,runaway_loop,runaway_loop,0,68,9,compliance_audit
train_005127,dropped_handoff,clean,1,42,9,main_domain
train_005128,conflict,conflict,1,85,9,compliance_audit
train_005129,conflict,conflict,1,54,1,main_domain
train_005130,goal_drift,goal_drift,0,37,10,main_domain
train_005131,duplicated_work,duplicated_work,1,48,8,main_domain
train_005132,clean,runaway_loop,1,42,6,main_domain
train_005133,deadlock,deadlock,0,41,1,main_domain
train_005134,clean,clean,1,25,7,main_domain
train_005135,clean,clean,1,63,9,main_domain
train_005136,conflict,goal_drift,0,46,13,main_domain
train_005137,clean,clean,1,27,8,main_domain
train_005138,clean,clean,1,54,9,main_domain
train_005139,duplicated_work,clean,1,85,1,compliance_audit
train_005140,conflict,conflict,0,37,9,compliance_audit
train_005141,conflict,conflict,1,44,8,main_domain
train_005142,goal_drift,goal_drift,0,78,14,main_domain
train_005143,clean,clean,1,33,7,compliance_audit
train_005144,runaway_loop,deadlock,0,52,8,compliance_audit
train_005145,duplicated_work,clean,1,24,5,compliance_audit
train_005146,runaway_loop,runaway_loop,0,42,1,main_domain
train_005147,clean,clean,1,31,8,main_domain
train_005148,goal_drift,goal_drift,0,52,13,main_domain
train_005149,clean,clean,1,66,10,compliance_audit
train_005150,duplicated_work,conflict,1,59,9,main_domain
train_005151,clean,clean,1,66,9,main_domain
train_005152,dropped_handoff,deadlock,0,44,9,compliance_audit
train_005153,runaway_loop,runaway_loop,0,28,1,compliance_audit
train_005154,dropped_handoff,dropped_handoff,0,33,8,compliance_audit
train_005155,deadlock,deadlock,0,38,7,compliance_audit
train_005156,conflict,conflict,0,37,8,main_domain
train_005157,goal_drift,goal_drift,0,59,12,main_domain
train_005158,conflict,conflict,0,52,9,main_domain
train_005159,clean,clean,1,62,10,compliance_audit
train_005160,dropped_handoff,dropped_handoff,0,36,8,main_domain
train_005161,conflict,conflict,0,85,10,main_domain
train_005162,clean,clean,1,32,1,main_domain
train_005163,conflict,conflict,1,74,10,main_domain
train_005164,deadlock,dropped_handoff,0,43,10,main_domain
train_005165,duplicated_work,clean,1,62,8,compliance_audit
train_005166,duplicated_work,duplicated_work,1,72,9,compliance_audit
train_005167,goal_drift,goal_drift,1,43,14,compliance_audit
train_005168,dropped_handoff,runaway_loop,0,70,1,main_domain
train_005169,clean,clean,1,41,1,main_domain
train_005170,runaway_loop,deadlock,0,53,9,main_domain
train_005171,deadlock,deadlock,0,44,7,main_domain
train_005172,duplicated_work,duplicated_work,0,46,10,compliance_audit
train_005173,clean,clean,1,19,5,main_domain
train_005174,runaway_loop,runaway_loop,1,41,1,main_domain
train_005175,dropped_handoff,dropped_handoff,0,23,7,main_domain
train_005176,clean,clean,1,28,7,main_domain
train_005177,goal_drift,conflict,0,31,11,main_domain
train_005178,clean,clean,1,88,1,compliance_audit
train_005179,duplicated_work,dropped_handoff,0,26,7,main_domain
train_005180,deadlock,deadlock,0,47,8,compliance_audit
train_005181,conflict,conflict,0,34,8,compliance_audit
train_005182,conflict,conflict,0,51,10,main_domain
train_005183,dropped_handoff,conflict,1,89,9,main_domain
train_005184,dropped_handoff,clean,1,13,1,main_domain
train_005185,runaway_loop,runaway_loop,0,32,5,compliance_audit
train_005186,clean,clean,1,36,10,main_domain
train_005187,conflict,conflict,0,30,8,compliance_audit
train_005188,runaway_loop,duplicated_work,1,62,7,main_domain
train_005189,conflict,conflict,0,30,7,main_domain
train_005190,goal_drift,goal_drift,0,65,13,main_domain
train_005191,clean,clean,1,57,10,compliance_audit
train_005192,goal_drift,goal_drift,0,61,12,compliance_audit
train_005193,conflict,dropped_handoff,0,21,7,main_domain
train_005194,dropped_handoff,dropped_handoff,0,36,9,main_domain
train_005195,clean,clean,1,70,10,compliance_audit
train_005196,clean,clean,1,40,7,compliance_audit
train_005197,goal_drift,goal_drift,0,34,11,main_domain
train_005198,duplicated_work,duplicated_work,1,42,7,main_domain
train_005199,clean,clean,1,34,8,main_domain
train_005200,clean,clean,1,95,1,compliance_audit
train_005201,clean,clean,1,42,8,main_domain
train_005202,clean,clean,1,22,1,main_domain
train_005203,clean,clean,1,31,7,main_domain
train_005204,clean,clean,1,56,10,main_domain
train_005205,runaway_loop,runaway_loop,0,67,10,main_domain
train_005206,dropped_handoff,dropped_handoff,0,29,7,compliance_audit
train_005207,clean,clean,1,58,9,main_domain
train_005208,clean,clean,1,41,10,main_domain
train_005209,goal_drift,goal_drift,0,41,11,compliance_audit
train_005210,goal_drift,goal_drift,0,32,11,compliance_audit
train_005211,clean,clean,1,31,7,main_domain
train_005212,runaway_loop,runaway_loop,0,89,10,main_domain
train_005213,deadlock,clean,0,32,7,compliance_audit
train_005214,clean,clean,1,48,9,compliance_audit
train_005215,deadlock,dropped_handoff,0,50,1,main_domain
train_005216,clean,clean,1,69,9,main_domain
train_005217,clean,clean,1,34,1,main_domain
train_005218,deadlock,deadlock,0,21,7,compliance_audit
train_005219,duplicated_work,conflict,0,35,9,main_domain
train_005220,conflict,conflict,0,55,10,main_domain
train_005221,dropped_handoff,dropped_handoff,0,25,7,main_domain
train_005222,conflict,conflict,0,38,8,main_domain
train_005223,goal_drift,goal_drift,0,35,10,main_domain
train_005224,deadlock,clean,1,41,1,main_domain
train_005225,clean,duplicated_work,1,22,5,main_domain
train_005226,conflict,conflict,0,48,10,main_domain
train_005227,clean,clean,0,67,10,compliance_audit
train_005228,conflict,conflict,1,32,6,main_domain
train_005229,conflict,conflict,1,39,8,main_domain
train_005230,runaway_loop,runaway_loop,0,43,8,main_domain
train_005231,clean,clean,1,48,1,main_domain
train_005232,dropped_handoff,conflict,0,51,8,main_domain
train_005233,runaway_loop,dropped_handoff,0,27,9,compliance_audit
train_005234,clean,clean,1,47,9,main_domain
train_005235,duplicated_work,duplicated_work,1,73,9,main_domain
train_005236,deadlock,runaway_loop,0,48,9,main_domain
train_005237,clean,clean,1,130,10,main_domain
train_005238,goal_drift,goal_drift,0,40,12,main_domain
train_005239,conflict,conflict,1,58,13,compliance_audit
train_005240,clean,clean,1,67,8,main_domain
train_005241,dropped_handoff,runaway_loop,0,44,8,main_domain
train_005242,duplicated_work,duplicated_work,1,64,1,main_domain
train_005243,deadlock,duplicated_work,0,45,9,main_domain
train_005244,duplicated_work,duplicated_work,1,77,10,main_domain
train_005245,conflict,conflict,1,63,10,main_domain
train_005246,clean,clean,1,28,1,main_domain
train_005247,clean,clean,1,55,10,compliance_audit
train_005248,runaway_loop,runaway_loop,0,77,9,compliance_audit
train_005249,duplicated_work,clean,1,66,9,main_domain
train_005250,clean,dropped_handoff,1,61,10,main_domain
train_005251,clean,deadlock,0,51,1,main_domain
train_005252,duplicated_work,duplicated_work,1,21,1,compliance_audit
train_005253,clean,clean,1,106,10,main_domain
train_005254,runaway_loop,deadlock,0,50,10,compliance_audit
train_005255,clean,clean,1,21,5,main_domain
train_005256,deadlock,deadlock,0,51,10,main_domain
train_005257,clean,clean,1,51,1,main_domain
train_005258,runaway_loop,runaway_loop,1,52,8,main_domain
train_005259,goal_drift,conflict,0,56,13,compliance_audit
train_005260,goal_drift,goal_drift,0,42,13,compliance_audit
train_005261,deadlock,clean,1,58,10,main_domain
train_005262,duplicated_work,duplicated_work,1,73,8,compliance_audit
train_005263,goal_drift,goal_drift,0,33,1,main_domain
train_005264,goal_drift,clean,1,28,1,main_domain
train_005265,duplicated_work,duplicated_work,1,47,1,main_domain
train_005266,deadlock,deadlock,0,37,8,main_domain
train_005267,duplicated_work,runaway_loop,0,47,7,compliance_audit
train_005268,duplicated_work,clean,1,53,9,main_domain
train_005269,clean,clean,1,27,7,main_domain
train_005270,deadlock,runaway_loop,0,34,6,compliance_audit
train_005271,conflict,conflict,0,40,10,main_domain
train_005272,deadlock,clean,1,53,9,main_domain
train_005273,deadlock,deadlock,0,30,7,main_domain
train_005274,deadlock,clean,0,93,10,main_domain
train_005275,dropped_handoff,dropped_handoff,1,35,6,main_domain
train_005276,duplicated_work,duplicated_work,1,61,8,compliance_audit
train_005277,deadlock,deadlock,0,43,8,main_domain
train_005278,clean,clean,1,42,9,compliance_audit
train_005279,clean,clean,1,40,9,main_domain
train_005280,deadlock,clean,0,68,9,main_domain
train_005281,conflict,conflict,1,71,10,main_domain
train_005282,deadlock,deadlock,0,48,8,main_domain
train_005283,dropped_handoff,duplicated_work,0,28,5,main_domain
train_005284,clean,clean,1,22,5,main_domain
train_005285,duplicated_work,duplicated_work,1,57,8,main_domain
train_005286,deadlock,deadlock,0,25,1,main_domain
train_005287,goal_drift,goal_drift,0,35,12,compliance_audit
train_005288,dropped_handoff,runaway_loop,0,54,10,main_domain
train_005289,runaway_loop,conflict,1,128,10,main_domain
train_005290,deadlock,clean,1,130,10,main_domain
train_005291,duplicated_work,duplicated_work,1,75,10,main_domain
train_005292,dropped_handoff,dropped_handoff,0,37,9,compliance_audit
train_005293,clean,runaway_loop,0,77,10,main_domain
train_005294,runaway_loop,runaway_loop,0,36,8,main_domain
train_005295,clean,clean,1,118,9,main_domain
train_005296,duplicated_work,duplicated_work,0,45,8,main_domain
train_005297,dropped_handoff,dropped_handoff,0,15,5,compliance_audit
train_005298,conflict,conflict,0,18,5,main_domain
train_005299,runaway_loop,runaway_loop,0,99,10,main_domain
train_005300,goal_drift,conflict,0,45,11,compliance_audit
train_005301,dropped_handoff,dropped_handoff,0,44,10,main_domain
train_005302,dropped_handoff,clean,1,30,1,main_domain
train_005303,runaway_loop,runaway_loop,0,82,13,main_domain
train_005304,runaway_loop,runaway_loop,0,77,14,main_domain
train_005305,deadlock,deadlock,0,43,7,compliance_audit
train_005306,runaway_loop,runaway_loop,1,54,7,main_domain
train_005307,clean,clean,1,34,8,main_domain
train_005308,runaway_loop,clean,0,82,10,main_domain
train_005309,clean,clean,1,70,10,main_domain
train_005310,dropped_handoff,clean,1,53,1,compliance_audit
train_005311,conflict,conflict,0,32,1,main_domain
train_005312,clean,clean,1,91,9,compliance_audit
train_005313,clean,clean,1,49,1,main_domain
train_005314,goal_drift,goal_drift,0,38,12,main_domain
train_005315,clean,clean,0,26,7,main_domain
train_005316,clean,clean,1,37,8,main_domain
train_005317,clean,clean,1,38,10,main_domain
train_005318,clean,goal_drift,0,48,1,main_domain
train_005319,goal_drift,goal_drift,0,43,12,main_domain
train_005320,conflict,conflict,1,81,9,main_domain
train_005321,duplicated_work,runaway_loop,0,81,10,main_domain
train_005322,conflict,conflict,0,25,7,main_domain
train_005323,dropped_handoff,dropped_handoff,0,67,10,compliance_audit
train_005324,clean,clean,1,69,10,main_domain
train_005325,clean,clean,1,45,6,main_domain
train_005326,clean,clean,1,19,6,main_domain
train_005327,runaway_loop,runaway_loop,0,56,1,compliance_audit
train_005328,deadlock,deadlock,0,52,1,main_domain
train_005329,deadlock,deadlock,0,15,5,main_domain
train_005330,clean,clean,0,50,10,main_domain
train_005331,deadlock,conflict,0,50,1,main_domain
train_005332,goal_drift,goal_drift,0,31,10,compliance_audit
train_005333,conflict,conflict,0,49,10,main_domain
train_005334,conflict,conflict,1,26,5,main_domain
train_005335,duplicated_work,duplicated_work,1,84,1,main_domain
train_005336,conflict,conflict,0,43,8,main_domain
train_005337,clean,clean,1,45,10,main_domain
train_005338,dropped_handoff,clean,1,74,10,main_domain
train_005339,deadlock,deadlock,0,43,7,main_domain
train_005340,duplicated_work,duplicated_work,1,60,10,compliance_audit
train_005341,goal_drift,goal_drift,0,48,15,main_domain
train_005342,clean,clean,1,27,6,compliance_audit
train_005343,duplicated_work,clean,1,49,9,main_domain
train_005344,goal_drift,goal_drift,0,94,13,main_domain
train_005345,dropped_handoff,dropped_handoff,0,32,9,main_domain
train_005346,duplicated_work,clean,0,72,10,compliance_audit
train_005347,conflict,conflict,1,26,5,main_domain
train_005348,clean,clean,0,21,1,main_domain
train_005349,runaway_loop,runaway_loop,1,48,1,main_domain
train_005350,deadlock,goal_drift,0,31,11,main_domain
train_005351,dropped_handoff,deadlock,0,59,10,main_domain
train_005352,deadlock,deadlock,0,26,6,main_domain
train_005353,runaway_loop,clean,0,53,10,main_domain
train_005354,clean,deadlock,0,24,6,main_domain
train_005355,dropped_handoff,dropped_handoff,0,34,7,compliance_audit
train_005356,conflict,conflict,1,56,10,main_domain
train_005357,clean,clean,1,65,10,main_domain
train_005358,deadlock,deadlock,0,52,10,main_domain
train_005359,conflict,conflict,0,30,9,main_domain
train_005360,dropped_handoff,dropped_handoff,0,37,8,main_domain
train_005361,goal_drift,goal_drift,0,25,10,compliance_audit
train_005362,goal_drift,clean,0,57,1,compliance_audit
train_005363,conflict,conflict,0,70,10,main_domain
train_005364,runaway_loop,runaway_loop,0,110,1,main_domain
train_005365,conflict,conflict,0,18,5,main_domain
train_005366,conflict,runaway_loop,0,73,9,main_domain
train_005367,clean,clean,1,57,9,main_domain
train_005368,dropped_handoff,dropped_handoff,0,41,9,main_domain
train_005369,deadlock,duplicated_work,0,51,10,main_domain
train_005370,clean,clean,1,69,10,main_domain
train_005371,deadlock,goal_drift,0,62,13,main_domain
train_005372,goal_drift,deadlock,0,46,1,main_domain
train_005373,deadlock,clean,1,56,10,compliance_audit
train_005374,conflict,conflict,0,21,5,main_domain
train_005375,deadlock,deadlock,0,28,8,compliance_audit
train_005376,conflict,conflict,1,38,8,main_domain
train_005377,duplicated_work,duplicated_work,0,43,9,main_domain
train_005378,runaway_loop,conflict,0,43,1,main_domain
train_005379,clean,clean,1,33,8,main_domain
train_005380,deadlock,clean,0,68,10,main_domain
train_005381,runaway_loop,runaway_loop,1,45,8,main_domain
train_005382,clean,clean,1,54,10,compliance_audit
train_005383,runaway_loop,runaway_loop,0,32,6,main_domain
train_005384,goal_drift,goal_drift,0,38,10,main_domain
train_005385,clean,clean,1,55,1,main_domain
train_005386,duplicated_work,duplicated_work,1,59,8,main_domain
train_005387,duplicated_work,duplicated_work,1,44,6,main_domain
train_005388,clean,clean,1,23,1,main_domain
train_005389,clean,clean,1,62,9,main_domain
train_005390,clean,clean,1,40,9,main_domain
train_005391,conflict,conflict,1,50,8,main_domain
train_005392,runaway_loop,runaway_loop,1,57,1,main_domain
train_005393,conflict,conflict,0,34,7,main_domain
train_005394,conflict,conflict,0,31,8,main_domain
train_005395,runaway_loop,runaway_loop,1,35,1,main_domain
train_005396,clean,clean,1,35,10,main_domain
train_005397,duplicated_work,duplicated_work,1,76,8,compliance_audit
train_005398,dropped_handoff,dropped_handoff,1,65,9,main_domain
train_005399,conflict,conflict,1,114,1,main_domain
train_005400,runaway_loop,runaway_loop,1,62,9,main_domain
train_005401,runaway_loop,runaway_loop,0,26,5,main_domain
train_005402,clean,dropped_handoff,0,25,7,compliance_audit
train_005403,conflict,conflict,0,20,6,main_domain
train_005404,clean,clean,1,20,1,main_domain
train_005405,clean,deadlock,1,40,7,main_domain
train_005406,deadlock,deadlock,0,42,9,main_domain
train_005407,runaway_loop,runaway_loop,0,54,8,main_domain
train_005408,conflict,conflict,1,34,8,main_domain
train_005409,deadlock,dropped_handoff,0,77,10,main_domain
train_005410,runaway_loop,runaway_loop,0,28,5,main_domain
train_005411,deadlock,deadlock,0,39,8,compliance_audit
train_005412,goal_drift,goal_drift,0,35,13,main_domain
train_005413,duplicated_work,clean,1,52,10,main_domain
train_005414,dropped_handoff,clean,1,39,9,main_domain
train_005415,dropped_handoff,clean,0,43,10,compliance_audit
train_005416,dropped_handoff,conflict,0,62,1,compliance_audit
train_005417,clean,clean,1,56,10,main_domain
train_005418,clean,clean,1,28,7,main_domain
train_005419,goal_drift,runaway_loop,1,32,8,main_domain
train_005420,deadlock,deadlock,1,31,8,main_domain
train_005421,clean,clean,1,37,6,compliance_audit
train_005422,deadlock,deadlock,0,33,8,compliance_audit
train_005423,clean,clean,1,48,9,main_domain
train_005424,goal_drift,goal_drift,0,42,12,compliance_audit
train_005425,dropped_handoff,conflict,0,30,5,compliance_audit
train_005426,duplicated_work,clean,1,73,10,main_domain
train_005427,dropped_handoff,duplicated_work,1,17,5,compliance_audit
train_005428,goal_drift,goal_drift,1,44,12,main_domain
train_005429,goal_drift,goal_drift,0,36,12,main_domain
train_005430,clean,clean,1,42,8,main_domain
train_005431,conflict,conflict,0,37,7,main_domain
train_005432,deadlock,deadlock,0,30,7,main_domain
train_005433,dropped_handoff,dropped_handoff,0,48,10,main_domain
train_005434,dropped_handoff,runaway_loop,0,57,1,main_domain
train_005435,duplicated_work,runaway_loop,0,32,1,main_domain
train_005436,runaway_loop,clean,1,22,5,compliance_audit
train_005437,duplicated_work,duplicated_work,1,66,9,compliance_audit
train_005438,dropped_handoff,dropped_handoff,0,17,5,main_domain
train_005439,runaway_loop,runaway_loop,1,59,1,main_domain
train_005440,deadlock,runaway_loop,0,71,10,main_domain
train_005441,clean,clean,0,65,10,main_domain
train_005442,runaway_loop,runaway_loop,0,38,7,main_domain
train_005443,goal_drift,runaway_loop,0,82,12,main_domain
train_005444,goal_drift,goal_drift,0,23,8,main_domain
train_005445,clean,clean,1,33,8,main_domain
train_005446,dropped_handoff,duplicated_work,1,60,10,compliance_audit
train_005447,clean,clean,1,99,10,main_domain
train_005448,deadlock,deadlock,1,38,7,main_domain
train_005449,goal_drift,goal_drift,0,32,12,main_domain
train_005450,clean,clean,1,15,5,main_domain
train_005451,conflict,conflict,0,54,10,main_domain
train_005452,duplicated_work,duplicated_work,1,42,7,main_domain
train_005453,clean,clean,1,49,10,main_domain
train_005454,conflict,conflict,1,65,1,main_domain
train_005455,goal_drift,goal_drift,0,21,11,main_domain
train_005456,clean,clean,1,30,1,main_domain
train_005457,conflict,conflict,1,78,9,main_domain
train_005458,goal_drift,goal_drift,0,56,15,compliance_audit
train_005459,duplicated_work,duplicated_work,0,51,9,main_domain
train_005460,runaway_loop,runaway_loop,0,40,7,main_domain
train_005461,runaway_loop,runaway_loop,0,32,9,compliance_audit
train_005462,deadlock,dropped_handoff,1,78,1,main_domain
train_005463,dropped_handoff,clean,1,62,10,main_domain
train_005464,runaway_loop,deadlock,0,79,10,main_domain
train_005465,runaway_loop,runaway_loop,0,41,7,main_domain
train_005466,conflict,conflict,0,104,10,main_domain
train_005467,duplicated_work,duplicated_work,1,18,1,compliance_audit
train_005468,runaway_loop,clean,0,47,1,compliance_audit
train_005469,clean,clean,1,14,4,main_domain
train_005470,runaway_loop,runaway_loop,0,35,7,main_domain
train_005471,clean,clean,1,46,9,main_domain
train_005472,goal_drift,goal_drift,0,36,12,main_domain
train_005473,clean,clean,1,38,6,compliance_audit
train_005474,goal_drift,goal_drift,0,25,8,main_domain
train_005475,runaway_loop,runaway_loop,1,70,8,compliance_audit
train_005476,clean,clean,1,37,8,main_domain
train_005477,conflict,conflict,1,59,8,compliance_audit
train_005478,goal_drift,dropped_handoff,0,37,12,compliance_audit
train_005479,clean,clean,1,45,9,main_domain
train_005480,conflict,conflict,1,51,9,main_domain
train_005481,deadlock,dropped_handoff,0,28,8,main_domain
train_005482,clean,clean,1,71,9,main_domain
train_005483,clean,clean,1,61,1,main_domain
train_005484,dropped_handoff,dropped_handoff,0,52,10,main_domain
train_005485,clean,clean,1,32,7,main_domain
train_005486,clean,clean,1,42,8,main_domain
train_005487,clean,clean,1,32,7,compliance_audit
train_005488,clean,clean,1,20,6,main_domain
train_005489,runaway_loop,runaway_loop,0,38,1,main_domain
train_005490,clean,clean,1,65,9,main_domain
train_005491,conflict,conflict,1,24,6,main_domain
train_005492,clean,clean,1,31,7,main_domain
train_005493,deadlock,deadlock,0,73,10,main_domain
train_005494,goal_drift,conflict,0,48,13,main_domain
train_005495,dropped_handoff,conflict,1,45,9,main_domain
train_005496,conflict,deadlock,0,16,5,main_domain
train_005497,dropped_handoff,goal_drift,0,15,8,compliance_audit
train_005498,runaway_loop,runaway_loop,0,60,11,main_domain
train_005499,clean,clean,1,46,10,main_domain
train_005500,deadlock,deadlock,0,81,10,compliance_audit
train_005501,runaway_loop,runaway_loop,0,56,9,main_domain
train_005502,conflict,conflict,0,35,7,main_domain
train_005503,dropped_handoff,dropped_handoff,0,45,1,main_domain
train_005504,dropped_handoff,deadlock,0,50,6,main_domain
train_005505,deadlock,deadlock,0,25,7,main_domain
train_005506,conflict,conflict,1,60,10,main_domain
train_005507,clean,clean,1,39,6,compliance_audit
train_005508,clean,clean,1,18,5,main_domain
train_005509,duplicated_work,runaway_loop,1,84,9,main_domain
train_005510,clean,clean,1,63,1,main_domain
train_005511,runaway_loop,runaway_loop,0,56,1,main_domain
train_005512,clean,clean,1,47,8,main_domain
train_005513,runaway_loop,runaway_loop,1,60,10,compliance_audit
train_005514,deadlock,deadlock,1,80,9,main_domain
train_005515,runaway_loop,runaway_loop,0,54,9,main_domain
train_005516,clean,clean,1,71,10,main_domain
train_005517,dropped_handoff,conflict,0,43,9,main_domain
train_005518,deadlock,goal_drift,0,31,8,main_domain
train_005519,runaway_loop,conflict,1,46,10,main_domain
train_005520,goal_drift,goal_drift,0,58,14,main_domain
train_005521,dropped_handoff,clean,1,29,1,main_domain
train_005522,dropped_handoff,deadlock,0,31,8,main_domain
train_005523,duplicated_work,duplicated_work,1,70,9,main_domain
train_005524,deadlock,clean,1,35,8,main_domain
train_005525,conflict,conflict,0,60,10,main_domain
train_005526,clean,clean,1,29,6,main_domain
train_005527,conflict,conflict,1,110,10,main_domain
train_005528,goal_drift,goal_drift,0,80,14,compliance_audit
train_005529,clean,clean,1,43,8,main_domain
train_005530,clean,clean,1,35,7,main_domain
train_005531,dropped_handoff,duplicated_work,1,32,8,main_domain
train_005532,duplicated_work,duplicated_work,1,71,10,main_domain
train_005533,deadlock,deadlock,0,33,7,main_domain
train_005534,conflict,conflict,1,37,8,main_domain
train_005535,goal_drift,goal_drift,0,64,12,main_domain
train_005536,runaway_loop,runaway_loop,0,46,8,main_domain
train_005537,dropped_handoff,runaway_loop,0,73,10,compliance_audit
train_005538,goal_drift,goal_drift,0,27,10,main_domain
train_005539,clean,clean,1,51,9,main_domain
train_005540,clean,clean,1,42,7,compliance_audit
train_005541,conflict,conflict,0,41,1,compliance_audit
train_005542,goal_drift,goal_drift,0,43,14,main_domain
train_005543,conflict,conflict,1,42,8,main_domain
train_005544,deadlock,deadlock,0,54,9,main_domain
train_005545,deadlock,deadlock,0,19,4,main_domain
train_005546,goal_drift,goal_drift,0,44,1,main_domain
train_005547,conflict,conflict,0,36,8,compliance_audit
train_005548,clean,clean,1,21,6,main_domain
train_005549,conflict,conflict,0,19,5,main_domain
train_005550,conflict,conflict,0,68,10,main_domain
train_005551,clean,clean,1,22,5,compliance_audit
train_005552,clean,clean,0,33,8,main_domain
train_005553,clean,clean,1,56,10,main_domain
train_005554,duplicated_work,duplicated_work,1,51,9,main_domain
train_005555,duplicated_work,duplicated_work,1,46,8,main_domain
train_005556,duplicated_work,duplicated_work,1,56,9,main_domain
train_005557,dropped_handoff,dropped_handoff,0,32,8,main_domain
train_005558,dropped_handoff,clean,0,18,6,main_domain
train_005559,duplicated_work,duplicated_work,1,35,6,main_domain
train_005560,clean,clean,1,51,10,compliance_audit
train_005561,deadlock,clean,1,50,10,compliance_audit
train_005562,clean,clean,0,42,9,compliance_audit
train_005563,goal_drift,goal_drift,0,63,12,compliance_audit
train_005564,deadlock,dropped_handoff,0,67,1,main_domain
train_005565,deadlock,clean,0,64,10,main_domain
train_005566,deadlock,clean,0,45,9,compliance_audit
train_005567,clean,clean,1,59,9,compliance_audit
train_005568,deadlock,deadlock,0,21,5,main_domain
train_005569,clean,clean,1,37,1,main_domain
train_005570,conflict,conflict,0,47,8,compliance_audit
train_005571,dropped_handoff,clean,0,21,1,main_domain
train_005572,duplicated_work,runaway_loop,1,49,7,main_domain
train_005573,clean,clean,1,47,9,main_domain
train_005574,runaway_loop,runaway_loop,0,50,10,compliance_audit
train_005575,clean,dropped_handoff,0,54,9,main_domain
train_005576,clean,clean,1,45,1,main_domain
train_005577,deadlock,deadlock,0,31,1,main_domain
train_005578,dropped_handoff,dropped_handoff,0,27,6,main_domain
train_005579,clean,clean,1,49,1,compliance_audit
train_005580,deadlock,conflict,0,73,1,main_domain
train_005581,dropped_handoff,conflict,0,21,6,main_domain
train_005582,duplicated_work,duplicated_work,1,60,9,main_domain
train_005583,duplicated_work,duplicated_work,1,50,8,main_domain
train_005584,goal_drift,goal_drift,0,43,12,main_domain
train_005585,deadlock,deadlock,0,37,1,compliance_audit
train_005586,runaway_loop,runaway_loop,0,53,9,main_domain
train_005587,clean,deadlock,0,40,8,main_domain
train_005588,conflict,conflict,0,52,10,main_domain
train_005589,dropped_handoff,dropped_handoff,0,37,7,main_domain
train_005590,conflict,conflict,0,38,7,compliance_audit
train_005591,runaway_loop,conflict,1,73,10,compliance_audit
train_005592,clean,clean,0,23,7,main_domain
train_005593,clean,clean,1,51,10,main_domain
train_005594,duplicated_work,duplicated_work,0,38,9,main_domain
train_005595,clean,clean,1,75,10,main_domain
train_005596,conflict,conflict,0,52,8,main_domain
train_005597,conflict,conflict,0,44,9,main_domain
train_005598,dropped_handoff,dropped_handoff,0,26,7,main_domain
train_005599,deadlock,deadlock,0,42,9,main_domain
train_005600,goal_drift,goal_drift,0,100,14,compliance_audit
train_005601,duplicated_work,duplicated_work,1,116,10,compliance_audit
train_005602,clean,clean,1,84,10,main_domain
train_005603,goal_drift,goal_drift,0,49,10,compliance_audit
train_005604,goal_drift,deadlock,1,39,1,main_domain
train_005605,clean,clean,0,26,5,main_domain
train_005606,goal_drift,goal_drift,0,17,7,main_domain
train_005607,goal_drift,goal_drift,0,76,14,main_domain
train_005608,clean,clean,1,22,7,main_domain
train_005609,deadlock,deadlock,0,65,10,compliance_audit
train_005610,duplicated_work,clean,1,63,10,main_domain
train_005611,dropped_handoff,dropped_handoff,0,47,10,compliance_audit
train_005612,conflict,conflict,0,36,8,main_domain
train_005613,dropped_handoff,deadlock,0,56,10,main_domain
train_005614,duplicated_work,duplicated_work,1,102,10,main_domain
train_005615,goal_drift,goal_drift,0,26,10,main_domain
train_005616,goal_drift,goal_drift,0,50,12,main_domain
train_005617,goal_drift,goal_drift,0,14,8,main_domain
train_005618,runaway_loop,runaway_loop,1,50,7,compliance_audit
train_005619,runaway_loop,goal_drift,0,120,14,compliance_audit
train_005620,conflict,conflict,0,45,9,main_domain
train_005621,runaway_loop,runaway_loop,1,46,6,compliance_audit
train_005622,duplicated_work,clean,1,36,6,main_domain
train_005623,duplicated_work,duplicated_work,1,49,8,compliance_audit
train_005624,goal_drift,goal_drift,0,33,10,main_domain
train_005625,deadlock,deadlock,0,31,7,main_domain
train_005626,deadlock,clean,1,60,7,compliance_audit
train_005627,dropped_handoff,clean,1,44,1,main_domain
train_005628,runaway_loop,runaway_loop,1,38,7,main_domain
train_005629,deadlock,runaway_loop,0,26,5,main_domain
train_005630,conflict,conflict,0,23,6,compliance_audit
train_005631,goal_drift,conflict,1,37,1,main_domain
train_005632,clean,clean,1,109,10,main_domain
train_005633,clean,deadlock,0,62,9,main_domain
train_005634,clean,clean,0,35,8,main_domain
train_005635,dropped_handoff,dropped_handoff,0,31,8,main_domain
train_005636,clean,clean,1,50,10,main_domain
train_005637,duplicated_work,duplicated_work,1,46,9,compliance_audit
train_005638,deadlock,clean,1,74,10,main_domain
train_005639,goal_drift,goal_drift,1,107,15,compliance_audit
train_005640,goal_drift,goal_drift,0,88,14,compliance_audit
train_005641,goal_drift,goal_drift,1,47,11,main_domain
train_005642,clean,clean,1,31,9,main_domain
train_005643,clean,clean,1,24,7,main_domain
train_005644,clean,clean,1,40,8,main_domain
train_005645,clean,clean,1,44,7,main_domain
train_005646,goal_drift,deadlock,0,52,13,main_domain
train_005647,duplicated_work,clean,1,47,1,main_domain
train_005648,runaway_loop,deadlock,0,31,1,main_domain
train_005649,dropped_handoff,dropped_handoff,0,28,1,compliance_audit
train_005650,deadlock,conflict,0,62,9,main_domain
train_005651,runaway_loop,runaway_loop,0,52,8,main_domain
train_005652,runaway_loop,runaway_loop,0,45,8,main_domain
train_005653,duplicated_work,duplicated_work,0,47,1,main_domain
train_005654,runaway_loop,runaway_loop,0,66,8,main_domain
train_005655,goal_drift,goal_drift,0,46,13,main_domain
train_005656,runaway_loop,runaway_loop,0,50,1,main_domain
train_005657,goal_drift,goal_drift,1,41,11,main_domain
train_005658,goal_drift,goal_drift,0,27,9,compliance_audit
train_005659,dropped_handoff,conflict,1,53,10,main_domain
train_005660,runaway_loop,runaway_loop,0,50,8,main_domain
train_005661,clean,clean,1,33,8,compliance_audit
train_005662,runaway_loop,runaway_loop,1,51,8,compliance_audit
train_005663,goal_drift,goal_drift,0,34,12,main_domain
train_005664,runaway_loop,runaway_loop,1,33,6,main_domain
train_005665,conflict,conflict,1,41,7,compliance_audit
train_005666,duplicated_work,duplicated_work,1,42,8,main_domain
train_005667,duplicated_work,clean,1,28,1,main_domain
train_005668,clean,clean,1,80,10,main_domain
train_005669,clean,clean,1,32,8,main_domain
train_005670,duplicated_work,deadlock,0,28,6,compliance_audit
train_005671,dropped_handoff,clean,1,47,10,main_domain
train_005672,clean,clean,1,24,5,compliance_audit
train_005673,conflict,conflict,0,55,1,main_domain
train_005674,clean,clean,1,53,1,compliance_audit
train_005675,deadlock,clean,1,49,9,compliance_audit
train_005676,deadlock,deadlock,0,57,10,main_domain
train_005677,runaway_loop,runaway_loop,0,53,1,compliance_audit
train_005678,duplicated_work,clean,1,46,9,compliance_audit
train_005679,runaway_loop,runaway_loop,0,36,1,main_domain
train_005680,clean,clean,1,54,10,main_domain
train_005681,dropped_handoff,clean,0,117,10,main_domain
train_005682,runaway_loop,runaway_loop,0,89,9,compliance_audit
train_005683,conflict,conflict,0,30,8,main_domain
train_005684,clean,clean,0,36,1,main_domain
train_005685,duplicated_work,duplicated_work,1,49,9,main_domain
train_005686,runaway_loop,clean,1,62,10,main_domain
train_005687,clean,clean,1,46,10,main_domain
train_005688,dropped_handoff,clean,1,35,7,compliance_audit
train_005689,duplicated_work,conflict,1,68,10,compliance_audit
train_005690,dropped_handoff,deadlock,0,43,1,compliance_audit
train_005691,clean,clean,1,39,1,main_domain
train_005692,goal_drift,conflict,0,51,11,main_domain
train_005693,clean,clean,1,39,1,compliance_audit
train_005694,goal_drift,goal_drift,0,24,9,main_domain
train_005695,conflict,conflict,1,34,8,main_domain
train_005696,clean,clean,1,44,10,compliance_audit
train_005697,goal_drift,goal_drift,0,61,12,main_domain
train_005698,dropped_handoff,conflict,0,27,7,compliance_audit
train_005699,dropped_handoff,dropped_handoff,0,27,8,compliance_audit
train_005700,deadlock,deadlock,0,23,6,main_domain
train_005701,deadlock,deadlock,0,64,6,main_domain
train_005702,duplicated_work,duplicated_work,1,35,7,compliance_audit
train_005703,goal_drift,goal_drift,0,47,10,main_domain
train_005704,duplicated_work,duplicated_work,1,54,10,compliance_audit
train_005705,deadlock,deadlock,1,37,1,main_domain
train_005706,goal_drift,goal_drift,1,92,15,main_domain
train_005707,conflict,conflict,0,35,7,main_domain
train_005708,duplicated_work,duplicated_work,1,54,10,main_domain
train_005709,runaway_loop,deadlock,0,39,6,main_domain
train_005710,clean,clean,1,33,7,compliance_audit
train_005711,clean,clean,1,90,10,main_domain
train_005712,clean,deadlock,0,95,10,compliance_audit
train_005713,dropped_handoff,goal_drift,0,39,9,compliance_audit
train_005714,clean,clean,1,23,5,main_domain
train_005715,deadlock,deadlock,0,38,9,main_domain
train_005716,clean,deadlock,0,35,8,main_domain
train_005717,clean,dropped_handoff,0,19,1,main_domain
train_005718,clean,clean,1,39,9,main_domain
train_005719,clean,clean,0,74,10,main_domain
train_005720,runaway_loop,goal_drift,1,117,14,main_domain
train_005721,clean,clean,1,28,6,main_domain
train_005722,deadlock,deadlock,0,46,1,main_domain
train_005723,clean,clean,1,53,9,main_domain
train_005724,dropped_handoff,dropped_handoff,0,16,6,main_domain
train_005725,duplicated_work,duplicated_work,1,47,7,main_domain
train_005726,runaway_loop,duplicated_work,0,57,10,main_domain
train_005727,dropped_handoff,clean,0,36,7,main_domain
train_005728,clean,clean,1,59,10,main_domain
train_005729,conflict,conflict,0,48,8,compliance_audit
train_005730,dropped_handoff,runaway_loop,0,50,10,main_domain
train_005731,goal_drift,goal_drift,0,36,10,main_domain
train_005732,conflict,conflict,0,33,7,main_domain
train_005733,conflict,conflict,0,39,9,main_domain
train_005734,runaway_loop,runaway_loop,0,31,6,main_domain
train_005735,clean,clean,1,35,7,main_domain
train_005736,clean,clean,0,28,7,main_domain
train_005737,duplicated_work,duplicated_work,0,70,10,main_domain
train_005738,conflict,conflict,1,38,6,main_domain
train_005739,conflict,conflict,1,27,1,compliance_audit
train_005740,duplicated_work,conflict,1,40,6,main_domain
train_005741,clean,clean,1,32,7,main_domain
train_005742,goal_drift,goal_drift,0,39,10,main_domain
train_005743,duplicated_work,clean,1,30,6,main_domain
train_005744,clean,clean,1,28,7,compliance_audit
train_005745,conflict,conflict,1,44,7,main_domain
train_005746,conflict,conflict,0,26,8,main_domain
train_005747,runaway_loop,runaway_loop,0,35,8,main_domain
train_005748,duplicated_work,conflict,0,54,10,compliance_audit
train_005749,clean,clean,1,24,5,main_domain
train_005750,conflict,conflict,0,40,9,main_domain
train_005751,dropped_handoff,dropped_handoff,0,46,9,compliance_audit
train_005752,runaway_loop,runaway_loop,1,59,10,main_domain
train_005753,runaway_loop,clean,1,83,10,main_domain
train_005754,deadlock,clean,0,70,1,main_domain
train_005755,clean,clean,1,36,1,main_domain
train_005756,duplicated_work,duplicated_work,1,48,10,main_domain
train_005757,conflict,conflict,0,96,10,main_domain
train_005758,conflict,conflict,0,37,7,main_domain
train_005759,clean,clean,1,34,7,main_domain
train_005760,deadlock,deadlock,1,36,7,main_domain
train_005761,duplicated_work,dropped_handoff,0,48,10,main_domain
train_005762,clean,clean,1,56,9,main_domain
train_005763,deadlock,deadlock,0,46,7,main_domain
train_005764,clean,clean,1,22,6,main_domain
train_005765,clean,clean,1,14,1,main_domain
train_005766,runaway_loop,runaway_loop,0,83,10,main_domain
train_005767,goal_drift,goal_drift,0,39,10,main_domain
train_005768,deadlock,deadlock,0,29,6,compliance_audit
train_005769,clean,deadlock,0,39,8,main_domain
train_005770,duplicated_work,clean,0,51,10,compliance_audit
train_005771,deadlock,deadlock,0,53,9,compliance_audit
train_005772,duplicated_work,duplicated_work,1,70,10,main_domain
train_005773,clean,clean,0,27,8,main_domain
train_005774,dropped_handoff,deadlock,0,59,10,main_domain
train_005775,duplicated_work,runaway_loop,0,73,10,main_domain
train_005776,dropped_handoff,dropped_handoff,0,20,5,main_domain
train_005777,deadlock,deadlock,0,21,1,main_domain
train_005778,conflict,conflict,0,61,13,main_domain
train_005779,goal_drift,goal_drift,0,55,13,main_domain
train_005780,runaway_loop,clean,1,41,9,main_domain
train_005781,duplicated_work,duplicated_work,0,22,9,compliance_audit
train_005782,goal_drift,goal_drift,0,35,10,main_domain
train_005783,goal_drift,goal_drift,0,61,13,main_domain
train_005784,runaway_loop,runaway_loop,1,50,7,main_domain
train_005785,duplicated_work,dropped_handoff,1,42,7,main_domain
train_005786,clean,clean,1,27,1,main_domain
train_005787,clean,clean,1,22,5,main_domain
train_005788,duplicated_work,clean,1,28,6,main_domain
train_005789,duplicated_work,deadlock,1,36,6,main_domain
train_005790,clean,clean,1,44,9,compliance_audit
train_005791,clean,clean,1,49,10,main_domain
train_005792,dropped_handoff,clean,0,83,10,main_domain
train_005793,clean,clean,1,55,7,main_domain
train_005794,goal_drift,goal_drift,0,66,1,main_domain
train_005795,runaway_loop,runaway_loop,0,52,7,main_domain
train_005796,clean,clean,1,38,8,main_domain
train_005797,dropped_handoff,clean,1,52,8,main_domain
train_005798,clean,clean,1,90,9,compliance_audit
train_005799,deadlock,clean,0,59,1,main_domain
train_005800,dropped_handoff,goal_drift,0,50,13,compliance_audit
train_005801,dropped_handoff,goal_drift,0,43,12,main_domain
train_005802,clean,clean,1,43,8,main_domain
train_005803,dropped_handoff,dropped_handoff,0,50,10,main_domain
train_005804,duplicated_work,duplicated_work,0,69,10,main_domain
train_005805,clean,deadlock,0,45,8,main_domain
train_005806,clean,clean,1,35,9,main_domain
train_005807,clean,clean,1,40,7,main_domain
train_005808,clean,clean,1,80,1,main_domain
train_005809,clean,clean,1,64,10,main_domain
train_005810,conflict,conflict,0,47,8,main_domain
train_005811,goal_drift,goal_drift,0,32,13,compliance_audit
train_005812,deadlock,deadlock,0,42,9,main_domain
train_005813,deadlock,deadlock,0,21,6,main_domain
train_005814,clean,clean,0,42,1,main_domain
train_005815,dropped_handoff,dropped_handoff,0,35,7,main_domain
train_005816,clean,clean,0,71,10,main_domain
train_005817,clean,clean,1,114,10,main_domain
train_005818,conflict,conflict,1,50,10,main_domain
train_005819,dropped_handoff,clean,0,57,10,main_domain
train_005820,dropped_handoff,dropped_handoff,0,22,6,main_domain
train_005821,dropped_handoff,deadlock,0,47,8,compliance_audit
train_005822,runaway_loop,dropped_handoff,0,53,1,main_domain
train_005823,dropped_handoff,dropped_handoff,0,27,8,compliance_audit
train_005824,clean,clean,0,41,8,main_domain
train_005825,clean,clean,1,29,7,main_domain
train_005826,deadlock,runaway_loop,0,20,5,main_domain
train_005827,clean,clean,1,29,7,main_domain
train_005828,duplicated_work,duplicated_work,1,39,7,main_domain
train_005829,runaway_loop,dropped_handoff,1,32,5,main_domain
train_005830,clean,clean,1,48,8,compliance_audit
train_005831,clean,clean,1,65,8,main_domain
train_005832,conflict,conflict,1,56,10,compliance_audit
train_005833,runaway_loop,runaway_loop,0,101,10,compliance_audit
train_005834,clean,clean,0,79,10,main_domain
train_005835,deadlock,runaway_loop,0,44,1,main_domain
train_005836,clean,clean,0,79,1,main_domain
train_005837,clean,clean,1,69,8,compliance_audit
train_005838,goal_drift,goal_drift,0,86,13,main_domain
train_005839,clean,clean,1,35,8,main_domain
train_005840,conflict,conflict,0,46,8,compliance_audit
train_005841,dropped_handoff,duplicated_work,1,77,10,compliance_audit
train_005842,duplicated_work,clean,1,23,3,main_domain
train_005843,conflict,conflict,1,43,8,main_domain
train_005844,goal_drift,goal_drift,0,31,11,compliance_audit
train_005845,conflict,conflict,1,49,9,main_domain
train_005846,clean,clean,1,68,10,compliance_audit
train_005847,duplicated_work,duplicated_work,1,16,4,main_domain
train_005848,deadlock,deadlock,0,13,5,main_domain
train_005849,conflict,conflict,1,31,7,main_domain
train_005850,dropped_handoff,dropped_handoff,0,56,10,main_domain
train_005851,runaway_loop,runaway_loop,1,64,9,compliance_audit
train_005852,runaway_loop,clean,1,53,9,main_domain
train_005853,dropped_handoff,runaway_loop,0,44,8,main_domain
train_005854,clean,clean,1,42,1,main_domain
train_005855,goal_drift,goal_drift,0,57,12,main_domain
train_005856,clean,dropped_handoff,0,18,6,main_domain
train_005857,clean,clean,0,44,8,main_domain
train_005858,clean,clean,1,79,8,main_domain
train_005859,conflict,conflict,1,56,10,main_domain
train_005860,duplicated_work,clean,0,38,8,main_domain
train_005861,conflict,conflict,1,54,9,main_domain
train_005862,goal_drift,goal_drift,0,50,11,main_domain
train_005863,runaway_loop,clean,1,67,10,compliance_audit
train_005864,clean,clean,1,40,10,compliance_audit
train_005865,duplicated_work,duplicated_work,1,73,10,main_domain
train_005866,duplicated_work,deadlock,0,50,9,main_domain
train_005867,duplicated_work,duplicated_work,1,32,5,main_domain
train_005868,runaway_loop,runaway_loop,0,47,7,main_domain
train_005869,conflict,goal_drift,0,38,12,main_domain
train_005870,conflict,conflict,1,46,9,main_domain
train_005871,duplicated_work,duplicated_work,1,42,9,main_domain
train_005872,runaway_loop,runaway_loop,1,58,1,main_domain
train_005873,conflict,conflict,0,53,10,compliance_audit
train_005874,clean,clean,1,43,9,compliance_audit
train_005875,clean,clean,1,47,8,main_domain
train_005876,conflict,conflict,1,84,9,compliance_audit
train_005877,clean,clean,1,32,7,main_domain
train_005878,dropped_handoff,dropped_handoff,1,40,8,main_domain
train_005879,conflict,goal_drift,0,30,12,main_domain
train_005880,clean,deadlock,1,34,1,compliance_audit
train_005881,clean,clean,1,56,10,main_domain
train_005882,runaway_loop,runaway_loop,0,95,10,main_domain
train_005883,dropped_handoff,dropped_handoff,1,42,7,main_domain
train_005884,goal_drift,goal_drift,1,47,11,main_domain
train_005885,clean,clean,0,40,1,main_domain
train_005886,runaway_loop,clean,1,47,9,compliance_audit
train_005887,clean,clean,1,44,9,main_domain
train_005888,conflict,conflict,0,48,10,compliance_audit
train_005889,deadlock,deadlock,0,38,7,compliance_audit
train_005890,dropped_handoff,goal_drift,0,37,11,main_domain
train_005891,dropped_handoff,conflict,1,76,9,compliance_audit
train_005892,runaway_loop,runaway_loop,0,40,6,main_domain
train_005893,conflict,conflict,0,23,6,main_domain
train_005894,duplicated_work,clean,0,47,8,main_domain
train_005895,clean,clean,1,58,9,main_domain
train_005896,clean,clean,1,108,10,main_domain
train_005897,goal_drift,conflict,0,42,14,main_domain
train_005898,runaway_loop,runaway_loop,0,80,9,main_domain
train_005899,dropped_handoff,dropped_handoff,0,45,8,main_domain
train_005900,dropped_handoff,runaway_loop,0,29,6,compliance_audit
train_005901,deadlock,deadlock,0,19,5,main_domain
train_005902,deadlock,deadlock,0,52,1,main_domain
train_005903,runaway_loop,duplicated_work,1,30,6,compliance_audit
train_005904,duplicated_work,clean,0,39,6,compliance_audit
train_005905,clean,clean,1,44,9,main_domain
train_005906,clean,clean,1,47,9,main_domain
train_005907,duplicated_work,duplicated_work,0,30,6,main_domain
train_005908,clean,clean,1,110,10,main_domain
train_005909,conflict,conflict,1,75,9,main_domain
train_005910,clean,clean,0,54,9,main_domain
train_005911,conflict,conflict,0,43,8,main_domain
train_005912,conflict,conflict,1,47,1,main_domain
train_005913,deadlock,duplicated_work,1,49,8,main_domain
train_005914,conflict,conflict,0,43,8,compliance_audit
train_005915,dropped_handoff,dropped_handoff,1,49,8,main_domain
train_005916,clean,clean,1,26,6,compliance_audit
train_005917,runaway_loop,runaway_loop,0,30,5,compliance_audit
train_005918,clean,clean,1,60,9,compliance_audit
train_005919,clean,clean,1,61,9,main_domain
train_005920,deadlock,runaway_loop,0,54,9,compliance_audit
train_005921,duplicated_work,duplicated_work,0,46,9,main_domain
train_005922,goal_drift,goal_drift,0,18,8,compliance_audit
train_005923,clean,clean,1,72,10,main_domain
train_005924,duplicated_work,deadlock,1,111,10,main_domain
train_005925,deadlock,deadlock,0,30,8,compliance_audit
train_005926,duplicated_work,goal_drift,0,47,14,main_domain
train_005927,dropped_handoff,deadlock,0,23,8,main_domain
train_005928,clean,clean,1,18,5,main_domain
train_005929,conflict,conflict,0,47,8,main_domain
train_005930,goal_drift,goal_drift,0,33,10,main_domain
train_005931,dropped_handoff,deadlock,0,52,8,compliance_audit
train_005932,runaway_loop,runaway_loop,0,54,10,compliance_audit
train_005933,goal_drift,clean,1,34,1,main_domain
train_005934,goal_drift,conflict,0,18,8,main_domain
train_005935,clean,clean,1,12,4,main_domain
train_005936,deadlock,runaway_loop,0,49,7,main_domain
train_005937,deadlock,clean,0,50,8,main_domain
train_005938,clean,clean,1,46,9,main_domain
train_005939,conflict,conflict,0,61,10,main_domain
train_005940,clean,clean,1,35,7,compliance_audit
train_005941,dropped_handoff,dropped_handoff,0,23,8,main_domain
train_005942,runaway_loop,runaway_loop,0,31,7,compliance_audit
train_005943,runaway_loop,runaway_loop,1,50,9,main_domain
train_005944,goal_drift,goal_drift,0,23,9,main_domain
train_005945,deadlock,deadlock,0,20,6,compliance_audit
train_005946,conflict,conflict,1,40,8,main_domain
train_005947,deadlock,deadlock,0,84,10,main_domain
train_005948,clean,clean,0,26,1,main_domain
train_005949,conflict,conflict,0,41,9,main_domain
train_005950,goal_drift,duplicated_work,1,45,11,compliance_audit
train_005951,dropped_handoff,dropped_handoff,0,36,8,main_domain
train_005952,deadlock,clean,0,63,10,compliance_audit
train_005953,deadlock,deadlock,0,41,10,main_domain
train_005954,conflict,goal_drift,0,58,15,main_domain
train_005955,runaway_loop,deadlock,0,50,1,main_domain
train_005956,clean,clean,1,50,9,compliance_audit
train_005957,runaway_loop,runaway_loop,0,39,8,main_domain
train_005958,deadlock,deadlock,0,44,8,main_domain
train_005959,dropped_handoff,runaway_loop,0,39,7,compliance_audit
train_005960,goal_drift,goal_drift,0,69,12,compliance_audit
train_005961,clean,clean,1,36,7,compliance_audit
train_005962,dropped_handoff,clean,0,47,10,compliance_audit
train_005963,goal_drift,goal_drift,1,31,10,main_domain
train_005964,conflict,conflict,1,59,8,main_domain
train_005965,clean,clean,1,51,9,compliance_audit
train_005966,conflict,conflict,0,22,6,main_domain
train_005967,conflict,conflict,1,48,8,main_domain
train_005968,duplicated_work,duplicated_work,1,33,6,main_domain
train_005969,dropped_handoff,clean,0,21,1,main_domain
train_005970,dropped_handoff,dropped_handoff,0,52,10,main_domain
train_005971,dropped_handoff,dropped_handoff,0,23,8,main_domain
train_005972,conflict,conflict,0,65,10,main_domain
train_005973,dropped_handoff,goal_drift,1,46,11,main_domain
train_005974,runaway_loop,runaway_loop,0,35,8,main_domain
train_005975,goal_drift,goal_drift,1,22,7,compliance_audit
train_005976,duplicated_work,clean,1,64,10,main_domain
train_005977,clean,clean,1,59,10,main_domain
train_005978,clean,clean,1,36,8,main_domain
train_005979,deadlock,clean,1,60,9,main_domain
train_005980,deadlock,deadlock,0,40,9,compliance_audit
train_005981,conflict,conflict,0,42,1,main_domain
train_005982,goal_drift,goal_drift,0,61,14,compliance_audit
train_005983,goal_drift,goal_drift,0,42,12,compliance_audit
train_005984,duplicated_work,duplicated_work,1,67,9,compliance_audit
train_005985,clean,clean,1,16,4,compliance_audit
train_005986,duplicated_work,dropped_handoff,1,33,8,compliance_audit
train_005987,goal_drift,runaway_loop,1,39,12,main_domain
train_005988,clean,runaway_loop,0,22,1,main_domain
train_005989,clean,clean,1,23,6,main_domain
train_005990,dropped_handoff,clean,0,22,6,main_domain
train_005991,dropped_handoff,dropped_handoff,1,45,8,main_domain
train_005992,goal_drift,goal_drift,0,57,14,main_domain
train_005993,dropped_handoff,clean,1,60,10,main_domain
train_005994,clean,clean,1,48,10,main_domain
train_005995,clean,clean,0,34,7,main_domain
train_005996,goal_drift,goal_drift,1,68,14,main_domain
train_005997,runaway_loop,runaway_loop,0,42,7,main_domain
train_005998,runaway_loop,clean,1,90,10,main_domain
train_005999,runaway_loop,runaway_loop,0,23,6,compliance_audit
train_006000,runaway_loop,runaway_loop,0,51,7,compliance_audit
train_006001,deadlock,deadlock,0,23,6,main_domain
train_006002,conflict,conflict,0,28,7,main_domain
train_006003,clean,clean,1,37,9,main_domain
train_006004,deadlock,deadlock,0,36,8,main_domain
train_006005,conflict,clean,1,54,10,main_domain
train_006006,conflict,conflict,0,33,9,main_domain
train_006007,runaway_loop,runaway_loop,0,31,6,main_domain
train_006008,clean,clean,1,86,10,compliance_audit
train_006009,clean,clean,1,31,8,main_domain
train_006010,goal_drift,clean,0,69,1,main_domain
train_006011,conflict,duplicated_work,1,23,4,main_domain
train_006012,clean,clean,1,32,5,compliance_audit
train_006013,clean,clean,1,36,7,main_domain
train_006014,clean,clean,1,48,9,main_domain
train_006015,dropped_handoff,dropped_handoff,0,35,8,main_domain
train_006016,duplicated_work,duplicated_work,1,43,8,main_domain
train_006017,clean,clean,1,40,7,compliance_audit
train_006018,runaway_loop,runaway_loop,0,27,6,compliance_audit
train_006019,conflict,conflict,0,50,10,main_domain
train_006020,runaway_loop,runaway_loop,0,54,9,main_domain
train_006021,dropped_handoff,dropped_handoff,0,25,8,main_domain
train_006022,goal_drift,goal_drift,0,24,9,main_domain
train_006023,deadlock,conflict,0,13,5,main_domain
train_006024,goal_drift,clean,1,35,10,compliance_audit
train_006025,dropped_handoff,duplicated_work,1,58,10,main_domain
train_006026,clean,clean,1,29,8,main_domain
train_006027,deadlock,clean,1,57,9,main_domain
train_006028,runaway_loop,goal_drift,0,44,10,main_domain
train_006029,dropped_handoff,dropped_handoff,0,22,6,main_domain
train_006030,clean,clean,1,68,1,main_domain
train_006031,clean,clean,1,46,8,main_domain
train_006032,clean,clean,1,52,9,main_domain
train_006033,clean,clean,1,66,10,main_domain
train_006034,deadlock,deadlock,0,57,1,compliance_audit
train_006035,goal_drift,duplicated_work,1,41,1,compliance_audit
train_006036,clean,clean,1,31,6,main_domain
train_006037,clean,clean,1,51,10,compliance_audit
train_006038,clean,clean,1,40,9,compliance_audit
train_006039,conflict,conflict,0,21,1,main_domain
train_006040,goal_drift,goal_drift,0,29,9,main_domain
train_006041,runaway_loop,goal_drift,0,45,12,main_domain
train_006042,clean,clean,1,115,1,main_domain
train_006043,clean,runaway_loop,0,37,6,main_domain
train_006044,dropped_handoff,dropped_handoff,0,29,7,main_domain
train_006045,deadlock,deadlock,0,68,1,main_domain
train_006046,clean,clean,1,28,7,compliance_audit
train_006047,deadlock,deadlock,0,46,9,main_domain
train_006048,clean,clean,1,32,1,main_domain
train_006049,deadlock,deadlock,0,73,10,main_domain
train_006050,clean,clean,0,57,10,compliance_audit
train_006051,clean,runaway_loop,0,70,9,compliance_audit
train_006052,clean,clean,1,16,1,main_domain
train_006053,clean,clean,1,51,8,main_domain
train_006054,conflict,conflict,0,49,10,main_domain
train_006055,duplicated_work,duplicated_work,1,53,7,main_domain
train_006056,deadlock,deadlock,0,20,1,main_domain
train_006057,deadlock,deadlock,0,26,5,main_domain
train_006058,dropped_handoff,goal_drift,0,56,14,main_domain
train_006059,clean,clean,1,43,9,main_domain
train_006060,conflict,clean,0,51,10,main_domain
train_006061,goal_drift,goal_drift,0,47,12,main_domain
train_006062,goal_drift,goal_drift,1,82,13,main_domain
train_006063,duplicated_work,duplicated_work,1,44,7,main_domain
train_006064,conflict,conflict,0,42,8,compliance_audit
train_006065,deadlock,deadlock,0,42,9,main_domain
train_006066,runaway_loop,deadlock,0,51,9,main_domain
train_006067,duplicated_work,clean,1,64,10,main_domain
train_006068,duplicated_work,clean,1,45,7,main_domain
train_006069,goal_drift,goal_drift,1,69,1,main_domain
train_006070,runaway_loop,runaway_loop,1,64,10,main_domain
train_006071,dropped_handoff,goal_drift,0,49,14,main_domain
train_006072,clean,clean,1,37,1,main_domain
train_006073,clean,clean,1,31,8,main_domain
train_006074,conflict,conflict,0,31,7,main_domain
train_006075,goal_drift,goal_drift,0,71,14,main_domain
train_006076,clean,clean,1,73,9,main_domain
train_006077,goal_drift,goal_drift,0,18,8,main_domain
train_006078,duplicated_work,duplicated_work,1,88,10,compliance_audit
train_006079,clean,clean,1,52,9,main_domain
train_006080,clean,clean,1,43,9,main_domain
train_006081,dropped_handoff,dropped_handoff,0,29,6,compliance_audit
train_006082,conflict,conflict,1,52,10,main_domain
train_006083,conflict,conflict,0,33,8,main_domain
train_006084,runaway_loop,runaway_loop,0,49,7,main_domain
train_006085,conflict,conflict,0,36,8,main_domain
train_006086,conflict,conflict,1,56,10,main_domain
train_006087,dropped_handoff,clean,1,24,6,main_domain
train_006088,clean,clean,1,125,10,main_domain
train_006089,runaway_loop,runaway_loop,0,37,8,compliance_audit
train_006090,clean,clean,1,46,10,main_domain
train_006091,deadlock,clean,1,49,8,compliance_audit
train_006092,conflict,conflict,0,49,1,main_domain
train_006093,clean,clean,0,32,1,main_domain
train_006094,clean,clean,1,71,10,compliance_audit
train_006095,clean,clean,1,49,10,main_domain
train_006096,goal_drift,goal_drift,0,48,12,main_domain
train_006097,dropped_handoff,duplicated_work,1,46,9,main_domain
train_006098,dropped_handoff,clean,0,29,1,main_domain
train_006099,clean,clean,0,106,10,main_domain
train_006100,goal_drift,goal_drift,0,39,11,main_domain
train_006101,dropped_handoff,dropped_handoff,0,28,6,compliance_audit
train_006102,duplicated_work,duplicated_work,1,54,10,main_domain
train_006103,dropped_handoff,deadlock,0,61,9,main_domain
train_006104,goal_drift,goal_drift,0,24,9,compliance_audit
train_006105,deadlock,deadlock,0,67,9,main_domain
train_006106,runaway_loop,clean,1,21,6,main_domain
train_006107,dropped_handoff,dropped_handoff,0,36,10,main_domain
train_006108,clean,deadlock,1,60,10,main_domain
train_006109,duplicated_work,duplicated_work,0,69,10,main_domain
train_006110,dropped_handoff,clean,1,70,10,main_domain
train_006111,clean,clean,1,65,10,compliance_audit
train_006112,dropped_handoff,clean,1,25,7,main_domain
train_006113,clean,clean,1,50,10,main_domain
train_006114,runaway_loop,runaway_loop,1,38,1,compliance_audit
train_006115,conflict,conflict,0,38,8,main_domain
train_006116,dropped_handoff,dropped_handoff,0,17,6,compliance_audit
train_006117,conflict,conflict,0,75,10,main_domain
train_006118,clean,clean,1,65,10,compliance_audit
train_006119,clean,clean,1,53,10,main_domain
train_006120,clean,clean,0,35,6,compliance_audit
train_006121,dropped_handoff,clean,0,41,10,main_domain
train_006122,dropped_handoff,dropped_handoff,0,20,6,main_domain
train_006123,clean,runaway_loop,1,60,9,main_domain
train_006124,duplicated_work,duplicated_work,1,59,1,main_domain
train_006125,clean,clean,1,17,6,main_domain
train_006126,clean,clean,1,21,6,compliance_audit
train_006127,goal_drift,goal_drift,0,57,15,main_domain
train_006128,dropped_handoff,runaway_loop,0,63,10,main_domain
train_006129,deadlock,dropped_handoff,0,24,6,main_domain
train_006130,conflict,conflict,0,98,10,main_domain
train_006131,dropped_handoff,clean,1,33,8,compliance_audit
train_006132,deadlock,deadlock,0,49,10,main_domain
train_006133,clean,dropped_handoff,0,18,6,main_domain
train_006134,conflict,conflict,0,38,9,compliance_audit
train_006135,clean,clean,1,51,10,main_domain
train_006136,deadlock,deadlock,0,50,9,main_domain
train_006137,deadlock,runaway_loop,0,17,5,main_domain
train_006138,clean,clean,1,26,7,main_domain
train_006139,dropped_handoff,deadlock,0,35,7,compliance_audit
train_006140,duplicated_work,duplicated_work,1,31,7,main_domain
train_006141,clean,clean,1,40,1,main_domain
train_006142,duplicated_work,clean,0,26,7,compliance_audit
train_006143,runaway_loop,runaway_loop,1,33,6,main_domain
train_006144,conflict,conflict,0,41,8,compliance_audit
train_006145,clean,clean,1,41,9,compliance_audit
train_006146,goal_drift,goal_drift,0,45,13,main_domain
train_006147,conflict,conflict,0,36,7,main_domain
train_006148,clean,clean,1,22,5,main_domain
train_006149,clean,clean,1,41,8,compliance_audit
train_006150,duplicated_work,duplicated_work,1,29,1,main_domain
train_006151,clean,clean,1,55,10,compliance_audit
train_006152,duplicated_work,clean,1,32,8,main_domain
train_006153,duplicated_work,duplicated_work,1,37,7,compliance_audit
train_006154,deadlock,deadlock,0,45,9,main_domain
train_006155,goal_drift,goal_drift,0,69,1,main_domain
train_006156,duplicated_work,dropped_handoff,0,30,6,main_domain
train_006157,deadlock,deadlock,0,43,1,main_domain
train_006158,conflict,conflict,1,65,9,main_domain
train_006159,deadlock,clean,1,95,9,main_domain
train_006160,clean,clean,1,68,9,compliance_audit
train_006161,duplicated_work,duplicated_work,1,43,9,compliance_audit
train_006162,runaway_loop,runaway_loop,1,41,6,main_domain
train_006163,conflict,conflict,1,55,8,compliance_audit
train_006164,dropped_handoff,duplicated_work,0,27,7,main_domain
train_006165,duplicated_work,clean,1,18,5,main_domain
train_006166,dropped_handoff,dropped_handoff,0,27,7,main_domain
train_006167,clean,clean,1,73,10,main_domain
train_006168,conflict,conflict,0,42,10,main_domain
train_006169,goal_drift,conflict,0,15,5,main_domain
train_006170,clean,clean,1,59,9,main_domain
train_006171,clean,clean,1,33,6,main_domain
train_006172,clean,clean,1,32,7,main_domain
train_006173,clean,clean,0,52,1,main_domain
train_006174,goal_drift,goal_drift,1,44,12,main_domain
train_006175,conflict,conflict,0,44,1,main_domain
train_006176,goal_drift,goal_drift,0,38,12,compliance_audit
train_006177,duplicated_work,clean,0,51,10,main_domain
train_006178,clean,clean,1,31,8,main_domain
train_006179,duplicated_work,duplicated_work,0,27,6,main_domain
train_006180,runaway_loop,runaway_loop,0,21,6,main_domain
train_006181,goal_drift,goal_drift,0,77,14,main_domain
train_006182,runaway_loop,runaway_loop,0,90,10,compliance_audit
train_006183,dropped_handoff,goal_drift,1,26,9,main_domain
train_006184,deadlock,deadlock,0,54,9,main_domain
train_006185,conflict,conflict,0,42,6,compliance_audit
train_006186,clean,clean,1,28,7,main_domain
train_006187,runaway_loop,goal_drift,0,86,12,main_domain
train_006188,deadlock,deadlock,0,27,7,main_domain
train_006189,clean,clean,1,52,9,main_domain
train_006190,conflict,conflict,0,51,1,main_domain
train_006191,deadlock,conflict,0,23,5,main_domain
train_006192,deadlock,conflict,1,51,10,compliance_audit
train_006193,runaway_loop,runaway_loop,0,49,6,main_domain
train_006194,runaway_loop,runaway_loop,0,32,6,compliance_audit
train_006195,duplicated_work,duplicated_work,1,45,10,main_domain
train_006196,clean,clean,1,32,10,main_domain
train_006197,clean,clean,1,27,6,compliance_audit
train_006198,duplicated_work,duplicated_work,1,39,7,main_domain
train_006199,runaway_loop,clean,1,62,8,compliance_audit
train_006200,duplicated_work,clean,1,75,10,main_domain
train_006201,conflict,conflict,1,33,7,main_domain
train_006202,duplicated_work,duplicated_work,1,80,10,main_domain
train_006203,clean,clean,1,33,9,compliance_audit
train_006204,conflict,conflict,0,15,4,main_domain
train_006205,clean,clean,1,58,9,compliance_audit
train_006206,duplicated_work,duplicated_work,1,46,8,main_domain
train_006207,clean,clean,0,33,1,compliance_audit
train_006208,dropped_handoff,runaway_loop,0,58,1,compliance_audit
train_006209,duplicated_work,duplicated_work,1,55,1,compliance_audit
train_006210,clean,clean,1,25,6,main_domain
train_006211,goal_drift,goal_drift,0,29,11,main_domain
train_006212,dropped_handoff,clean,1,42,1,main_domain
train_006213,clean,dropped_handoff,1,33,8,compliance_audit
train_006214,duplicated_work,duplicated_work,1,52,9,main_domain
train_006215,runaway_loop,runaway_loop,1,40,6,main_domain
train_006216,clean,clean,1,82,10,main_domain
train_006217,goal_drift,goal_drift,0,67,14,main_domain
train_006218,duplicated_work,duplicated_work,1,66,10,compliance_audit
train_006219,duplicated_work,duplicated_work,1,70,10,main_domain
train_006220,runaway_loop,runaway_loop,0,47,8,main_domain
train_006221,duplicated_work,clean,1,41,9,main_domain
train_006222,clean,clean,1,63,10,main_domain
train_006223,deadlock,clean,0,47,8,main_domain
train_006224,clean,clean,1,32,7,main_domain
train_006225,dropped_handoff,clean,1,38,1,main_domain
train_006226,clean,clean,1,41,8,compliance_audit
train_006227,conflict,conflict,0,40,8,main_domain
train_006228,deadlock,deadlock,0,48,10,main_domain
train_006229,conflict,conflict,0,25,7,main_domain
train_006230,duplicated_work,duplicated_work,1,25,6,compliance_audit
train_006231,duplicated_work,duplicated_work,0,44,8,main_domain
train_006232,duplicated_work,goal_drift,1,49,10,main_domain
train_006233,conflict,conflict,1,65,9,main_domain
train_006234,duplicated_work,duplicated_work,1,45,8,main_domain
train_006235,clean,clean,1,63,1,main_domain
train_006236,goal_drift,goal_drift,0,48,1,main_domain
train_006237,clean,clean,0,20,6,main_domain
train_006238,clean,clean,1,49,9,main_domain
train_006239,dropped_handoff,clean,0,44,8,main_domain
train_006240,clean,clean,1,98,10,main_domain
train_006241,clean,clean,1,35,1,compliance_audit
train_006242,conflict,conflict,0,54,1,main_domain
train_006243,conflict,conflict,1,68,10,compliance_audit
train_006244,clean,clean,1,19,5,main_domain
train_006245,clean,clean,1,57,10,main_domain
train_006246,conflict,conflict,1,59,10,main_domain
train_006247,clean,deadlock,0,37,6,main_domain
train_006248,deadlock,deadlock,0,45,1,compliance_audit
train_006249,clean,dropped_handoff,0,29,1,main_domain
train_006250,clean,clean,1,45,9,main_domain
train_006251,conflict,conflict,1,53,9,main_domain
train_006252,goal_drift,goal_drift,0,35,13,main_domain
train_006253,goal_drift,goal_drift,0,16,8,main_domain
train_006254,runaway_loop,runaway_loop,0,44,6,main_domain
train_006255,goal_drift,goal_drift,0,49,12,main_domain
train_006256,deadlock,runaway_loop,0,34,9,main_domain
train_006257,dropped_handoff,dropped_handoff,0,21,6,main_domain
train_006258,goal_drift,goal_drift,1,62,13,main_domain
train_006259,dropped_handoff,dropped_handoff,0,25,5,compliance_audit
train_006260,clean,clean,1,42,8,main_domain
train_006261,clean,clean,1,52,10,main_domain
train_006262,conflict,conflict,0,51,9,main_domain
train_006263,clean,clean,1,29,1,compliance_audit
train_006264,conflict,conflict,1,31,7,main_domain
train_006265,runaway_loop,runaway_loop,1,50,9,main_domain
train_006266,clean,clean,1,54,10,main_domain
train_006267,duplicated_work,duplicated_work,1,37,7,main_domain
train_006268,runaway_loop,clean,1,59,10,main_domain
train_006269,runaway_loop,runaway_loop,1,43,7,main_domain
train_006270,clean,clean,1,40,9,main_domain
train_006271,conflict,conflict,0,43,8,main_domain
train_006272,clean,clean,1,75,10,main_domain
train_006273,clean,clean,1,34,8,main_domain
train_006274,clean,clean,1,62,10,main_domain
train_006275,dropped_handoff,clean,0,47,10,main_domain
train_006276,deadlock,deadlock,0,51,9,main_domain
train_006277,clean,clean,1,28,6,main_domain
train_006278,goal_drift,clean,1,26,1,main_domain
train_006279,goal_drift,goal_drift,1,57,13,main_domain
train_006280,runaway_loop,duplicated_work,1,57,9,main_domain
train_006281,dropped_handoff,clean,1,49,7,main_domain
train_006282,clean,clean,1,34,1,main_domain
train_006283,goal_drift,goal_drift,1,48,12,main_domain
train_006284,deadlock,deadlock,0,66,9,compliance_audit
train_006285,dropped_handoff,dropped_handoff,0,44,7,main_domain
train_006286,goal_drift,goal_drift,0,31,11,main_domain
train_006287,deadlock,clean,1,91,8,main_domain
train_006288,duplicated_work,clean,1,24,6,main_domain
train_006289,goal_drift,goal_drift,0,23,7,compliance_audit
train_006290,dropped_handoff,duplicated_work,0,25,6,main_domain
train_006291,clean,clean,1,26,8,compliance_audit
train_006292,clean,clean,1,25,4,main_domain
train_006293,dropped_handoff,dropped_handoff,0,35,7,main_domain
train_006294,runaway_loop,runaway_loop,1,25,1,compliance_audit
train_006295,runaway_loop,runaway_loop,0,41,8,main_domain
train_006296,runaway_loop,goal_drift,0,33,10,compliance_audit
train_006297,goal_drift,goal_drift,0,60,12,main_domain
train_006298,duplicated_work,duplicated_work,1,34,5,main_domain
train_006299,deadlock,clean,0,34,7,main_domain
train_006300,clean,dropped_handoff,0,12,4,main_domain
train_006301,clean,clean,1,19,5,compliance_audit
train_006302,dropped_handoff,clean,1,38,8,main_domain
train_006303,duplicated_work,duplicated_work,1,32,6,compliance_audit
train_006304,dropped_handoff,deadlock,0,23,6,compliance_audit
train_006305,goal_drift,dropped_handoff,0,78,1,main_domain
train_006306,goal_drift,goal_drift,0,28,9,main_domain
train_006307,clean,clean,0,54,1,main_domain
train_006308,dropped_handoff,clean,1,40,1,main_domain
train_006309,clean,clean,1,34,8,compliance_audit
train_006310,conflict,conflict,0,102,10,main_domain
train_006311,clean,runaway_loop,0,58,8,main_domain
train_006312,goal_drift,goal_drift,0,26,9,main_domain
train_006313,clean,clean,1,30,7,compliance_audit
train_006314,clean,clean,1,31,9,main_domain
train_006315,dropped_handoff,dropped_handoff,1,47,9,main_domain
train_006316,clean,clean,1,39,9,compliance_audit
train_006317,runaway_loop,runaway_loop,1,30,1,main_domain
train_006318,deadlock,deadlock,0,25,7,main_domain
train_006319,clean,clean,1,49,10,main_domain
train_006320,clean,clean,1,33,8,main_domain
train_006321,conflict,conflict,0,56,1,compliance_audit
train_006322,goal_drift,goal_drift,1,54,13,main_domain
train_006323,clean,clean,1,48,9,main_domain
train_006324,deadlock,deadlock,0,22,5,main_domain
train_006325,goal_drift,goal_drift,0,31,1,main_domain
train_006326,clean,clean,1,43,1,main_domain
train_006327,dropped_handoff,dropped_handoff,0,28,8,main_domain
train_006328,clean,clean,1,21,6,main_domain
train_006329,clean,clean,1,42,9,main_domain
train_006330,runaway_loop,runaway_loop,0,35,6,compliance_audit
train_006331,dropped_handoff,clean,1,38,9,main_domain
train_006332,clean,deadlock,1,32,8,main_domain
train_006333,goal_drift,goal_drift,0,55,13,compliance_audit
train_006334,duplicated_work,duplicated_work,1,34,7,main_domain
train_006335,goal_drift,goal_drift,0,62,13,compliance_audit
train_006336,dropped_handoff,dropped_handoff,0,18,6,compliance_audit
train_006337,goal_drift,goal_drift,0,30,11,main_domain
train_006338,conflict,conflict,1,27,6,main_domain
train_006339,dropped_handoff,dropped_handoff,0,57,8,compliance_audit
train_006340,clean,clean,1,44,9,main_domain
train_006341,conflict,conflict,0,27,6,main_domain
train_006342,duplicated_work,duplicated_work,1,77,9,compliance_audit
train_006343,dropped_handoff,dropped_handoff,0,28,6,compliance_audit
train_006344,clean,clean,1,21,7,main_domain
train_006345,duplicated_work,duplicated_work,1,29,6,main_domain
train_006346,conflict,runaway_loop,0,37,7,main_domain
train_006347,dropped_handoff,deadlock,1,72,9,main_domain
train_006348,deadlock,deadlock,0,35,8,main_domain
train_006349,conflict,conflict,0,28,7,main_domain
train_006350,runaway_loop,runaway_loop,0,27,8,main_domain
train_006351,clean,clean,1,50,10,compliance_audit
train_006352,duplicated_work,goal_drift,0,36,12,compliance_audit
train_006353,runaway_loop,runaway_loop,0,35,5,main_domain
train_006354,runaway_loop,runaway_loop,1,54,6,main_domain
train_006355,runaway_loop,runaway_loop,0,48,9,compliance_audit
train_006356,goal_drift,goal_drift,0,23,8,main_domain
train_006357,clean,clean,1,16,4,main_domain
train_006358,goal_drift,goal_drift,0,54,13,main_domain
train_006359,clean,dropped_handoff,0,41,8,main_domain
train_006360,conflict,conflict,1,37,6,main_domain
train_006361,dropped_handoff,dropped_handoff,0,32,9,main_domain
train_006362,conflict,conflict,0,30,7,main_domain
train_006363,dropped_handoff,dropped_handoff,0,19,6,main_domain
train_006364,runaway_loop,runaway_loop,0,25,4,main_domain
train_006365,dropped_handoff,dropped_handoff,0,16,6,compliance_audit
train_006366,runaway_loop,runaway_loop,0,44,10,main_domain
train_006367,clean,clean,0,29,1,compliance_audit
train_006368,goal_drift,goal_drift,0,53,13,main_domain
train_006369,clean,clean,1,55,10,main_domain
train_006370,runaway_loop,duplicated_work,1,62,10,main_domain
train_006371,deadlock,deadlock,0,70,10,main_domain
train_006372,conflict,conflict,0,59,9,main_domain
train_006373,conflict,conflict,0,45,10,main_domain
train_006374,clean,clean,1,26,6,main_domain
train_006375,conflict,conflict,1,48,9,main_domain
train_006376,duplicated_work,duplicated_work,1,35,7,compliance_audit
train_006377,runaway_loop,runaway_loop,0,88,10,compliance_audit
train_006378,conflict,conflict,1,40,8,main_domain
train_006379,deadlock,deadlock,0,22,6,main_domain
train_006380,conflict,deadlock,0,30,7,main_domain
train_006381,clean,clean,1,32,7,main_domain
train_006382,duplicated_work,duplicated_work,1,47,10,main_domain
train_006383,clean,clean,1,37,8,main_domain
train_006384,conflict,conflict,0,44,8,main_domain
train_006385,deadlock,deadlock,0,63,10,compliance_audit
train_006386,clean,clean,0,43,8,main_domain
train_006387,dropped_handoff,dropped_handoff,0,92,9,main_domain
train_006388,duplicated_work,clean,0,40,9,compliance_audit
train_006389,clean,clean,1,42,9,main_domain
train_006390,deadlock,deadlock,0,52,8,main_domain
train_006391,deadlock,goal_drift,0,25,9,main_domain
train_006392,conflict,conflict,0,56,1,main_domain
train_006393,deadlock,dropped_handoff,0,36,9,main_domain
train_006394,clean,clean,1,42,9,compliance_audit
train_006395,clean,clean,1,17,4,compliance_audit
train_006396,goal_drift,goal_drift,1,26,10,main_domain
train_006397,goal_drift,goal_drift,0,45,11,main_domain
train_006398,deadlock,deadlock,0,31,6,main_domain
train_006399,conflict,conflict,0,46,9,main_domain
train_006400,dropped_handoff,clean,1,38,1,main_domain
train_006401,duplicated_work,goal_drift,0,34,11,main_domain
train_006402,deadlock,deadlock,0,20,6,main_domain
train_006403,deadlock,clean,0,27,7,main_domain
train_006404,deadlock,clean,1,70,10,main_domain
train_006405,clean,clean,1,39,10,main_domain
train_006406,deadlock,clean,1,46,8,main_domain
train_006407,clean,clean,1,33,1,main_domain
train_006408,dropped_handoff,dropped_handoff,0,40,7,main_domain
train_006409,goal_drift,goal_drift,0,31,12,main_domain
train_006410,duplicated_work,clean,1,85,9,main_domain
train_006411,runaway_loop,deadlock,0,58,8,main_domain
train_006412,goal_drift,goal_drift,1,24,9,compliance_audit
train_006413,deadlock,deadlock,0,28,1,main_domain
train_006414,duplicated_work,goal_drift,0,65,12,main_domain
train_006415,conflict,conflict,1,38,8,compliance_audit
train_006416,deadlock,deadlock,0,55,9,compliance_audit
train_006417,deadlock,deadlock,0,32,8,main_domain
train_006418,clean,clean,1,50,8,main_domain
train_006419,goal_drift,goal_drift,0,32,10,main_domain
train_006420,clean,clean,1,20,6,compliance_audit
train_006421,clean,clean,1,51,10,main_domain
train_006422,clean,clean,1,20,6,compliance_audit
train_006423,goal_drift,goal_drift,0,24,11,main_domain
train_006424,clean,clean,1,67,1,main_domain
train_006425,runaway_loop,clean,0,52,9,main_domain
train_006426,conflict,duplicated_work,1,41,8,main_domain
train_006427,duplicated_work,duplicated_work,1,49,1,compliance_audit
train_006428,duplicated_work,duplicated_work,1,43,7,main_domain
train_006429,deadlock,clean,1,50,1,main_domain
train_006430,runaway_loop,runaway_loop,1,69,10,compliance_audit
train_006431,dropped_handoff,clean,0,28,7,main_domain
train_006432,goal_drift,goal_drift,0,43,11,compliance_audit
train_006433,duplicated_work,clean,1,55,9,compliance_audit
train_006434,conflict,dropped_handoff,0,28,7,main_domain
train_006435,deadlock,runaway_loop,0,52,8,compliance_audit
train_006436,conflict,conflict,1,54,9,main_domain
train_006437,runaway_loop,runaway_loop,1,45,9,main_domain
train_006438,clean,clean,1,61,10,main_domain
train_006439,clean,clean,1,33,8,main_domain
train_006440,clean,clean,1,35,9,main_domain
train_006441,dropped_handoff,clean,0,47,9,main_domain
train_006442,deadlock,deadlock,0,65,10,main_domain
train_006443,clean,clean,1,30,7,main_domain
train_006444,conflict,conflict,0,15,5,main_domain
train_006445,deadlock,deadlock,0,24,5,compliance_audit
train_006446,clean,clean,1,24,1,main_domain
train_006447,goal_drift,goal_drift,0,42,12,main_domain
train_006448,clean,clean,1,22,7,main_domain
train_006449,deadlock,deadlock,0,31,6,main_domain
train_006450,dropped_handoff,dropped_handoff,0,19,5,main_domain
train_006451,deadlock,dropped_handoff,1,41,10,main_domain
train_006452,conflict,clean,1,55,10,main_domain
train_006453,runaway_loop,runaway_loop,0,48,8,main_domain
train_006454,goal_drift,goal_drift,0,58,11,main_domain
train_006455,conflict,conflict,0,35,8,main_domain
train_006456,runaway_loop,runaway_loop,1,50,8,main_domain
train_006457,deadlock,clean,0,32,1,compliance_audit
train_006458,runaway_loop,deadlock,0,47,7,main_domain
train_006459,conflict,conflict,1,39,6,compliance_audit
train_006460,clean,clean,1,40,8,main_domain
train_006461,clean,clean,0,74,10,compliance_audit
train_006462,duplicated_work,duplicated_work,1,60,8,compliance_audit
train_006463,deadlock,deadlock,0,21,6,compliance_audit
train_006464,clean,clean,1,36,8,main_domain
train_006465,dropped_handoff,clean,1,52,1,compliance_audit
train_006466,clean,clean,1,42,8,main_domain
train_006467,duplicated_work,duplicated_work,1,71,8,main_domain
train_006468,clean,clean,1,46,7,main_domain
train_006469,goal_drift,goal_drift,0,42,13,compliance_audit
train_006470,goal_drift,goal_drift,0,50,10,main_domain
train_006471,runaway_loop,runaway_loop,0,59,8,main_domain
train_006472,duplicated_work,duplicated_work,1,94,10,main_domain
train_006473,clean,clean,1,53,10,main_domain
train_006474,goal_drift,goal_drift,0,39,11,main_domain
train_006475,clean,clean,1,21,5,main_domain
train_006476,goal_drift,goal_drift,0,30,11,main_domain
train_006477,clean,clean,1,29,1,main_domain
train_006478,duplicated_work,clean,1,57,10,main_domain
train_006479,dropped_handoff,dropped_handoff,0,67,10,main_domain
train_006480,duplicated_work,conflict,1,58,8,main_domain
train_006481,runaway_loop,runaway_loop,1,71,10,main_domain
train_006482,goal_drift,goal_drift,0,26,10,compliance_audit
train_006483,clean,clean,1,35,6,main_domain
train_006484,duplicated_work,duplicated_work,1,57,9,compliance_audit
train_006485,deadlock,clean,0,46,10,main_domain
train_006486,deadlock,deadlock,0,35,7,compliance_audit
train_006487,clean,clean,1,55,1,compliance_audit
train_006488,clean,dropped_handoff,0,24,7,main_domain
train_006489,clean,clean,1,19,5,main_domain
train_006490,duplicated_work,duplicated_work,1,69,1,main_domain
train_006491,goal_drift,clean,0,39,1,main_domain
train_006492,runaway_loop,runaway_loop,0,28,5,main_domain
train_006493,dropped_handoff,clean,1,46,8,main_domain
train_006494,duplicated_work,deadlock,0,51,8,main_domain
train_006495,runaway_loop,runaway_loop,0,31,5,compliance_audit
train_006496,duplicated_work,duplicated_work,0,32,1,main_domain
train_006497,goal_drift,goal_drift,0,66,13,main_domain
train_006498,deadlock,deadlock,0,39,1,main_domain
train_006499,goal_drift,goal_drift,1,73,12,main_domain
train_006500,clean,clean,1,72,9,main_domain
train_006501,goal_drift,goal_drift,0,37,12,main_domain
train_006502,conflict,conflict,0,22,5,main_domain
train_006503,dropped_handoff,dropped_handoff,0,33,9,main_domain
train_006504,dropped_handoff,dropped_handoff,0,37,8,main_domain
train_006505,clean,clean,1,15,4,main_domain
train_006506,clean,clean,1,38,8,compliance_audit
train_006507,clean,clean,0,34,6,main_domain
train_006508,deadlock,runaway_loop,0,46,8,main_domain
train_006509,deadlock,clean,0,30,9,compliance_audit
train_006510,goal_drift,goal_drift,0,54,11,main_domain
train_006511,dropped_handoff,clean,1,48,8,main_domain
train_006512,conflict,duplicated_work,1,60,10,main_domain
train_006513,goal_drift,goal_drift,0,37,12,main_domain
train_006514,clean,clean,1,20,6,compliance_audit
train_006515,dropped_handoff,deadlock,0,45,9,main_domain
train_006516,goal_drift,goal_drift,0,24,9,main_domain
train_006517,runaway_loop,runaway_loop,0,35,7,compliance_audit
train_006518,clean,clean,0,26,1,main_domain
train_006519,conflict,conflict,1,42,1,main_domain
train_006520,clean,dropped_handoff,1,35,6,main_domain
train_006521,runaway_loop,runaway_loop,0,68,1,main_domain
train_006522,clean,clean,1,59,9,compliance_audit
train_006523,clean,clean,1,42,7,main_domain
train_006524,conflict,conflict,0,39,10,compliance_audit
train_006525,clean,clean,0,44,9,main_domain
train_006526,duplicated_work,clean,1,24,5,main_domain
train_006527,runaway_loop,runaway_loop,0,42,9,compliance_audit
train_006528,clean,clean,1,29,6,main_domain
train_006529,runaway_loop,goal_drift,0,33,10,main_domain
train_006530,clean,clean,1,25,6,main_domain
train_006531,runaway_loop,duplicated_work,1,73,10,main_domain
train_006532,conflict,conflict,0,13,5,main_domain
train_006533,runaway_loop,runaway_loop,1,55,8,main_domain
train_006534,clean,clean,1,70,10,main_domain
train_006535,conflict,conflict,0,38,9,compliance_audit
train_006536,duplicated_work,duplicated_work,1,43,1,main_domain
train_006537,duplicated_work,deadlock,0,47,8,compliance_audit
train_006538,deadlock,clean,0,23,7,compliance_audit
train_006539,clean,clean,1,47,9,main_domain
train_006540,clean,clean,1,38,7,compliance_audit
train_006541,dropped_handoff,dropped_handoff,0,39,8,main_domain
train_006542,deadlock,deadlock,0,39,9,main_domain
train_006543,deadlock,clean,1,42,9,compliance_audit
train_006544,conflict,conflict,0,31,10,compliance_audit
train_006545,deadlock,goal_drift,0,49,14,main_domain
train_006546,dropped_handoff,dropped_handoff,0,15,4,main_domain
train_006547,clean,clean,0,48,10,main_domain
train_006548,clean,clean,1,22,7,main_domain
train_006549,clean,clean,1,33,1,main_domain
train_006550,duplicated_work,duplicated_work,1,66,1,main_domain
train_006551,conflict,conflict,0,24,5,main_domain
train_006552,deadlock,deadlock,0,33,7,main_domain
train_006553,deadlock,clean,1,57,9,main_domain
train_006554,runaway_loop,runaway_loop,0,71,1,main_domain
train_006555,clean,clean,1,17,4,compliance_audit
train_006556,conflict,conflict,0,102,10,compliance_audit
train_006557,conflict,conflict,1,19,4,main_domain
train_006558,duplicated_work,duplicated_work,0,83,10,main_domain
train_006559,clean,deadlock,0,60,10,main_domain
train_006560,clean,clean,1,58,1,compliance_audit
train_006561,clean,clean,1,65,10,main_domain
train_006562,clean,clean,1,55,10,main_domain
train_006563,conflict,runaway_loop,0,92,10,main_domain
train_006564,duplicated_work,duplicated_work,0,20,5,main_domain
train_006565,clean,clean,1,58,1,compliance_audit
train_006566,runaway_loop,dropped_handoff,0,55,9,compliance_audit
train_006567,conflict,conflict,0,34,10,compliance_audit
train_006568,conflict,conflict,1,36,7,main_domain
train_006569,runaway_loop,runaway_loop,0,74,9,compliance_audit
train_006570,runaway_loop,runaway_loop,0,52,11,compliance_audit
train_006571,deadlock,deadlock,0,37,8,main_domain
train_006572,runaway_loop,runaway_loop,0,45,9,main_domain
train_006573,conflict,conflict,0,42,9,main_domain
train_006574,conflict,conflict,0,23,7,compliance_audit
train_006575,duplicated_work,clean,1,42,8,main_domain
train_006576,clean,runaway_loop,0,46,8,main_domain
train_006577,clean,clean,1,34,8,main_domain
train_006578,duplicated_work,conflict,1,42,6,main_domain
train_006579,deadlock,deadlock,0,23,6,main_domain
train_006580,goal_drift,goal_drift,0,25,9,main_domain
train_006581,deadlock,deadlock,0,60,10,main_domain
train_006582,clean,clean,1,26,6,main_domain
train_006583,deadlock,dropped_handoff,0,54,10,main_domain
train_006584,deadlock,deadlock,0,70,10,main_domain
train_006585,duplicated_work,duplicated_work,1,29,6,main_domain
train_006586,clean,clean,1,44,8,main_domain
train_006587,conflict,conflict,1,92,10,main_domain
train_006588,goal_drift,goal_drift,0,55,12,main_domain
train_006589,clean,clean,1,51,9,main_domain
train_006590,clean,clean,1,52,8,main_domain
train_006591,dropped_handoff,goal_drift,1,40,13,main_domain
train_006592,runaway_loop,clean,0,33,9,main_domain
train_006593,clean,clean,0,23,1,main_domain
train_006594,clean,clean,1,25,5,main_domain
train_006595,deadlock,clean,1,53,10,main_domain
train_006596,clean,clean,1,37,9,main_domain
train_006597,goal_drift,goal_drift,0,29,9,compliance_audit
train_006598,dropped_handoff,clean,0,39,1,compliance_audit
train_006599,runaway_loop,runaway_loop,0,38,9,compliance_audit
train_006600,conflict,conflict,1,50,1,main_domain
train_006601,conflict,conflict,1,50,1,compliance_audit
train_006602,clean,clean,1,47,8,main_domain
train_006603,deadlock,deadlock,0,18,5,main_domain
train_006604,duplicated_work,duplicated_work,1,68,9,main_domain
train_006605,runaway_loop,runaway_loop,0,48,8,main_domain
train_006606,clean,clean,1,25,7,compliance_audit
train_006607,runaway_loop,runaway_loop,0,43,1,main_domain
train_006608,conflict,conflict,0,33,8,main_domain
train_006609,goal_drift,goal_drift,1,26,9,compliance_audit
train_006610,dropped_handoff,conflict,0,45,9,main_domain
train_006611,goal_drift,goal_drift,0,36,1,main_domain
train_006612,runaway_loop,conflict,0,69,9,main_domain
train_006613,clean,clean,1,33,9,main_domain
train_006614,dropped_handoff,dropped_handoff,0,43,10,main_domain
train_006615,deadlock,deadlock,0,52,9,compliance_audit
train_006616,clean,clean,1,46,1,main_domain
train_006617,conflict,conflict,1,55,10,main_domain
train_006618,duplicated_work,goal_drift,0,39,11,compliance_audit
train_006619,deadlock,runaway_loop,0,51,9,main_domain
train_006620,runaway_loop,runaway_loop,0,57,10,main_domain
train_006621,conflict,conflict,1,65,9,main_domain
train_006622,goal_drift,goal_drift,0,47,13,main_domain
train_006623,deadlock,deadlock,0,31,6,compliance_audit
train_006624,deadlock,deadlock,0,41,9,main_domain
train_006625,clean,clean,1,46,8,main_domain
train_006626,clean,clean,1,19,5,main_domain
train_006627,clean,clean,0,35,9,main_domain
train_006628,dropped_handoff,deadlock,0,61,9,compliance_audit
train_006629,conflict,conflict,1,55,1,main_domain
train_006630,clean,clean,1,115,1,main_domain
train_006631,conflict,conflict,0,44,7,compliance_audit
train_006632,duplicated_work,duplicated_work,1,48,8,main_domain
train_006633,clean,clean,1,58,9,main_domain
train_006634,runaway_loop,clean,1,45,10,main_domain
train_006635,deadlock,deadlock,0,21,5,main_domain
train_006636,clean,clean,1,20,3,main_domain
train_006637,clean,clean,1,19,5,main_domain
train_006638,clean,clean,1,15,4,main_domain
train_006639,clean,clean,1,53,9,main_domain
train_006640,runaway_loop,runaway_loop,1,65,1,main_domain
train_006641,conflict,conflict,1,30,5,main_domain
train_006642,dropped_handoff,dropped_handoff,0,47,10,main_domain
train_006643,duplicated_work,duplicated_work,1,46,6,main_domain
train_006644,deadlock,deadlock,0,32,7,main_domain
train_006645,dropped_handoff,goal_drift,0,13,9,main_domain
train_006646,clean,clean,0,27,7,main_domain
train_006647,dropped_handoff,dropped_handoff,0,50,10,main_domain
train_006648,conflict,conflict,0,86,9,main_domain
train_006649,clean,clean,1,54,9,main_domain
train_006650,runaway_loop,runaway_loop,0,56,9,main_domain
train_006651,deadlock,deadlock,0,75,10,main_domain
train_006652,dropped_handoff,dropped_handoff,0,24,7,compliance_audit
train_006653,clean,clean,1,21,6,compliance_audit
train_006654,deadlock,runaway_loop,0,94,10,main_domain
train_006655,goal_drift,clean,0,15,1,main_domain
train_006656,conflict,conflict,0,42,10,main_domain
train_006657,clean,clean,1,42,10,main_domain
train_006658,clean,clean,1,30,8,compliance_audit
train_006659,clean,clean,1,35,7,compliance_audit
train_006660,duplicated_work,duplicated_work,1,57,10,main_domain
train_006661,clean,clean,1,37,8,main_domain
train_006662,deadlock,deadlock,0,35,9,main_domain
train_006663,runaway_loop,deadlock,0,65,8,main_domain
train_006664,clean,clean,1,33,9,main_domain
train_006665,duplicated_work,duplicated_work,1,65,8,main_domain
train_006666,goal_drift,goal_drift,0,26,6,main_domain
train_006667,clean,clean,1,17,3,main_domain
train_006668,goal_drift,goal_drift,0,45,12,main_domain
train_006669,runaway_loop,clean,0,56,8,main_domain
train_006670,dropped_handoff,conflict,0,50,9,main_domain
train_006671,clean,clean,1,29,8,main_domain
train_006672,clean,clean,0,38,1,main_domain
train_006673,dropped_handoff,deadlock,0,38,8,main_domain
train_006674,conflict,conflict,0,28,5,main_domain
train_006675,duplicated_work,conflict,0,31,7,main_domain
train_006676,clean,dropped_handoff,0,53,5,main_domain
train_006677,clean,clean,1,18,4,compliance_audit
train_006678,duplicated_work,duplicated_work,1,64,10,main_domain
train_006679,clean,clean,1,18,5,main_domain
train_006680,goal_drift,runaway_loop,0,25,1,compliance_audit
train_006681,conflict,conflict,0,38,8,compliance_audit
train_006682,duplicated_work,duplicated_work,0,41,9,main_domain
train_006683,conflict,conflict,1,36,6,main_domain
train_006684,duplicated_work,clean,0,60,9,main_domain
train_006685,goal_drift,goal_drift,0,42,12,main_domain
train_006686,deadlock,conflict,1,45,8,main_domain
train_006687,runaway_loop,runaway_loop,0,46,8,main_domain
train_006688,duplicated_work,duplicated_work,0,22,6,main_domain
train_006689,goal_drift,clean,1,52,1,main_domain
train_006690,goal_drift,goal_drift,0,46,13,compliance_audit
train_006691,runaway_loop,runaway_loop,0,115,10,main_domain
train_006692,goal_drift,goal_drift,0,30,10,main_domain
train_006693,deadlock,deadlock,0,42,9,main_domain
train_006694,deadlock,deadlock,0,27,6,compliance_audit
train_006695,clean,clean,1,36,8,main_domain
train_006696,clean,clean,1,39,10,compliance_audit
train_006697,runaway_loop,runaway_loop,0,31,6,compliance_audit
train_006698,clean,clean,1,52,10,main_domain
train_006699,deadlock,deadlock,0,43,10,main_domain
train_006700,clean,clean,1,42,9,main_domain
train_006701,conflict,conflict,0,33,7,main_domain
train_006702,deadlock,deadlock,0,78,8,main_domain
train_006703,clean,clean,1,35,8,main_domain
train_006704,runaway_loop,clean,1,52,9,compliance_audit
train_006705,duplicated_work,duplicated_work,1,32,6,compliance_audit
train_006706,goal_drift,goal_drift,0,35,10,compliance_audit
train_006707,deadlock,deadlock,1,42,1,main_domain
train_006708,duplicated_work,duplicated_work,1,51,10,main_domain
train_006709,clean,clean,1,95,10,main_domain
train_006710,deadlock,deadlock,0,32,8,main_domain
train_006711,conflict,conflict,0,75,10,main_domain
train_006712,goal_drift,goal_drift,1,57,14,main_domain
train_006713,clean,runaway_loop,1,37,8,main_domain
train_006714,clean,clean,1,21,5,main_domain
train_006715,dropped_handoff,goal_drift,0,35,9,main_domain
train_006716,runaway_loop,runaway_loop,0,17,4,compliance_audit
train_006717,deadlock,duplicated_work,0,83,10,compliance_audit
train_006718,runaway_loop,goal_drift,0,34,1,compliance_audit
train_006719,goal_drift,goal_drift,0,50,11,main_domain
train_006720,clean,clean,1,50,10,main_domain
train_006721,duplicated_work,goal_drift,0,27,9,main_domain
train_006722,conflict,conflict,1,39,1,compliance_audit
train_006723,runaway_loop,clean,1,75,7,main_domain
train_006724,clean,clean,0,22,1,main_domain
train_006725,runaway_loop,runaway_loop,0,61,8,main_domain
train_006726,conflict,dropped_handoff,0,33,7,main_domain
train_006727,conflict,conflict,1,57,11,main_domain
train_006728,goal_drift,goal_drift,0,35,12,main_domain
train_006729,duplicated_work,runaway_loop,0,44,8,main_domain
train_006730,duplicated_work,duplicated_work,1,54,9,main_domain
train_006731,clean,clean,1,63,9,compliance_audit
train_006732,conflict,clean,0,29,6,main_domain
train_006733,clean,deadlock,0,28,7,main_domain
train_006734,runaway_loop,runaway_loop,1,61,1,main_domain
train_006735,runaway_loop,runaway_loop,0,52,8,main_domain
train_006736,conflict,runaway_loop,0,68,9,compliance_audit
train_006737,duplicated_work,goal_drift,0,40,11,main_domain
train_006738,conflict,conflict,0,41,9,main_domain
train_006739,clean,clean,1,51,8,main_domain
train_006740,duplicated_work,duplicated_work,1,146,9,main_domain
train_006741,goal_drift,goal_drift,0,68,13,main_domain
train_006742,clean,clean,1,66,9,main_domain
train_006743,clean,clean,1,43,1,main_domain
train_006744,goal_drift,goal_drift,0,39,10,main_domain
train_006745,dropped_handoff,duplicated_work,0,60,1,main_domain
train_006746,clean,clean,1,41,9,main_domain
train_006747,clean,clean,1,37,9,main_domain
train_006748,deadlock,deadlock,0,29,7,compliance_audit
train_006749,conflict,conflict,0,93,1,compliance_audit
train_006750,conflict,conflict,0,37,7,main_domain
train_006751,runaway_loop,runaway_loop,1,39,6,compliance_audit
train_006752,clean,clean,1,42,8,main_domain
train_006753,duplicated_work,deadlock,0,60,9,compliance_audit
train_006754,runaway_loop,runaway_loop,0,25,5,main_domain
train_006755,deadlock,deadlock,1,55,9,main_domain
train_006756,runaway_loop,runaway_loop,0,57,8,main_domain
train_006757,dropped_handoff,dropped_handoff,0,31,8,main_domain
train_006758,clean,clean,1,57,1,compliance_audit
train_006759,clean,runaway_loop,0,56,1,main_domain
train_006760,conflict,goal_drift,0,32,11,main_domain
train_006761,clean,clean,1,18,5,main_domain
train_006762,dropped_handoff,dropped_handoff,0,21,5,main_domain
train_006763,goal_drift,goal_drift,0,39,12,main_domain
train_006764,clean,clean,1,45,8,main_domain
train_006765,deadlock,deadlock,0,48,9,main_domain
train_006766,deadlock,deadlock,0,136,9,main_domain
train_006767,deadlock,deadlock,0,39,7,compliance_audit
train_006768,dropped_handoff,dropped_handoff,0,26,8,main_domain
train_006769,deadlock,goal_drift,0,80,15,compliance_audit
train_006770,conflict,conflict,0,58,10,compliance_audit
train_006771,runaway_loop,runaway_loop,1,95,10,main_domain
train_006772,dropped_handoff,goal_drift,0,32,12,main_domain
train_006773,clean,conflict,0,44,7,main_domain
train_006774,deadlock,deadlock,0,28,8,compliance_audit
train_006775,dropped_handoff,duplicated_work,1,25,4,main_domain
train_006776,duplicated_work,duplicated_work,1,46,9,main_domain
train_006777,conflict,conflict,0,63,14,compliance_audit
train_006778,deadlock,deadlock,0,28,6,main_domain
train_006779,runaway_loop,runaway_loop,0,70,1,main_domain
train_006780,dropped_handoff,dropped_handoff,0,36,9,main_domain
train_006781,conflict,deadlock,0,33,8,main_domain
train_006782,duplicated_work,clean,1,47,10,main_domain
train_006783,dropped_handoff,clean,0,17,5,main_domain
train_006784,clean,clean,1,62,1,main_domain
train_006785,deadlock,deadlock,1,79,9,compliance_audit
train_006786,deadlock,deadlock,0,23,1,main_domain
train_006787,clean,clean,1,52,10,main_domain
train_006788,clean,clean,1,38,9,compliance_audit
train_006789,deadlock,runaway_loop,1,50,7,main_domain
train_006790,dropped_handoff,clean,1,36,8,main_domain
train_006791,conflict,conflict,0,43,9,main_domain
train_006792,runaway_loop,runaway_loop,0,44,8,main_domain
train_006793,deadlock,clean,1,52,9,main_domain
train_006794,deadlock,deadlock,0,16,5,main_domain
train_006795,runaway_loop,runaway_loop,0,111,10,main_domain
train_006796,dropped_handoff,deadlock,0,27,7,main_domain
train_006797,dropped_handoff,dropped_handoff,0,24,5,main_domain
train_006798,duplicated_work,clean,1,32,1,main_domain
train_006799,runaway_loop,runaway_loop,0,79,1,main_domain
train_006800,conflict,conflict,1,104,8,main_domain
train_006801,dropped_handoff,dropped_handoff,0,19,7,compliance_audit
train_006802,goal_drift,goal_drift,0,105,12,main_domain
train_006803,goal_drift,goal_drift,1,50,14,compliance_audit
train_006804,conflict,conflict,0,86,10,main_domain
train_006805,clean,clean,1,89,1,main_domain
train_006806,clean,clean,1,111,10,main_domain
train_006807,deadlock,deadlock,0,30,7,main_domain
train_006808,duplicated_work,duplicated_work,1,56,9,compliance_audit
train_006809,deadlock,deadlock,0,22,6,main_domain
train_006810,clean,clean,1,24,7,main_domain
train_006811,clean,dropped_handoff,1,58,1,main_domain
train_006812,runaway_loop,runaway_loop,0,55,8,main_domain
train_006813,clean,clean,1,77,10,compliance_audit
train_006814,deadlock,goal_drift,0,53,13,main_domain
train_006815,goal_drift,deadlock,0,36,1,compliance_audit
train_006816,goal_drift,goal_drift,0,71,13,compliance_audit
train_006817,duplicated_work,duplicated_work,0,29,7,main_domain
train_006818,clean,clean,1,27,6,main_domain
train_006819,conflict,conflict,0,28,7,main_domain
train_006820,clean,clean,1,40,8,compliance_audit
train_006821,clean,clean,1,40,8,main_domain
train_006822,deadlock,deadlock,0,46,8,main_domain
train_006823,duplicated_work,duplicated_work,0,32,7,main_domain
train_006824,duplicated_work,duplicated_work,0,49,9,main_domain
train_006825,clean,deadlock,1,30,1,compliance_audit
train_006826,goal_drift,goal_drift,0,20,9,compliance_audit
train_006827,clean,clean,1,54,10,main_domain
train_006828,runaway_loop,runaway_loop,0,58,9,compliance_audit
train_006829,dropped_handoff,goal_drift,0,58,1,main_domain
train_006830,conflict,conflict,1,68,7,main_domain
train_006831,duplicated_work,duplicated_work,0,50,8,main_domain
train_006832,clean,clean,1,59,9,main_domain
train_006833,clean,clean,1,30,6,main_domain
train_006834,duplicated_work,conflict,1,42,7,main_domain
train_006835,runaway_loop,runaway_loop,0,120,9,main_domain
train_006836,conflict,conflict,1,49,10,main_domain
train_006837,dropped_handoff,clean,1,49,9,main_domain
train_006838,duplicated_work,duplicated_work,1,60,9,main_domain
train_006839,runaway_loop,goal_drift,0,35,10,main_domain
train_006840,clean,clean,1,42,7,main_domain
train_006841,clean,clean,1,15,5,main_domain
train_006842,runaway_loop,dropped_handoff,0,60,10,main_domain
train_006843,duplicated_work,clean,0,54,9,compliance_audit
train_006844,conflict,conflict,0,25,6,main_domain
train_006845,clean,clean,1,43,8,main_domain
train_006846,dropped_handoff,clean,0,64,10,compliance_audit
train_006847,clean,clean,1,17,4,main_domain
train_006848,clean,dropped_handoff,0,47,8,compliance_audit
train_006849,clean,clean,1,63,10,main_domain
train_006850,conflict,conflict,0,41,7,main_domain
train_006851,runaway_loop,goal_drift,0,26,10,compliance_audit
train_006852,conflict,conflict,0,43,8,main_domain
train_006853,clean,clean,1,39,9,compliance_audit
train_006854,deadlock,goal_drift,0,38,11,main_domain
train_006855,goal_drift,goal_drift,0,39,10,main_domain
train_006856,conflict,conflict,0,37,6,main_domain
train_006857,goal_drift,deadlock,0,24,8,main_domain
train_006858,dropped_handoff,duplicated_work,1,31,8,main_domain
train_006859,conflict,conflict,1,38,7,main_domain
train_006860,dropped_handoff,dropped_handoff,1,37,7,main_domain
train_006861,clean,clean,1,45,8,main_domain
train_006862,deadlock,conflict,0,69,1,main_domain
train_006863,clean,clean,1,50,9,main_domain
train_006864,conflict,conflict,0,57,9,main_domain
train_006865,dropped_handoff,duplicated_work,1,30,6,compliance_audit
train_006866,deadlock,deadlock,0,28,7,main_domain
train_006867,clean,clean,1,26,7,main_domain
train_006868,clean,clean,1,23,5,main_domain
train_006869,dropped_handoff,deadlock,0,40,9,main_domain
train_006870,duplicated_work,runaway_loop,1,41,6,main_domain
train_006871,conflict,conflict,0,51,9,main_domain
train_006872,conflict,conflict,1,103,1,main_domain
train_006873,dropped_handoff,clean,0,77,9,main_domain
train_006874,clean,clean,1,20,6,main_domain
train_006875,clean,clean,1,42,9,compliance_audit
train_006876,clean,clean,1,61,10,compliance_audit
train_006877,deadlock,deadlock,0,50,1,compliance_audit
train_006878,dropped_handoff,dropped_handoff,1,49,9,main_domain
train_006879,clean,clean,0,58,9,main_domain
train_006880,clean,clean,1,18,6,main_domain
train_006881,dropped_handoff,goal_drift,1,35,10,main_domain
train_006882,clean,clean,1,33,6,compliance_audit
train_006883,duplicated_work,duplicated_work,1,32,5,main_domain
train_006884,clean,clean,1,34,9,main_domain
train_006885,runaway_loop,clean,0,21,5,main_domain
train_006886,dropped_handoff,conflict,0,21,7,main_domain
train_006887,clean,deadlock,0,31,6,main_domain
train_006888,clean,goal_drift,0,35,1,main_domain
train_006889,clean,deadlock,0,45,9,main_domain
train_006890,deadlock,deadlock,0,17,4,compliance_audit
train_006891,duplicated_work,duplicated_work,1,45,8,compliance_audit
train_006892,deadlock,clean,1,47,9,main_domain
train_006893,goal_drift,goal_drift,0,39,13,main_domain
train_006894,runaway_loop,deadlock,0,48,9,main_domain
train_006895,dropped_handoff,goal_drift,0,12,7,main_domain
train_006896,clean,deadlock,0,52,8,main_domain
train_006897,runaway_loop,runaway_loop,1,76,9,compliance_audit
train_006898,clean,clean,1,26,7,main_domain
train_006899,goal_drift,goal_drift,0,64,13,main_domain
train_006900,clean,clean,1,27,7,main_domain
train_006901,clean,clean,1,34,1,main_domain
train_006902,runaway_loop,deadlock,0,44,8,compliance_audit
train_006903,duplicated_work,duplicated_work,1,39,7,main_domain
train_006904,clean,clean,1,35,7,compliance_audit
train_006905,runaway_loop,runaway_loop,0,31,8,main_domain
train_006906,runaway_loop,runaway_loop,0,28,5,main_domain
train_006907,goal_drift,goal_drift,0,28,9,main_domain
train_006908,conflict,clean,1,55,10,main_domain
train_006909,clean,clean,1,36,6,main_domain
train_006910,goal_drift,goal_drift,0,61,15,compliance_audit
train_006911,deadlock,deadlock,0,34,6,main_domain
train_006912,clean,clean,1,97,10,main_domain
train_006913,deadlock,conflict,0,43,10,main_domain
train_006914,duplicated_work,duplicated_work,1,48,1,main_domain
train_006915,runaway_loop,runaway_loop,0,34,1,compliance_audit
train_006916,clean,clean,0,49,10,main_domain
train_006917,duplicated_work,duplicated_work,1,103,10,main_domain
train_006918,runaway_loop,runaway_loop,1,47,9,main_domain
train_006919,runaway_loop,runaway_loop,1,29,5,main_domain
train_006920,goal_drift,goal_drift,0,95,13,main_domain
train_006921,goal_drift,goal_drift,0,38,12,main_domain
train_006922,runaway_loop,runaway_loop,0,63,10,main_domain
train_006923,dropped_handoff,clean,1,33,7,main_domain
train_006924,clean,clean,1,30,9,main_domain
train_006925,duplicated_work,duplicated_work,1,41,8,main_domain
train_006926,dropped_handoff,dropped_handoff,0,19,6,main_domain
train_006927,dropped_handoff,dropped_handoff,0,25,7,main_domain
train_006928,clean,clean,1,52,10,main_domain
train_006929,goal_drift,goal_drift,0,51,13,compliance_audit
train_006930,dropped_handoff,dropped_handoff,0,41,8,main_domain
train_006931,deadlock,deadlock,0,40,9,main_domain
train_006932,conflict,conflict,0,57,9,main_domain
train_006933,clean,clean,1,54,10,main_domain
train_006934,conflict,conflict,0,47,10,main_domain
train_006935,runaway_loop,runaway_loop,0,65,8,main_domain
train_006936,goal_drift,clean,0,40,1,main_domain
train_006937,conflict,conflict,0,55,10,compliance_audit
train_006938,duplicated_work,conflict,1,33,6,main_domain
train_006939,deadlock,deadlock,0,59,10,compliance_audit
train_006940,deadlock,clean,1,28,7,compliance_audit
train_006941,conflict,conflict,0,25,5,main_domain
train_006942,dropped_handoff,dropped_handoff,0,31,7,main_domain
train_006943,clean,clean,1,30,8,main_domain
train_006944,goal_drift,goal_drift,0,46,13,main_domain
train_006945,clean,clean,1,16,4,main_domain
train_006946,runaway_loop,runaway_loop,0,35,5,compliance_audit
train_006947,duplicated_work,duplicated_work,0,34,7,main_domain
train_006948,dropped_handoff,dropped_handoff,1,44,9,main_domain
train_006949,dropped_handoff,dropped_handoff,0,25,6,main_domain
train_006950,clean,clean,1,39,9,main_domain
train_006951,deadlock,dropped_handoff,1,93,10,main_domain
train_006952,clean,clean,1,58,10,main_domain
train_006953,dropped_handoff,dropped_handoff,0,65,10,compliance_audit
train_006954,deadlock,clean,0,74,10,main_domain
train_006955,runaway_loop,runaway_loop,0,56,9,main_domain
train_006956,conflict,duplicated_work,1,63,10,main_domain
train_006957,clean,clean,1,59,10,main_domain
train_006958,duplicated_work,duplicated_work,0,35,7,compliance_audit
train_006959,dropped_handoff,deadlock,0,35,7,main_domain
train_006960,runaway_loop,runaway_loop,0,97,10,main_domain
train_006961,clean,clean,1,29,6,main_domain
train_006962,runaway_loop,clean,1,19,5,main_domain
train_006963,clean,clean,1,40,7,main_domain
train_006964,dropped_handoff,duplicated_work,1,64,1,main_domain
train_006965,goal_drift,goal_drift,0,32,10,compliance_audit
train_006966,dropped_handoff,dropped_handoff,0,48,10,main_domain
train_006967,runaway_loop,runaway_loop,0,33,6,compliance_audit
train_006968,runaway_loop,runaway_loop,1,46,9,main_domain
train_006969,duplicated_work,duplicated_work,1,114,10,main_domain
train_006970,duplicated_work,duplicated_work,1,30,7,main_domain
train_006971,dropped_handoff,dropped_handoff,0,31,8,main_domain
train_006972,runaway_loop,runaway_loop,0,42,7,main_domain
train_006973,runaway_loop,runaway_loop,0,67,1,main_domain
train_006974,dropped_handoff,dropped_handoff,0,32,9,main_domain
train_006975,runaway_loop,deadlock,0,43,9,main_domain
train_006976,goal_drift,goal_drift,0,45,12,main_domain
train_006977,clean,clean,1,29,6,main_domain
train_006978,clean,clean,1,27,6,main_domain
train_006979,goal_drift,goal_drift,0,48,13,main_domain
train_006980,goal_drift,goal_drift,0,53,12,main_domain
train_006981,deadlock,deadlock,0,27,6,main_domain
train_006982,dropped_handoff,goal_drift,0,33,1,main_domain
train_006983,clean,clean,1,75,10,main_domain
train_006984,conflict,conflict,0,35,7,main_domain
train_006985,clean,clean,1,26,5,compliance_audit
train_006986,deadlock,deadlock,0,48,8,main_domain
train_006987,conflict,conflict,0,49,10,compliance_audit
train_006988,runaway_loop,runaway_loop,1,36,7,main_domain
train_006989,goal_drift,runaway_loop,0,49,10,main_domain
train_006990,dropped_handoff,duplicated_work,1,37,7,main_domain
train_006991,runaway_loop,conflict,1,46,9,main_domain
train_006992,clean,clean,1,30,7,main_domain
train_006993,goal_drift,goal_drift,0,21,8,compliance_audit
train_006994,deadlock,dropped_handoff,0,69,10,main_domain
train_006995,runaway_loop,clean,0,85,1,main_domain
train_006996,clean,clean,0,57,10,main_domain
train_006997,clean,deadlock,1,91,10,main_domain
train_006998,clean,clean,1,40,8,main_domain
train_006999,clean,clean,1,20,6,compliance_audit
train_007000,runaway_loop,runaway_loop,0,34,7,main_domain
train_007001,dropped_handoff,deadlock,1,78,10,main_domain
train_007002,duplicated_work,duplicated_work,1,46,9,main_domain
train_007003,duplicated_work,duplicated_work,1,36,7,main_domain
train_007004,duplicated_work,duplicated_work,1,71,1,main_domain
train_007005,clean,clean,1,40,9,compliance_audit
train_007006,dropped_handoff,dropped_handoff,0,43,1,main_domain
train_007007,clean,clean,0,33,7,compliance_audit
train_007008,duplicated_work,duplicated_work,1,76,10,main_domain
train_007009,clean,clean,1,70,10,main_domain
train_007010,duplicated_work,dropped_handoff,0,69,10,compliance_audit
train_007011,duplicated_work,duplicated_work,0,59,8,main_domain
train_007012,conflict,conflict,0,15,1,main_domain
train_007013,runaway_loop,runaway_loop,0,36,1,compliance_audit
train_007014,runaway_loop,runaway_loop,0,27,6,compliance_audit
train_007015,goal_drift,goal_drift,1,40,13,main_domain
train_007016,duplicated_work,runaway_loop,1,89,1,compliance_audit
train_007017,duplicated_work,conflict,0,47,10,main_domain
train_007018,duplicated_work,dropped_handoff,0,44,8,main_domain
train_007019,conflict,conflict,1,51,8,main_domain
train_007020,clean,clean,1,42,6,main_domain
train_007021,goal_drift,goal_drift,0,92,15,main_domain
train_007022,dropped_handoff,dropped_handoff,0,39,8,main_domain
train_007023,duplicated_work,duplicated_work,0,32,6,main_domain
train_007024,dropped_handoff,clean,0,60,9,compliance_audit
train_007025,clean,clean,1,33,8,compliance_audit
train_007026,clean,clean,1,22,6,compliance_audit
train_007027,dropped_handoff,conflict,0,57,1,main_domain
train_007028,clean,clean,1,92,10,compliance_audit
train_007029,goal_drift,goal_drift,0,40,12,main_domain
train_007030,runaway_loop,runaway_loop,1,44,1,main_domain
train_007031,duplicated_work,clean,1,28,6,main_domain
train_007032,runaway_loop,runaway_loop,0,21,6,compliance_audit
train_007033,conflict,conflict,0,32,8,main_domain
train_007034,duplicated_work,duplicated_work,1,36,7,main_domain
train_007035,clean,clean,0,52,9,main_domain
train_007036,clean,clean,1,25,6,main_domain
train_007037,duplicated_work,duplicated_work,1,71,9,main_domain
train_007038,deadlock,deadlock,0,36,8,main_domain
train_007039,dropped_handoff,clean,0,16,5,main_domain
train_007040,runaway_loop,runaway_loop,0,32,1,main_domain
train_007041,clean,clean,0,87,10,compliance_audit
train_007042,conflict,conflict,1,64,9,main_domain
train_007043,conflict,conflict,0,23,5,main_domain
train_007044,clean,deadlock,0,24,6,compliance_audit
train_007045,runaway_loop,runaway_loop,0,37,5,main_domain
train_007046,goal_drift,goal_drift,0,86,13,main_domain
train_007047,goal_drift,goal_drift,0,38,10,main_domain
train_007048,clean,clean,1,16,1,main_domain
train_007049,deadlock,deadlock,0,49,10,main_domain
train_007050,goal_drift,goal_drift,1,61,13,main_domain
train_007051,duplicated_work,duplicated_work,1,65,8,main_domain
train_007052,clean,clean,1,25,7,main_domain
train_007053,deadlock,goal_drift,0,38,12,main_domain
train_007054,conflict,conflict,0,60,10,main_domain
train_007055,runaway_loop,conflict,0,43,8,compliance_audit
train_007056,goal_drift,goal_drift,0,102,1,main_domain
train_007057,runaway_loop,runaway_loop,0,47,1,main_domain
train_007058,dropped_handoff,dropped_handoff,0,13,6,main_domain
train_007059,clean,clean,1,50,9,main_domain
train_007060,goal_drift,goal_drift,0,86,13,main_domain
train_007061,clean,clean,0,77,1,main_domain
train_007062,clean,clean,1,72,10,compliance_audit
train_007063,conflict,conflict,0,45,6,main_domain
train_007064,dropped_handoff,dropped_handoff,0,36,9,main_domain
train_007065,clean,clean,1,68,1,main_domain
train_007066,duplicated_work,duplicated_work,1,38,9,main_domain
train_007067,dropped_handoff,goal_drift,0,49,10,main_domain
train_007068,runaway_loop,runaway_loop,0,27,6,main_domain
train_007069,deadlock,deadlock,0,49,10,compliance_audit
train_007070,conflict,conflict,0,67,1,main_domain
train_007071,conflict,conflict,0,47,7,main_domain
train_007072,conflict,conflict,0,45,1,main_domain
train_007073,runaway_loop,clean,0,62,10,compliance_audit
train_007074,clean,clean,1,56,10,main_domain
train_007075,clean,clean,0,51,8,compliance_audit
train_007076,dropped_handoff,dropped_handoff,0,52,10,main_domain
train_007077,clean,deadlock,0,65,9,main_domain
train_007078,dropped_handoff,deadlock,0,47,10,main_domain
train_007079,clean,clean,1,18,4,main_domain
train_007080,duplicated_work,conflict,1,43,9,compliance_audit
train_007081,conflict,conflict,1,33,7,main_domain
train_007082,clean,clean,1,44,8,main_domain
train_007083,conflict,conflict,0,78,10,compliance_audit
train_007084,deadlock,dropped_handoff,0,22,6,main_domain
train_007085,duplicated_work,duplicated_work,1,49,10,compliance_audit
train_007086,deadlock,goal_drift,0,36,13,main_domain
train_007087,deadlock,deadlock,0,23,1,main_domain
train_007088,clean,clean,0,56,1,compliance_audit
train_007089,deadlock,dropped_handoff,0,59,9,main_domain
train_007090,conflict,conflict,1,32,7,main_domain
train_007091,clean,clean,1,75,1,compliance_audit
train_007092,duplicated_work,dropped_handoff,0,20,7,compliance_audit
train_007093,dropped_handoff,dropped_handoff,0,44,1,main_domain
train_007094,runaway_loop,clean,1,65,10,main_domain
train_007095,clean,clean,1,48,10,compliance_audit
train_007096,duplicated_work,clean,0,54,9,compliance_audit
train_007097,duplicated_work,duplicated_work,1,65,10,main_domain
train_007098,deadlock,deadlock,0,17,1,main_domain
train_007099,dropped_handoff,dropped_handoff,1,34,7,main_domain
train_007100,duplicated_work,goal_drift,0,25,10,main_domain
train_007101,goal_drift,goal_drift,0,48,12,main_domain
train_007102,runaway_loop,clean,1,57,7,main_domain
train_007103,dropped_handoff,runaway_loop,0,49,9,compliance_audit
train_007104,clean,clean,1,16,5,main_domain
train_007105,dropped_handoff,dropped_handoff,0,33,7,main_domain
train_007106,deadlock,deadlock,0,34,7,main_domain
train_007107,clean,clean,0,94,10,main_domain
train_007108,goal_drift,goal_drift,0,26,11,compliance_audit
train_007109,goal_drift,goal_drift,0,26,11,main_domain
train_007110,deadlock,deadlock,0,23,5,compliance_audit
train_007111,clean,clean,1,20,1,main_domain
train_007112,conflict,conflict,0,41,8,main_domain
train_007113,duplicated_work,duplicated_work,1,37,6,main_domain
train_007114,clean,runaway_loop,1,48,9,main_domain
train_007115,duplicated_work,duplicated_work,0,57,9,main_domain
train_007116,goal_drift,runaway_loop,0,76,13,main_domain
train_007117,clean,clean,1,39,9,compliance_audit
train_007118,goal_drift,goal_drift,0,39,11,main_domain
train_007119,runaway_loop,deadlock,0,66,9,main_domain
train_007120,clean,clean,1,43,9,compliance_audit
train_007121,goal_drift,goal_drift,1,32,8,main_domain
train_007122,deadlock,deadlock,0,34,9,main_domain
train_007123,deadlock,deadlock,0,29,7,main_domain
train_007124,duplicated_work,clean,1,21,5,main_domain
train_007125,duplicated_work,clean,1,48,10,compliance_audit
train_007126,duplicated_work,duplicated_work,1,32,7,compliance_audit
train_007127,clean,clean,1,43,7,main_domain
train_007128,deadlock,conflict,1,49,1,main_domain
train_007129,clean,clean,1,60,9,main_domain
train_007130,conflict,goal_drift,0,41,14,compliance_audit
train_007131,clean,clean,1,61,1,main_domain
train_007132,runaway_loop,runaway_loop,0,35,6,compliance_audit
train_007133,duplicated_work,duplicated_work,1,65,9,main_domain
train_007134,goal_drift,goal_drift,0,29,9,compliance_audit
train_007135,goal_drift,goal_drift,0,36,10,compliance_audit
train_007136,duplicated_work,duplicated_work,1,56,8,compliance_audit
train_007137,deadlock,runaway_loop,0,56,9,compliance_audit
train_007138,deadlock,dropped_handoff,0,50,10,compliance_audit
train_007139,conflict,deadlock,0,102,10,main_domain
train_007140,goal_drift,goal_drift,1,61,13,main_domain
train_007141,runaway_loop,deadlock,0,36,5,main_domain
train_007142,conflict,conflict,1,49,1,main_domain
train_007143,clean,dropped_handoff,0,31,1,main_domain
train_007144,goal_drift,goal_drift,0,29,10,main_domain
train_007145,duplicated_work,duplicated_work,1,64,10,main_domain
train_007146,deadlock,deadlock,0,26,6,compliance_audit
train_007147,dropped_handoff,runaway_loop,1,56,7,compliance_audit
train_007148,deadlock,dropped_handoff,0,55,10,main_domain
train_007149,conflict,conflict,0,16,4,main_domain
train_007150,conflict,conflict,0,61,10,main_domain
train_007151,clean,clean,1,31,6,compliance_audit
train_007152,duplicated_work,duplicated_work,1,59,9,main_domain
train_007153,deadlock,deadlock,1,47,8,main_domain
train_007154,conflict,conflict,0,31,8,main_domain
train_007155,goal_drift,goal_drift,0,43,11,main_domain
train_007156,clean,clean,0,30,6,main_domain
train_007157,runaway_loop,runaway_loop,0,46,10,main_domain
train_007158,runaway_loop,runaway_loop,0,34,5,compliance_audit
train_007159,deadlock,deadlock,0,32,7,main_domain
train_007160,dropped_handoff,dropped_handoff,0,64,10,main_domain
train_007161,clean,clean,1,50,8,main_domain
train_007162,clean,dropped_handoff,1,83,1,main_domain
train_007163,clean,clean,1,52,10,main_domain
train_007164,conflict,conflict,0,16,4,main_domain
train_007165,clean,clean,1,21,6,compliance_audit
train_007166,clean,clean,1,19,5,compliance_audit
train_007167,clean,clean,1,19,6,main_domain
train_007168,dropped_handoff,goal_drift,0,96,14,main_domain
train_007169,deadlock,deadlock,0,55,9,main_domain
train_007170,clean,clean,1,34,1,compliance_audit
train_007171,dropped_handoff,dropped_handoff,0,43,10,main_domain
train_007172,duplicated_work,deadlock,0,57,6,compliance_audit
train_007173,duplicated_work,duplicated_work,0,30,8,compliance_audit
train_007174,runaway_loop,deadlock,0,48,9,compliance_audit
train_007175,duplicated_work,clean,1,79,9,main_domain
train_007176,dropped_handoff,dropped_handoff,0,18,6,main_domain
train_007177,goal_drift,goal_drift,1,68,14,main_domain
train_007178,dropped_handoff,deadlock,0,46,8,main_domain
train_007179,dropped_handoff,dropped_handoff,1,63,10,main_domain
train_007180,duplicated_work,goal_drift,1,58,15,compliance_audit
train_007181,conflict,conflict,0,26,1,main_domain
train_007182,clean,clean,1,93,1,compliance_audit
train_007183,runaway_loop,runaway_loop,0,47,7,main_domain
train_007184,dropped_handoff,dropped_handoff,0,54,9,compliance_audit
train_007185,clean,clean,1,39,8,main_domain
train_007186,deadlock,deadlock,0,31,9,main_domain
train_007187,runaway_loop,runaway_loop,0,35,10,main_domain
train_007188,deadlock,clean,0,63,8,main_domain
train_007189,dropped_handoff,clean,1,112,1,main_domain
train_007190,dropped_handoff,dropped_handoff,1,25,5,main_domain
train_007191,conflict,conflict,0,42,9,main_domain
train_007192,goal_drift,goal_drift,0,66,14,compliance_audit
train_007193,clean,clean,1,35,1,main_domain
train_007194,clean,clean,1,21,6,main_domain
train_007195,clean,clean,1,24,6,main_domain
train_007196,deadlock,deadlock,0,49,9,compliance_audit
train_007197,deadlock,deadlock,0,20,9,main_domain
train_007198,conflict,conflict,0,51,10,main_domain
train_007199,deadlock,deadlock,0,43,10,main_domain
train_007200,duplicated_work,duplicated_work,1,74,10,main_domain
train_007201,goal_drift,deadlock,0,49,1,main_domain
train_007202,dropped_handoff,clean,0,36,8,main_domain
train_007203,clean,clean,1,41,10,main_domain
train_007204,clean,clean,1,58,10,main_domain
train_007205,deadlock,clean,0,73,9,main_domain
train_007206,clean,clean,1,45,7,main_domain
train_007207,runaway_loop,runaway_loop,0,41,1,main_domain
train_007208,conflict,conflict,0,43,10,main_domain
train_007209,conflict,conflict,0,24,5,main_domain
train_007210,runaway_loop,runaway_loop,0,29,4,main_domain
train_007211,deadlock,clean,0,47,1,main_domain
train_007212,dropped_handoff,runaway_loop,0,34,7,main_domain
train_007213,runaway_loop,runaway_loop,0,60,13,main_domain
train_007214,duplicated_work,clean,1,72,10,main_domain
train_007215,conflict,conflict,0,45,1,compliance_audit
train_007216,duplicated_work,duplicated_work,1,22,4,main_domain
train_007217,dropped_handoff,deadlock,0,29,8,compliance_audit
train_007218,conflict,conflict,0,52,7,main_domain
train_007219,duplicated_work,goal_drift,0,42,12,main_domain
train_007220,duplicated_work,conflict,0,51,10,compliance_audit
train_007221,duplicated_work,duplicated_work,0,40,7,main_domain
train_007222,runaway_loop,clean,0,51,9,compliance_audit
train_007223,clean,clean,1,53,10,main_domain
train_007224,runaway_loop,runaway_loop,0,33,1,main_domain
train_007225,deadlock,goal_drift,0,39,12,main_domain
train_007226,dropped_handoff,dropped_handoff,0,38,7,main_domain
train_007227,clean,clean,1,43,9,main_domain
train_007228,conflict,conflict,1,33,7,main_domain
train_007229,dropped_handoff,deadlock,0,38,1,main_domain
train_007230,duplicated_work,duplicated_work,1,52,8,main_domain
train_007231,duplicated_work,conflict,1,40,8,main_domain
train_007232,clean,clean,1,47,9,main_domain
train_007233,runaway_loop,runaway_loop,0,64,12,compliance_audit
train_007234,clean,clean,1,74,10,main_domain
train_007235,runaway_loop,runaway_loop,0,39,8,main_domain
train_007236,clean,clean,0,30,7,main_domain
train_007237,deadlock,clean,0,34,9,main_domain
train_007238,goal_drift,conflict,0,41,1,main_domain
train_007239,dropped_handoff,clean,0,44,9,main_domain
train_007240,clean,clean,1,32,8,compliance_audit
train_007241,dropped_handoff,dropped_handoff,0,21,6,main_domain
train_007242,clean,clean,1,71,9,compliance_audit
train_007243,deadlock,deadlock,0,17,6,compliance_audit
train_007244,goal_drift,goal_drift,0,29,10,main_domain
train_007245,deadlock,conflict,0,41,1,compliance_audit
train_007246,clean,clean,1,28,5,main_domain
train_007247,clean,clean,1,41,9,main_domain
train_007248,duplicated_work,duplicated_work,1,56,8,main_domain
train_007249,clean,clean,1,36,7,main_domain
train_007250,dropped_handoff,runaway_loop,1,48,9,compliance_audit
train_007251,clean,clean,1,88,10,main_domain
train_007252,runaway_loop,runaway_loop,0,65,10,main_domain
train_007253,conflict,conflict,1,50,8,main_domain
train_007254,goal_drift,goal_drift,0,28,10,main_domain
train_007255,duplicated_work,clean,1,61,9,main_domain
train_007256,clean,deadlock,0,28,7,main_domain
train_007257,duplicated_work,duplicated_work,0,46,9,main_domain
train_007258,deadlock,deadlock,0,91,9,compliance_audit
train_007259,goal_drift,runaway_loop,0,82,11,main_domain
train_007260,runaway_loop,runaway_loop,1,39,6,compliance_audit
train_007261,clean,runaway_loop,0,98,10,main_domain
train_007262,clean,clean,1,90,9,compliance_audit
train_007263,deadlock,dropped_handoff,0,37,9,main_domain
train_007264,deadlock,conflict,0,53,9,main_domain
train_007265,goal_drift,goal_drift,0,23,10,main_domain
train_007266,runaway_loop,runaway_loop,0,70,10,main_domain
train_007267,deadlock,conflict,0,40,7,main_domain
train_007268,goal_drift,goal_drift,0,41,11,main_domain
train_007269,clean,clean,1,54,10,main_domain
train_007270,goal_drift,goal_drift,0,22,8,main_domain
train_007271,runaway_loop,runaway_loop,0,49,9,main_domain
train_007272,clean,clean,1,92,10,main_domain
train_007273,clean,clean,1,57,1,main_domain
train_007274,dropped_handoff,dropped_handoff,1,23,6,compliance_audit
train_007275,goal_drift,goal_drift,0,55,12,main_domain
train_007276,conflict,conflict,0,90,1,compliance_audit
train_007277,clean,clean,1,31,8,main_domain
train_007278,clean,clean,1,39,10,main_domain
train_007279,goal_drift,goal_drift,0,30,8,compliance_audit
train_007280,clean,clean,1,21,7,main_domain
train_007281,runaway_loop,clean,1,31,5,compliance_audit
train_007282,goal_drift,deadlock,0,37,10,compliance_audit
train_007283,clean,clean,0,47,10,main_domain
train_007284,deadlock,deadlock,0,94,10,main_domain
train_007285,runaway_loop,runaway_loop,0,55,1,main_domain
train_007286,conflict,duplicated_work,1,68,8,main_domain
train_007287,clean,clean,1,36,8,main_domain
train_007288,goal_drift,goal_drift,0,68,13,compliance_audit
train_007289,runaway_loop,runaway_loop,0,27,6,main_domain
train_007290,clean,clean,1,34,7,main_domain
train_007291,goal_drift,runaway_loop,0,48,10,main_domain
train_007292,clean,clean,1,53,8,compliance_audit
train_007293,duplicated_work,duplicated_work,1,48,10,main_domain
train_007294,dropped_handoff,dropped_handoff,0,33,6,compliance_audit
train_007295,duplicated_work,duplicated_work,1,53,9,main_domain
train_007296,conflict,conflict,1,18,6,main_domain
train_007297,runaway_loop,dropped_handoff,0,66,10,main_domain
train_007298,goal_drift,goal_drift,0,54,10,main_domain
train_007299,clean,clean,1,59,9,main_domain
train_007300,clean,clean,1,28,7,main_domain
train_007301,runaway_loop,runaway_loop,0,44,6,main_domain
train_007302,conflict,duplicated_work,1,38,8,main_domain
train_007303,deadlock,deadlock,0,53,9,compliance_audit
train_007304,dropped_handoff,dropped_handoff,0,22,6,main_domain
train_007305,deadlock,dropped_handoff,0,35,8,main_domain
train_007306,conflict,conflict,1,54,10,compliance_audit
train_007307,goal_drift,duplicated_work,1,52,1,main_domain
train_007308,goal_drift,goal_drift,0,39,11,main_domain
train_007309,clean,dropped_handoff,1,61,9,compliance_audit
train_007310,clean,clean,1,68,9,main_domain
train_007311,conflict,conflict,0,47,9,compliance_audit
train_007312,conflict,conflict,0,27,6,main_domain
train_007313,duplicated_work,duplicated_work,1,44,7,main_domain
train_007314,conflict,dropped_handoff,0,35,9,main_domain
train_007315,dropped_handoff,deadlock,0,44,9,main_domain
train_007316,clean,clean,1,54,10,main_domain
train_007317,clean,clean,1,30,6,main_domain
train_007318,goal_drift,goal_drift,0,86,1,main_domain
train_007319,goal_drift,goal_drift,0,39,11,main_domain
train_007320,dropped_handoff,deadlock,0,42,6,main_domain
train_007321,deadlock,deadlock,0,47,10,main_domain
train_007322,dropped_handoff,clean,1,30,8,main_domain
train_007323,clean,clean,1,70,9,main_domain
train_007324,clean,clean,1,28,6,compliance_audit
train_007325,dropped_handoff,dropped_handoff,0,38,9,main_domain
train_007326,clean,clean,1,38,9,main_domain
train_007327,clean,clean,1,33,8,main_domain
train_007328,conflict,conflict,0,44,10,main_domain
train_007329,clean,clean,0,31,8,main_domain
train_007330,dropped_handoff,dropped_handoff,0,43,9,main_domain
train_007331,goal_drift,goal_drift,0,59,13,main_domain
train_007332,deadlock,deadlock,1,50,8,main_domain
train_007333,conflict,duplicated_work,1,29,7,main_domain
train_007334,clean,clean,1,32,8,main_domain
train_007335,deadlock,clean,0,63,10,main_domain
train_007336,dropped_handoff,dropped_handoff,0,104,10,main_domain
train_007337,duplicated_work,duplicated_work,1,31,5,main_domain
train_007338,duplicated_work,conflict,1,52,9,main_domain
train_007339,duplicated_work,duplicated_work,1,25,1,main_domain
train_007340,clean,clean,0,90,10,main_domain
train_007341,runaway_loop,runaway_loop,0,69,9,main_domain
train_007342,deadlock,deadlock,0,19,5,main_domain
train_007343,deadlock,deadlock,0,39,8,main_domain
train_007344,dropped_handoff,clean,1,72,10,compliance_audit
train_007345,duplicated_work,duplicated_work,1,72,13,main_domain
train_007346,clean,clean,1,16,5,main_domain
train_007347,clean,clean,1,23,1,main_domain
train_007348,dropped_handoff,dropped_handoff,0,20,6,compliance_audit
train_007349,deadlock,deadlock,0,13,1,compliance_audit
train_007350,clean,clean,1,58,1,main_domain
train_007351,clean,conflict,1,53,8,main_domain
train_007352,clean,clean,1,32,7,main_domain
train_007353,duplicated_work,deadlock,0,24,1,main_domain
train_007354,runaway_loop,runaway_loop,0,85,8,compliance_audit
train_007355,conflict,conflict,1,91,9,main_domain
train_007356,deadlock,deadlock,0,43,7,main_domain
train_007357,goal_drift,goal_drift,0,29,9,compliance_audit
train_007358,clean,clean,1,72,8,main_domain
train_007359,clean,clean,1,46,10,compliance_audit
train_007360,runaway_loop,runaway_loop,0,50,9,compliance_audit
train_007361,conflict,conflict,0,42,9,main_domain
train_007362,runaway_loop,runaway_loop,0,28,4,main_domain
train_007363,runaway_loop,runaway_loop,0,22,5,main_domain
train_007364,clean,clean,1,23,5,compliance_audit
train_007365,goal_drift,goal_drift,0,22,8,main_domain
train_007366,goal_drift,goal_drift,0,37,11,main_domain
train_007367,runaway_loop,runaway_loop,0,56,7,main_domain
train_007368,duplicated_work,duplicated_work,1,25,5,compliance_audit
train_007369,duplicated_work,duplicated_work,1,71,9,main_domain
train_007370,dropped_handoff,dropped_handoff,0,39,7,main_domain
train_007371,goal_drift,clean,0,67,1,main_domain
train_007372,runaway_loop,conflict,0,38,8,compliance_audit
train_007373,conflict,conflict,0,18,1,main_domain
train_007374,duplicated_work,duplicated_work,1,60,9,main_domain
train_007375,goal_drift,goal_drift,0,22,8,compliance_audit
train_007376,deadlock,duplicated_work,0,62,10,main_domain
train_007377,duplicated_work,duplicated_work,0,40,9,main_domain
train_007378,conflict,conflict,0,14,4,main_domain
train_007379,duplicated_work,duplicated_work,1,35,6,main_domain
train_007380,clean,clean,1,34,6,main_domain
train_007381,conflict,conflict,0,51,10,main_domain
train_007382,runaway_loop,conflict,0,36,7,compliance_audit
train_007383,goal_drift,goal_drift,0,52,11,main_domain
train_007384,clean,clean,1,47,9,main_domain
train_007385,conflict,conflict,0,37,1,main_domain
train_007386,clean,clean,1,25,6,main_domain
train_007387,conflict,dropped_handoff,0,47,8,main_domain
train_007388,clean,clean,1,47,8,main_domain
train_007389,runaway_loop,dropped_handoff,0,38,10,main_domain
train_007390,clean,clean,1,24,6,main_domain
train_007391,deadlock,runaway_loop,0,28,5,compliance_audit
train_007392,clean,clean,1,33,9,main_domain
train_007393,goal_drift,goal_drift,0,51,13,main_domain
train_007394,clean,clean,1,71,9,main_domain
train_007395,dropped_handoff,dropped_handoff,0,38,9,main_domain
train_007396,clean,clean,1,61,9,main_domain
train_007397,runaway_loop,dropped_handoff,0,31,8,main_domain
train_007398,runaway_loop,runaway_loop,0,57,1,main_domain
train_007399,dropped_handoff,conflict,0,52,8,main_domain
train_007400,deadlock,deadlock,0,13,5,main_domain
train_007401,conflict,conflict,1,64,10,compliance_audit
train_007402,duplicated_work,duplicated_work,1,41,7,main_domain
train_007403,clean,clean,1,47,9,main_domain
train_007404,clean,clean,1,80,10,main_domain
train_007405,duplicated_work,clean,1,33,6,main_domain
train_007406,duplicated_work,duplicated_work,1,54,8,main_domain
train_007407,clean,clean,1,57,10,compliance_audit
train_007408,dropped_handoff,clean,1,31,7,compliance_audit
train_007409,dropped_handoff,dropped_handoff,0,53,9,main_domain
train_007410,dropped_handoff,dropped_handoff,0,12,5,compliance_audit
train_007411,clean,runaway_loop,0,49,9,main_domain
train_007412,goal_drift,goal_drift,1,35,11,main_domain
train_007413,dropped_handoff,dropped_handoff,0,44,7,main_domain
train_007414,clean,clean,0,15,5,main_domain
train_007415,runaway_loop,conflict,0,46,8,main_domain
train_007416,runaway_loop,runaway_loop,0,72,10,main_domain
train_007417,deadlock,deadlock,0,53,10,main_domain
train_007418,clean,clean,1,18,4,main_domain
train_007419,deadlock,deadlock,0,47,8,main_domain
train_007420,conflict,conflict,0,54,1,main_domain
train_007421,deadlock,duplicated_work,0,32,6,main_domain
train_007422,deadlock,deadlock,0,38,8,main_domain
train_007423,duplicated_work,conflict,0,81,10,compliance_audit
train_007424,deadlock,deadlock,0,37,8,main_domain
train_007425,deadlock,runaway_loop,0,44,9,main_domain
train_007426,runaway_loop,runaway_loop,0,34,1,main_domain
train_007427,clean,clean,1,26,7,main_domain
train_007428,goal_drift,goal_drift,0,28,11,main_domain
train_007429,goal_drift,goal_drift,0,42,10,main_domain
train_007430,deadlock,deadlock,0,20,6,main_domain
train_007431,dropped_handoff,runaway_loop,0,67,9,compliance_audit
train_007432,clean,clean,0,25,7,main_domain
train_007433,conflict,conflict,0,34,9,main_domain
train_007434,clean,clean,1,31,9,main_domain
train_007435,deadlock,deadlock,0,28,8,main_domain
train_007436,dropped_handoff,conflict,0,40,10,main_domain
train_007437,duplicated_work,clean,1,51,9,main_domain
train_007438,clean,clean,1,40,9,main_domain
train_007439,dropped_handoff,clean,1,38,6,main_domain
train_007440,conflict,conflict,1,68,9,main_domain
train_007441,clean,clean,1,65,10,main_domain
train_007442,goal_drift,goal_drift,0,66,13,main_domain
train_007443,runaway_loop,runaway_loop,0,30,8,main_domain
train_007444,clean,clean,1,32,8,main_domain
train_007445,runaway_loop,runaway_loop,1,59,8,main_domain
train_007446,clean,runaway_loop,1,59,1,main_domain
train_007447,duplicated_work,clean,0,36,9,main_domain
train_007448,runaway_loop,runaway_loop,0,66,1,compliance_audit
train_007449,conflict,conflict,1,29,7,main_domain
train_007450,clean,clean,1,46,8,main_domain
train_007451,conflict,conflict,0,46,1,main_domain
train_007452,clean,deadlock,0,26,6,main_domain
train_007453,goal_drift,clean,1,39,1,main_domain
train_007454,duplicated_work,conflict,0,41,9,main_domain
train_007455,clean,clean,1,38,10,main_domain
train_007456,runaway_loop,runaway_loop,1,60,10,main_domain
train_007457,goal_drift,goal_drift,1,13,5,main_domain
train_007458,dropped_handoff,clean,1,38,10,main_domain
train_007459,duplicated_work,dropped_handoff,0,47,10,main_domain
train_007460,runaway_loop,runaway_loop,0,55,9,main_domain
train_007461,conflict,conflict,1,64,10,main_domain
train_007462,goal_drift,goal_drift,0,23,8,main_domain
train_007463,runaway_loop,runaway_loop,0,49,10,main_domain
train_007464,runaway_loop,runaway_loop,0,29,6,main_domain
train_007465,clean,clean,1,42,10,main_domain
train_007466,runaway_loop,clean,1,52,9,compliance_audit
train_007467,conflict,conflict,0,47,9,main_domain
train_007468,goal_drift,goal_drift,0,46,12,main_domain
train_007469,conflict,conflict,0,65,10,main_domain
train_007470,runaway_loop,runaway_loop,0,80,10,compliance_audit
train_007471,dropped_handoff,dropped_handoff,1,29,7,compliance_audit
train_007472,duplicated_work,duplicated_work,1,44,1,main_domain
train_007473,goal_drift,conflict,0,89,1,main_domain
train_007474,clean,clean,1,27,6,main_domain
train_007475,conflict,conflict,1,69,9,main_domain
train_007476,conflict,conflict,0,51,9,main_domain
train_007477,deadlock,deadlock,0,24,7,main_domain
train_007478,dropped_handoff,dropped_handoff,0,20,7,main_domain
train_007479,runaway_loop,runaway_loop,0,33,8,main_domain
train_007480,dropped_handoff,conflict,0,58,7,main_domain
train_007481,clean,clean,1,57,8,main_domain
train_007482,conflict,conflict,0,26,7,main_domain
train_007483,clean,clean,1,18,6,main_domain
train_007484,conflict,clean,0,41,9,main_domain
train_007485,duplicated_work,duplicated_work,1,33,6,main_domain
train_007486,clean,clean,1,47,10,compliance_audit
train_007487,conflict,runaway_loop,0,49,8,main_domain
train_007488,runaway_loop,clean,0,63,10,main_domain
train_007489,conflict,conflict,1,61,9,main_domain
train_007490,dropped_handoff,goal_drift,0,37,12,main_domain
train_007491,deadlock,deadlock,0,35,7,compliance_audit
train_007492,dropped_handoff,runaway_loop,1,64,7,main_domain
train_007493,runaway_loop,runaway_loop,0,73,10,main_domain
train_007494,conflict,conflict,1,68,9,main_domain
train_007495,clean,clean,1,48,9,main_domain
train_007496,conflict,conflict,0,44,10,main_domain
train_007497,clean,deadlock,0,63,10,compliance_audit
train_007498,clean,clean,1,25,1,compliance_audit
train_007499,clean,clean,1,33,8,main_domain
train_007500,conflict,runaway_loop,1,48,1,main_domain
train_007501,conflict,conflict,1,76,10,main_domain
train_007502,clean,clean,1,66,10,main_domain
train_007503,clean,clean,1,28,8,main_domain
train_007504,goal_drift,clean,0,85,1,compliance_audit
train_007505,conflict,conflict,0,50,10,compliance_audit
train_007506,duplicated_work,runaway_loop,0,65,1,main_domain
train_007507,deadlock,deadlock,0,25,1,main_domain
train_007508,clean,clean,1,70,10,compliance_audit
train_007509,conflict,runaway_loop,1,69,9,compliance_audit
train_007510,clean,clean,1,33,7,main_domain
train_007511,deadlock,deadlock,1,23,5,compliance_audit
train_007512,clean,clean,1,44,8,main_domain
train_007513,clean,clean,1,35,7,main_domain
train_007514,runaway_loop,runaway_loop,1,35,7,main_domain
train_007515,deadlock,deadlock,0,14,3,main_domain
train_007516,clean,runaway_loop,0,86,9,compliance_audit
train_007517,clean,clean,1,58,10,main_domain
train_007518,conflict,conflict,1,46,9,compliance_audit
train_007519,dropped_handoff,deadlock,0,56,10,main_domain
train_007520,clean,goal_drift,0,62,10,compliance_audit
train_007521,goal_drift,clean,0,17,1,main_domain
train_007522,runaway_loop,runaway_loop,1,33,6,main_domain
train_007523,dropped_handoff,dropped_handoff,0,65,9,main_domain
train_007524,clean,clean,1,45,9,main_domain
train_007525,clean,clean,1,32,8,compliance_audit
train_007526,conflict,conflict,0,27,8,main_domain
train_007527,conflict,conflict,0,34,5,main_domain
train_007528,conflict,conflict,0,23,5,compliance_audit
train_007529,clean,runaway_loop,1,50,9,main_domain
train_007530,clean,runaway_loop,0,39,7,main_domain
train_007531,deadlock,deadlock,0,33,6,main_domain
train_007532,duplicated_work,duplicated_work,1,32,6,main_domain
train_007533,dropped_handoff,runaway_loop,0,60,10,main_domain
train_007534,goal_drift,goal_drift,0,106,13,main_domain
train_007535,dropped_handoff,dropped_handoff,1,45,9,main_domain
train_007536,dropped_handoff,clean,1,39,9,main_domain
train_007537,clean,clean,1,75,9,main_domain
train_007538,clean,clean,0,50,10,compliance_audit
train_007539,conflict,conflict,0,15,6,compliance_audit
train_007540,deadlock,deadlock,1,35,1,main_domain
train_007541,dropped_handoff,clean,0,23,6,main_domain
train_007542,clean,clean,0,23,7,compliance_audit
train_007543,dropped_handoff,dropped_handoff,0,102,9,main_domain
train_007544,clean,clean,1,74,9,main_domain
train_007545,conflict,conflict,0,42,7,main_domain
train_007546,conflict,conflict,1,46,7,main_domain
train_007547,clean,clean,1,28,7,main_domain
train_007548,goal_drift,goal_drift,0,30,12,main_domain
train_007549,duplicated_work,duplicated_work,1,68,12,main_domain
train_007550,deadlock,goal_drift,0,49,13,main_domain
train_007551,dropped_handoff,clean,0,36,9,main_domain
train_007552,runaway_loop,runaway_loop,0,25,6,main_domain
train_007553,duplicated_work,duplicated_work,1,25,1,compliance_audit
train_007554,clean,clean,1,17,1,main_domain
train_007555,conflict,conflict,1,74,10,compliance_audit
train_007556,deadlock,deadlock,0,53,9,main_domain
train_007557,clean,clean,1,50,9,compliance_audit
train_007558,goal_drift,goal_drift,0,42,12,compliance_audit
train_007559,duplicated_work,duplicated_work,1,39,7,main_domain
train_007560,deadlock,clean,1,48,9,main_domain
train_007561,runaway_loop,runaway_loop,0,44,1,main_domain
train_007562,dropped_handoff,dropped_handoff,0,44,9,main_domain
train_007563,dropped_handoff,dropped_handoff,0,25,7,main_domain
train_007564,conflict,conflict,1,15,5,main_domain
train_007565,dropped_handoff,dropped_handoff,0,39,7,main_domain
train_007566,deadlock,deadlock,0,32,9,main_domain
train_007567,duplicated_work,duplicated_work,1,40,1,main_domain
train_007568,duplicated_work,clean,1,41,10,main_domain
train_007569,goal_drift,goal_drift,0,64,13,main_domain
train_007570,deadlock,runaway_loop,0,46,8,main_domain
train_007571,deadlock,deadlock,0,42,7,compliance_audit
train_007572,dropped_handoff,clean,0,55,10,main_domain
train_007573,deadlock,conflict,0,20,5,main_domain
train_007574,duplicated_work,runaway_loop,1,39,5,compliance_audit
train_007575,goal_drift,deadlock,1,32,1,main_domain
train_007576,runaway_loop,runaway_loop,0,33,4,compliance_audit
train_007577,clean,clean,1,80,1,compliance_audit
train_007578,clean,clean,1,20,6,main_domain
train_007579,duplicated_work,clean,1,56,1,compliance_audit
train_007580,runaway_loop,runaway_loop,0,42,1,main_domain
train_007581,runaway_loop,runaway_loop,0,48,1,main_domain
train_007582,deadlock,clean,0,64,9,main_domain
train_007583,runaway_loop,runaway_loop,0,58,10,compliance_audit
train_007584,runaway_loop,runaway_loop,0,59,1,main_domain
train_007585,duplicated_work,clean,1,43,9,main_domain
train_007586,deadlock,goal_drift,0,25,12,main_domain
train_007587,clean,clean,1,27,7,compliance_audit
train_007588,goal_drift,goal_drift,0,36,11,main_domain
train_007589,clean,clean,1,26,4,main_domain
train_007590,clean,clean,0,47,7,main_domain
train_007591,clean,clean,1,20,5,compliance_audit
train_007592,clean,clean,1,15,4,compliance_audit
train_007593,runaway_loop,runaway_loop,0,58,8,main_domain
train_007594,deadlock,deadlock,0,24,7,compliance_audit
train_007595,dropped_handoff,dropped_handoff,0,17,5,compliance_audit
train_007596,clean,clean,1,56,8,main_domain
train_007597,runaway_loop,runaway_loop,0,31,6,main_domain
train_007598,clean,clean,1,74,1,main_domain
train_007599,duplicated_work,duplicated_work,0,33,9,main_domain
train_007600,dropped_handoff,dropped_handoff,0,65,9,main_domain
train_007601,dropped_handoff,dropped_handoff,1,64,10,main_domain
train_007602,deadlock,conflict,0,52,10,compliance_audit
train_007603,goal_drift,goal_drift,0,95,15,main_domain
train_007604,clean,clean,1,42,9,main_domain
train_007605,duplicated_work,duplicated_work,1,90,10,main_domain
train_007606,conflict,conflict,0,16,5,compliance_audit
train_007607,goal_drift,goal_drift,0,46,12,compliance_audit
train_007608,runaway_loop,runaway_loop,1,53,8,main_domain
train_007609,dropped_handoff,dropped_handoff,0,33,7,main_domain
train_007610,deadlock,deadlock,0,51,9,main_domain
train_007611,goal_drift,goal_drift,0,42,11,main_domain
train_007612,duplicated_work,duplicated_work,1,33,6,main_domain
train_007613,runaway_loop,runaway_loop,0,27,1,main_domain
train_007614,duplicated_work,duplicated_work,1,29,6,main_domain
train_007615,dropped_handoff,dropped_handoff,0,31,8,main_domain
train_007616,clean,clean,1,22,5,main_domain
train_007617,clean,clean,1,54,10,main_domain
train_007618,clean,clean,1,33,9,compliance_audit
train_007619,dropped_handoff,conflict,0,23,1,main_domain
train_007620,goal_drift,clean,0,34,1,main_domain
train_007621,conflict,conflict,1,48,8,compliance_audit
train_007622,clean,clean,1,47,9,main_domain
train_007623,clean,clean,0,73,10,compliance_audit
train_007624,goal_drift,goal_drift,0,46,13,compliance_audit
train_007625,conflict,conflict,1,29,1,main_domain
train_007626,goal_drift,goal_drift,0,41,10,main_domain
train_007627,goal_drift,goal_drift,0,33,11,main_domain
train_007628,goal_drift,goal_drift,0,50,13,main_domain
train_007629,clean,clean,1,33,6,main_domain
train_007630,deadlock,duplicated_work,1,44,7,compliance_audit
train_007631,goal_drift,goal_drift,0,50,11,main_domain
train_007632,conflict,conflict,0,75,10,main_domain
train_007633,deadlock,deadlock,0,45,7,main_domain
train_007634,runaway_loop,deadlock,0,66,10,compliance_audit
train_007635,runaway_loop,runaway_loop,1,59,8,compliance_audit
train_007636,deadlock,deadlock,0,49,1,main_domain
train_007637,dropped_handoff,conflict,0,43,9,main_domain
train_007638,duplicated_work,dropped_handoff,0,48,7,main_domain
train_007639,runaway_loop,deadlock,0,40,1,main_domain
train_007640,deadlock,clean,1,33,7,compliance_audit
train_007641,duplicated_work,duplicated_work,1,73,10,main_domain
train_007642,conflict,conflict,1,61,10,main_domain
train_007643,clean,deadlock,0,98,10,main_domain
train_007644,clean,clean,1,46,7,main_domain
train_007645,clean,clean,1,37,8,main_domain
train_007646,clean,clean,1,27,7,main_domain
train_007647,conflict,conflict,0,52,10,compliance_audit
train_007648,dropped_handoff,runaway_loop,0,30,8,compliance_audit
train_007649,clean,dropped_handoff,0,45,9,main_domain
train_007650,duplicated_work,duplicated_work,1,60,8,main_domain
train_007651,deadlock,duplicated_work,0,38,8,main_domain
train_007652,runaway_loop,runaway_loop,0,75,9,main_domain
train_007653,conflict,conflict,0,35,8,main_domain
train_007654,clean,clean,1,53,10,main_domain
train_007655,clean,clean,0,38,9,main_domain
train_007656,runaway_loop,runaway_loop,1,84,10,main_domain
train_007657,conflict,conflict,0,39,8,main_domain
train_007658,clean,clean,1,54,10,main_domain
train_007659,duplicated_work,clean,0,81,10,main_domain
train_007660,deadlock,deadlock,0,40,8,main_domain
train_007661,runaway_loop,runaway_loop,0,51,10,compliance_audit
train_007662,conflict,runaway_loop,0,86,10,main_domain
train_007663,conflict,conflict,0,31,5,main_domain
train_007664,clean,clean,1,42,1,compliance_audit
train_007665,dropped_handoff,clean,1,50,10,main_domain
train_007666,goal_drift,goal_drift,0,64,13,compliance_audit
train_007667,conflict,conflict,0,47,8,main_domain
train_007668,clean,clean,1,21,1,compliance_audit
train_007669,conflict,conflict,1,59,9,main_domain
train_007670,duplicated_work,clean,1,48,1,main_domain
train_007671,duplicated_work,duplicated_work,1,38,8,compliance_audit
train_007672,goal_drift,goal_drift,0,60,13,main_domain
train_007673,duplicated_work,clean,0,24,6,main_domain
train_007674,clean,clean,1,29,7,main_domain
train_007675,goal_drift,goal_drift,0,47,12,main_domain
train_007676,clean,clean,1,43,10,main_domain
train_007677,deadlock,deadlock,0,30,8,main_domain
train_007678,clean,clean,1,39,8,main_domain
train_007679,conflict,conflict,0,53,9,compliance_audit
train_007680,goal_drift,goal_drift,0,32,12,compliance_audit
train_007681,deadlock,clean,0,59,9,main_domain
train_007682,duplicated_work,duplicated_work,1,41,9,main_domain
train_007683,clean,clean,1,21,5,main_domain
train_007684,clean,clean,1,19,5,main_domain
train_007685,clean,dropped_handoff,0,33,8,main_domain
train_007686,conflict,goal_drift,0,57,14,compliance_audit
train_007687,conflict,conflict,0,111,10,compliance_audit
train_007688,clean,clean,1,41,8,main_domain
train_007689,duplicated_work,duplicated_work,1,51,9,main_domain
train_007690,dropped_handoff,deadlock,0,50,10,compliance_audit
train_007691,runaway_loop,runaway_loop,0,92,10,compliance_audit
train_007692,clean,clean,1,39,8,compliance_audit
train_007693,dropped_handoff,clean,0,63,1,main_domain
train_007694,clean,clean,0,38,6,main_domain
train_007695,goal_drift,goal_drift,0,45,12,main_domain
train_007696,goal_drift,goal_drift,1,29,10,main_domain
train_007697,clean,clean,1,37,7,main_domain
train_007698,duplicated_work,duplicated_work,1,43,8,main_domain
train_007699,deadlock,goal_drift,0,26,1,main_domain
train_007700,clean,clean,1,27,6,main_domain
train_007701,goal_drift,goal_drift,0,55,15,compliance_audit
train_007702,dropped_handoff,runaway_loop,0,78,10,main_domain
train_007703,dropped_handoff,clean,1,49,9,main_domain
train_007704,duplicated_work,clean,1,36,9,main_domain
train_007705,duplicated_work,duplicated_work,1,43,7,main_domain
train_007706,clean,clean,1,43,1,compliance_audit
train_007707,runaway_loop,runaway_loop,0,52,8,main_domain
train_007708,goal_drift,goal_drift,0,77,14,compliance_audit
train_007709,deadlock,deadlock,1,55,9,main_domain
train_007710,dropped_handoff,conflict,0,35,9,main_domain
train_007711,deadlock,goal_drift,0,27,10,main_domain
train_007712,deadlock,deadlock,0,28,6,main_domain
train_007713,clean,clean,1,77,9,main_domain
train_007714,duplicated_work,duplicated_work,1,47,9,main_domain
train_007715,clean,clean,1,41,8,main_domain
train_007716,runaway_loop,runaway_loop,0,97,10,main_domain
train_007717,clean,clean,1,36,8,compliance_audit
train_007718,runaway_loop,runaway_loop,0,40,7,main_domain
train_007719,deadlock,deadlock,0,42,9,main_domain
train_007720,goal_drift,goal_drift,0,34,10,main_domain
train_007721,clean,deadlock,0,62,10,main_domain
train_007722,duplicated_work,dropped_handoff,0,48,9,compliance_audit
train_007723,goal_drift,goal_drift,0,60,15,compliance_audit
train_007724,conflict,conflict,1,32,5,main_domain
train_007725,duplicated_work,duplicated_work,1,26,5,main_domain
train_007726,conflict,conflict,0,36,8,compliance_audit
train_007727,deadlock,goal_drift,0,28,8,compliance_audit
train_007728,conflict,conflict,1,32,9,main_domain
train_007729,runaway_loop,runaway_loop,0,40,7,main_domain
train_007730,conflict,conflict,0,22,5,main_domain
train_007731,clean,runaway_loop,1,51,10,main_domain
train_007732,runaway_loop,clean,1,31,7,main_domain
train_007733,conflict,conflict,0,34,7,compliance_audit
train_007734,clean,clean,1,30,6,compliance_audit
train_007735,conflict,conflict,1,72,10,compliance_audit
train_007736,clean,clean,1,53,9,main_domain
train_007737,deadlock,conflict,0,78,10,main_domain
train_007738,clean,clean,1,43,6,compliance_audit
train_007739,clean,clean,1,52,7,main_domain
train_007740,conflict,conflict,1,28,7,main_domain
train_007741,clean,clean,1,67,9,compliance_audit
train_007742,runaway_loop,runaway_loop,1,55,1,main_domain
train_007743,clean,clean,1,41,1,compliance_audit
train_007744,duplicated_work,clean,0,45,8,main_domain
train_007745,clean,clean,0,48,1,main_domain
train_007746,dropped_handoff,deadlock,0,35,8,compliance_audit
train_007747,clean,clean,1,53,10,main_domain
train_007748,clean,deadlock,1,32,7,main_domain
train_007749,conflict,clean,0,59,9,main_domain
train_007750,dropped_handoff,dropped_handoff,0,37,7,main_domain
train_007751,goal_drift,goal_drift,0,31,12,main_domain
train_007752,dropped_handoff,goal_drift,0,59,12,main_domain
train_007753,conflict,conflict,0,33,1,main_domain
train_007754,deadlock,deadlock,0,28,7,compliance_audit
train_007755,duplicated_work,duplicated_work,1,67,10,main_domain
train_007756,deadlock,deadlock,0,70,1,compliance_audit
train_007757,goal_drift,goal_drift,1,30,1,compliance_audit
train_007758,dropped_handoff,dropped_handoff,0,27,7,main_domain
train_007759,clean,clean,1,44,9,main_domain
train_007760,runaway_loop,conflict,0,91,1,main_domain
train_007761,clean,clean,1,35,8,compliance_audit
train_007762,deadlock,deadlock,0,23,1,main_domain
train_007763,clean,clean,1,26,1,main_domain
train_007764,goal_drift,goal_drift,1,57,12,compliance_audit
train_007765,deadlock,clean,1,40,9,main_domain
train_007766,runaway_loop,runaway_loop,0,46,9,compliance_audit
train_007767,deadlock,dropped_handoff,0,36,8,main_domain
train_007768,clean,clean,0,34,1,compliance_audit
train_007769,clean,clean,1,30,6,main_domain
train_007770,conflict,conflict,1,44,1,compliance_audit
train_007771,clean,clean,1,47,9,main_domain
train_007772,clean,clean,1,60,10,main_domain
train_007773,conflict,conflict,1,41,7,compliance_audit
train_007774,runaway_loop,runaway_loop,0,57,10,main_domain
train_007775,goal_drift,deadlock,0,37,11,main_domain
train_007776,runaway_loop,runaway_loop,0,52,7,main_domain
train_007777,clean,clean,1,65,9,main_domain
train_007778,runaway_loop,runaway_loop,1,76,10,compliance_audit
train_007779,conflict,conflict,1,59,10,main_domain
train_007780,duplicated_work,duplicated_work,1,47,8,main_domain
train_007781,runaway_loop,runaway_loop,1,52,10,compliance_audit
train_007782,clean,clean,0,60,9,main_domain
train_007783,deadlock,runaway_loop,0,40,8,main_domain
train_007784,duplicated_work,duplicated_work,1,50,7,main_domain
train_007785,dropped_handoff,clean,0,60,10,main_domain
train_007786,clean,clean,1,56,9,compliance_audit
train_007787,clean,clean,1,53,8,main_domain
train_007788,duplicated_work,duplicated_work,1,48,9,compliance_audit
train_007789,duplicated_work,dropped_handoff,0,60,10,main_domain
train_007790,runaway_loop,runaway_loop,1,58,7,main_domain
train_007791,duplicated_work,duplicated_work,1,42,7,main_domain
train_007792,dropped_handoff,dropped_handoff,0,16,5,main_domain
train_007793,runaway_loop,runaway_loop,1,42,6,main_domain
train_007794,clean,clean,1,34,6,main_domain
train_007795,dropped_handoff,dropped_handoff,0,21,7,main_domain
train_007796,clean,clean,1,23,6,main_domain
train_007797,goal_drift,goal_drift,0,35,11,main_domain
train_007798,goal_drift,goal_drift,0,20,10,compliance_audit
train_007799,clean,deadlock,0,45,1,main_domain
train_007800,clean,deadlock,0,86,8,main_domain
train_007801,deadlock,deadlock,0,11,4,main_domain
train_007802,goal_drift,goal_drift,0,40,11,main_domain
train_007803,runaway_loop,runaway_loop,0,69,9,compliance_audit
train_007804,dropped_handoff,conflict,0,35,8,main_domain
train_007805,runaway_loop,clean,0,29,6,main_domain
train_007806,duplicated_work,duplicated_work,1,29,6,main_domain
train_007807,deadlock,deadlock,0,35,9,main_domain
train_007808,runaway_loop,runaway_loop,0,41,8,compliance_audit
train_007809,conflict,conflict,0,60,9,main_domain
train_007810,deadlock,deadlock,0,20,7,compliance_audit
train_007811,goal_drift,goal_drift,0,128,14,compliance_audit
train_007812,goal_drift,goal_drift,0,41,12,main_domain
train_007813,conflict,conflict,1,28,6,main_domain
train_007814,dropped_handoff,dropped_handoff,0,77,1,main_domain
train_007815,duplicated_work,clean,1,43,10,compliance_audit
train_007816,goal_drift,goal_drift,0,44,11,main_domain
train_007817,clean,clean,1,29,7,main_domain
train_007818,runaway_loop,runaway_loop,0,32,6,compliance_audit
train_007819,runaway_loop,runaway_loop,0,48,10,main_domain
train_007820,clean,clean,1,38,8,main_domain
train_007821,clean,clean,1,46,10,compliance_audit
train_007822,clean,clean,1,37,7,main_domain
train_007823,conflict,conflict,0,34,1,compliance_audit
train_007824,conflict,conflict,0,48,9,main_domain
train_007825,conflict,conflict,1,47,9,main_domain
train_007826,clean,clean,1,37,8,main_domain
train_007827,conflict,duplicated_work,1,29,7,compliance_audit
train_007828,conflict,conflict,1,129,10,main_domain
train_007829,clean,clean,1,33,6,main_domain
train_007830,duplicated_work,conflict,1,96,1,main_domain
train_007831,deadlock,deadlock,0,87,10,main_domain
train_007832,clean,clean,1,55,10,main_domain
train_007833,clean,clean,1,81,10,main_domain
train_007834,goal_drift,clean,1,18,1,main_domain
train_007835,runaway_loop,runaway_loop,1,76,10,main_domain
train_007836,conflict,conflict,0,51,9,main_domain
train_007837,deadlock,deadlock,0,35,8,main_domain
train_007838,duplicated_work,clean,0,71,9,main_domain
train_007839,goal_drift,goal_drift,0,46,12,main_domain
train_007840,runaway_loop,runaway_loop,0,93,9,main_domain
train_007841,deadlock,clean,1,54,10,main_domain
train_007842,runaway_loop,runaway_loop,0,18,5,main_domain
train_007843,conflict,clean,0,49,10,main_domain
train_007844,clean,clean,1,48,9,main_domain
train_007845,duplicated_work,duplicated_work,0,40,8,main_domain
train_007846,clean,clean,1,43,9,main_domain
train_007847,duplicated_work,deadlock,0,51,7,compliance_audit
train_007848,duplicated_work,runaway_loop,1,83,9,compliance_audit
train_007849,goal_drift,goal_drift,0,39,11,compliance_audit
train_007850,clean,clean,1,26,1,main_domain
train_007851,clean,clean,1,33,6,main_domain
train_007852,duplicated_work,duplicated_work,1,43,9,main_domain
train_007853,clean,clean,1,55,1,main_domain
train_007854,clean,clean,1,44,10,compliance_audit
train_007855,conflict,conflict,0,68,12,compliance_audit
train_007856,duplicated_work,clean,0,68,10,main_domain
train_007857,runaway_loop,dropped_handoff,0,44,9,main_domain
train_007858,goal_drift,goal_drift,0,44,12,main_domain
train_007859,duplicated_work,clean,1,52,9,main_domain
train_007860,goal_drift,goal_drift,0,40,10,main_domain
train_007861,goal_drift,goal_drift,0,27,10,main_domain
train_007862,clean,clean,1,38,9,main_domain
train_007863,deadlock,deadlock,0,33,6,main_domain
train_007864,runaway_loop,duplicated_work,1,50,8,compliance_audit
train_007865,clean,clean,1,62,10,main_domain
train_007866,duplicated_work,duplicated_work,1,36,8,main_domain
train_007867,goal_drift,clean,0,34,1,main_domain
train_007868,clean,clean,1,61,10,main_domain
train_007869,conflict,conflict,1,84,10,main_domain
train_007870,duplicated_work,clean,1,88,10,main_domain
train_007871,clean,clean,1,51,8,main_domain
train_007872,conflict,conflict,0,37,7,main_domain
train_007873,duplicated_work,runaway_loop,0,58,1,main_domain
train_007874,dropped_handoff,dropped_handoff,0,18,6,main_domain
train_007875,runaway_loop,runaway_loop,0,79,10,main_domain
train_007876,conflict,conflict,0,36,8,main_domain
train_007877,clean,clean,1,55,10,main_domain
train_007878,goal_drift,clean,1,33,1,main_domain
train_007879,dropped_handoff,goal_drift,1,57,12,main_domain
train_007880,runaway_loop,runaway_loop,0,63,10,compliance_audit
train_007881,dropped_handoff,duplicated_work,1,41,8,main_domain
train_007882,clean,clean,1,69,10,main_domain
train_007883,runaway_loop,runaway_loop,0,36,9,main_domain
train_007884,deadlock,dropped_handoff,0,29,7,main_domain
train_007885,deadlock,clean,1,59,10,main_domain
train_007886,clean,clean,0,55,10,main_domain
train_007887,runaway_loop,runaway_loop,0,66,9,compliance_audit
train_007888,runaway_loop,runaway_loop,1,62,8,main_domain
train_007889,clean,clean,1,45,8,main_domain
train_007890,runaway_loop,runaway_loop,0,71,10,main_domain
train_007891,deadlock,deadlock,0,109,9,main_domain
train_007892,dropped_handoff,runaway_loop,1,58,10,main_domain
train_007893,duplicated_work,duplicated_work,0,43,9,main_domain
train_007894,deadlock,deadlock,0,32,5,compliance_audit
train_007895,duplicated_work,clean,1,56,10,main_domain
train_007896,runaway_loop,runaway_loop,0,38,8,main_domain
train_007897,clean,clean,1,29,6,main_domain
train_007898,conflict,conflict,0,43,8,main_domain
train_007899,deadlock,deadlock,0,23,1,main_domain
train_007900,dropped_handoff,dropped_handoff,0,32,6,compliance_audit
train_007901,deadlock,deadlock,0,45,9,main_domain
train_007902,runaway_loop,clean,1,117,1,compliance_audit
train_007903,goal_drift,goal_drift,0,28,11,main_domain
train_007904,goal_drift,goal_drift,0,66,13,main_domain
train_007905,conflict,conflict,0,46,10,compliance_audit
train_007906,goal_drift,goal_drift,1,58,10,main_domain
train_007907,clean,clean,0,44,10,main_domain
train_007908,goal_drift,goal_drift,0,37,12,main_domain
train_007909,clean,clean,1,40,6,main_domain
train_007910,deadlock,clean,0,43,10,main_domain
train_007911,runaway_loop,runaway_loop,1,48,8,main_domain
train_007912,deadlock,clean,1,39,9,main_domain
train_007913,conflict,conflict,0,28,1,main_domain
train_007914,runaway_loop,goal_drift,0,38,12,main_domain
train_007915,duplicated_work,clean,1,43,9,main_domain
train_007916,clean,clean,1,48,10,main_domain
train_007917,goal_drift,goal_drift,0,51,14,main_domain
train_007918,conflict,conflict,0,48,8,main_domain
train_007919,conflict,goal_drift,0,32,9,main_domain
train_007920,dropped_handoff,dropped_handoff,0,26,6,main_domain
train_007921,conflict,runaway_loop,0,93,9,main_domain
train_007922,conflict,conflict,0,73,10,main_domain
train_007923,goal_drift,goal_drift,0,56,13,main_domain
train_007924,duplicated_work,duplicated_work,1,48,8,main_domain
train_007925,duplicated_work,duplicated_work,1,41,6,main_domain
train_007926,duplicated_work,conflict,1,47,9,compliance_audit
train_007927,clean,clean,1,30,8,main_domain
train_007928,clean,clean,1,32,6,main_domain
train_007929,clean,clean,1,38,9,main_domain
train_007930,deadlock,clean,0,52,8,main_domain
train_007931,deadlock,deadlock,0,30,6,compliance_audit
train_007932,conflict,conflict,1,53,9,compliance_audit
train_007933,goal_drift,goal_drift,0,52,14,compliance_audit
train_007934,clean,clean,1,72,1,main_domain
train_007935,dropped_handoff,deadlock,0,22,6,main_domain
train_007936,dropped_handoff,dropped_handoff,0,47,10,main_domain
train_007937,clean,clean,1,49,9,compliance_audit
train_007938,clean,clean,1,39,9,main_domain
train_007939,deadlock,deadlock,0,33,9,compliance_audit
train_007940,duplicated_work,duplicated_work,1,68,10,main_domain
train_007941,conflict,conflict,1,61,8,main_domain
train_007942,duplicated_work,duplicated_work,1,29,6,main_domain
train_007943,clean,clean,1,60,10,main_domain
train_007944,clean,clean,1,50,10,main_domain
train_007945,runaway_loop,runaway_loop,0,48,7,main_domain
train_007946,dropped_handoff,runaway_loop,0,83,10,main_domain
train_007947,deadlock,deadlock,0,33,1,compliance_audit
train_007948,goal_drift,goal_drift,0,35,13,main_domain
train_007949,dropped_handoff,clean,0,75,1,compliance_audit
train_007950,duplicated_work,clean,0,50,1,main_domain
train_007951,duplicated_work,duplicated_work,1,50,10,main_domain
train_007952,goal_drift,goal_drift,1,42,12,main_domain
train_007953,goal_drift,goal_drift,0,47,12,main_domain
train_007954,runaway_loop,runaway_loop,0,22,1,main_domain
train_007955,deadlock,deadlock,0,38,7,main_domain
train_007956,conflict,conflict,1,57,10,main_domain
train_007957,goal_drift,goal_drift,1,59,13,main_domain
train_007958,deadlock,deadlock,0,32,6,main_domain
train_007959,goal_drift,goal_drift,0,52,13,compliance_audit
train_007960,runaway_loop,runaway_loop,0,44,7,main_domain
train_007961,goal_drift,goal_drift,0,41,12,main_domain
train_007962,clean,clean,1,37,8,main_domain
train_007963,duplicated_work,duplicated_work,1,58,9,main_domain
train_007964,conflict,goal_drift,0,49,9,main_domain
train_007965,deadlock,deadlock,0,52,8,main_domain
train_007966,clean,clean,1,48,10,compliance_audit
train_007967,duplicated_work,duplicated_work,1,67,10,main_domain
train_007968,clean,clean,0,46,8,compliance_audit
train_007969,goal_drift,goal_drift,1,64,14,main_domain
train_007970,clean,clean,1,58,1,main_domain
train_007971,duplicated_work,clean,1,64,10,main_domain
train_007972,dropped_handoff,deadlock,0,57,9,main_domain
train_007973,goal_drift,goal_drift,0,46,11,compliance_audit
train_007974,dropped_handoff,clean,1,41,10,compliance_audit
train_007975,goal_drift,goal_drift,0,55,11,compliance_audit
train_007976,duplicated_work,clean,1,51,9,main_domain
train_007977,dropped_handoff,dropped_handoff,0,45,9,compliance_audit
train_007978,clean,clean,1,31,9,main_domain
train_007979,runaway_loop,runaway_loop,0,39,8,main_domain
train_007980,goal_drift,goal_drift,0,52,13,compliance_audit
train_007981,conflict,conflict,1,27,1,main_domain
train_007982,runaway_loop,runaway_loop,0,67,9,main_domain
train_007983,dropped_handoff,dropped_handoff,0,37,1,main_domain
train_007984,runaway_loop,runaway_loop,0,34,8,compliance_audit
train_007985,dropped_handoff,dropped_handoff,1,19,5,compliance_audit
train_007986,clean,clean,1,49,10,compliance_audit
train_007987,goal_drift,conflict,0,30,9,compliance_audit
train_007988,conflict,conflict,1,27,5,main_domain
train_007989,conflict,runaway_loop,1,52,8,main_domain
train_007990,clean,clean,1,32,7,main_domain
train_007991,runaway_loop,runaway_loop,0,18,1,main_domain
train_007992,dropped_handoff,clean,0,48,10,main_domain
train_007993,goal_drift,goal_drift,0,43,12,compliance_audit
train_007994,runaway_loop,deadlock,0,37,7,compliance_audit
train_007995,conflict,deadlock,0,45,7,main_domain
train_007996,duplicated_work,clean,1,28,7,main_domain
train_007997,duplicated_work,runaway_loop,0,46,8,main_domain
train_007998,dropped_handoff,clean,0,49,9,main_domain
train_007999,duplicated_work,duplicated_work,1,59,9,main_domain
train_008000,runaway_loop,goal_drift,0,70,13,main_domain
train_008001,runaway_loop,runaway_loop,0,40,7,main_domain
train_008002,duplicated_work,conflict,0,42,8,compliance_audit
train_008003,runaway_loop,runaway_loop,0,54,10,main_domain
train_008004,dropped_handoff,dropped_handoff,0,89,10,main_domain
train_008005,conflict,conflict,0,29,6,main_domain
train_008006,dropped_handoff,dropped_handoff,0,17,6,main_domain
train_008007,runaway_loop,runaway_loop,0,67,10,main_domain
train_008008,runaway_loop,goal_drift,0,76,14,main_domain
train_008009,duplicated_work,duplicated_work,0,48,8,compliance_audit
train_008010,duplicated_work,duplicated_work,0,18,1,compliance_audit
train_008011,clean,clean,1,38,8,main_domain
train_008012,deadlock,deadlock,0,44,9,main_domain
train_008013,goal_drift,goal_drift,0,21,10,main_domain
train_008014,dropped_handoff,dropped_handoff,0,15,5,main_domain
train_008015,deadlock,clean,1,64,9,main_domain
train_008016,duplicated_work,clean,1,80,10,compliance_audit
train_008017,conflict,conflict,0,36,10,main_domain
train_008018,duplicated_work,clean,1,65,9,main_domain
train_008019,clean,conflict,0,76,10,main_domain
train_008020,clean,clean,1,56,9,main_domain
train_008021,deadlock,deadlock,0,20,6,main_domain
train_008022,dropped_handoff,dropped_handoff,0,27,8,main_domain
train_008023,goal_drift,dropped_handoff,0,33,11,compliance_audit
train_008024,duplicated_work,duplicated_work,1,78,10,compliance_audit
train_008025,conflict,conflict,0,14,1,main_domain
train_008026,dropped_handoff,dropped_handoff,0,33,8,main_domain
train_008027,dropped_handoff,duplicated_work,1,53,10,main_domain
train_008028,clean,clean,1,26,6,main_domain
train_008029,clean,clean,1,26,6,main_domain
train_008030,clean,clean,1,34,7,main_domain
train_008031,goal_drift,goal_drift,0,52,15,main_domain
train_008032,goal_drift,runaway_loop,0,58,13,main_domain
train_008033,clean,clean,1,34,1,compliance_audit
train_008034,conflict,clean,0,20,1,main_domain
train_008035,goal_drift,deadlock,0,29,8,main_domain
train_008036,clean,clean,1,29,6,compliance_audit
train_008037,clean,clean,1,43,1,compliance_audit
train_008038,runaway_loop,runaway_loop,0,27,5,main_domain
train_008039,dropped_handoff,dropped_handoff,0,55,10,compliance_audit
train_008040,dropped_handoff,deadlock,0,42,1,main_domain
train_008041,clean,clean,1,36,9,compliance_audit
train_008042,runaway_loop,deadlock,0,62,10,main_domain
train_008043,conflict,conflict,1,56,10,compliance_audit
train_008044,dropped_handoff,conflict,1,46,9,main_domain
train_008045,clean,dropped_handoff,1,44,7,main_domain
train_008046,deadlock,deadlock,0,28,1,compliance_audit
train_008047,clean,clean,1,32,9,main_domain
train_008048,dropped_handoff,clean,1,66,10,main_domain
train_008049,duplicated_work,duplicated_work,1,38,7,compliance_audit
train_008050,duplicated_work,deadlock,0,37,8,main_domain
train_008051,dropped_handoff,clean,0,48,9,main_domain
train_008052,clean,clean,1,91,1,compliance_audit
train_008053,duplicated_work,duplicated_work,0,55,10,main_domain
train_008054,duplicated_work,goal_drift,1,30,9,main_domain
train_008055,clean,clean,1,26,1,compliance_audit
train_008056,goal_drift,goal_drift,1,25,9,compliance_audit
train_008057,duplicated_work,duplicated_work,1,27,4,main_domain
train_008058,deadlock,runaway_loop,0,59,10,main_domain
train_008059,deadlock,deadlock,0,60,13,main_domain
train_008060,clean,clean,1,32,9,main_domain
train_008061,conflict,goal_drift,0,59,11,main_domain
train_008062,clean,clean,1,79,10,main_domain
train_008063,conflict,runaway_loop,0,37,7,main_domain
train_008064,goal_drift,dropped_handoff,0,29,10,main_domain
train_008065,dropped_handoff,duplicated_work,1,46,7,main_domain
train_008066,dropped_handoff,dropped_handoff,0,35,9,compliance_audit
train_008067,dropped_handoff,clean,1,54,8,main_domain
train_008068,clean,clean,1,26,6,main_domain
train_008069,runaway_loop,runaway_loop,1,26,1,main_domain
train_008070,runaway_loop,conflict,0,42,6,main_domain
train_008071,deadlock,deadlock,0,36,10,main_domain
train_008072,duplicated_work,duplicated_work,1,38,6,main_domain
train_008073,deadlock,clean,1,69,9,compliance_audit
train_008074,runaway_loop,runaway_loop,1,50,7,compliance_audit
train_008075,deadlock,clean,0,64,9,main_domain
train_008076,runaway_loop,dropped_handoff,0,28,8,main_domain
train_008077,conflict,conflict,0,82,9,main_domain
train_008078,duplicated_work,duplicated_work,1,38,9,main_domain
train_008079,conflict,conflict,0,56,8,main_domain
train_008080,goal_drift,goal_drift,0,46,12,main_domain
train_008081,conflict,conflict,0,51,9,compliance_audit
train_008082,deadlock,deadlock,0,67,10,main_domain
train_008083,runaway_loop,clean,1,63,10,compliance_audit
train_008084,clean,clean,1,44,7,main_domain
train_008085,runaway_loop,clean,1,55,9,main_domain
train_008086,dropped_handoff,dropped_handoff,1,58,9,compliance_audit
train_008087,runaway_loop,runaway_loop,0,42,9,main_domain
train_008088,duplicated_work,duplicated_work,1,42,1,main_domain
train_008089,dropped_handoff,conflict,1,58,8,main_domain
train_008090,duplicated_work,duplicated_work,1,57,7,compliance_audit
train_008091,clean,clean,1,43,6,main_domain
train_008092,clean,clean,1,28,6,compliance_audit
train_008093,clean,clean,1,54,9,compliance_audit
train_008094,deadlock,deadlock,0,99,10,main_domain
train_008095,duplicated_work,deadlock,1,41,6,compliance_audit
train_008096,clean,clean,1,45,9,compliance_audit
train_008097,conflict,conflict,0,72,9,main_domain
train_008098,clean,runaway_loop,0,31,1,main_domain
train_008099,clean,clean,1,49,9,main_domain
train_008100,deadlock,deadlock,0,52,10,compliance_audit
train_008101,dropped_handoff,clean,1,52,10,main_domain
train_008102,conflict,conflict,1,44,8,main_domain
train_008103,runaway_loop,runaway_loop,0,56,8,compliance_audit
train_008104,clean,clean,1,28,6,main_domain
train_008105,deadlock,deadlock,0,31,8,main_domain
train_008106,goal_drift,goal_drift,0,37,12,main_domain
train_008107,deadlock,dropped_handoff,0,33,9,main_domain
train_008108,goal_drift,goal_drift,0,36,11,compliance_audit
train_008109,clean,dropped_handoff,0,31,7,main_domain
train_008110,runaway_loop,runaway_loop,0,57,1,compliance_audit
train_008111,runaway_loop,runaway_loop,0,63,10,main_domain
train_008112,runaway_loop,runaway_loop,0,45,7,main_domain
train_008113,dropped_handoff,dropped_handoff,0,23,6,compliance_audit
train_008114,runaway_loop,runaway_loop,1,41,1,main_domain
train_008115,goal_drift,goal_drift,0,28,10,main_domain
train_008116,dropped_handoff,dropped_handoff,0,56,9,main_domain
train_008117,clean,deadlock,0,55,9,compliance_audit
train_008118,clean,clean,1,20,6,main_domain
train_008119,conflict,conflict,1,58,7,main_domain
train_008120,deadlock,deadlock,0,34,9,main_domain
train_008121,runaway_loop,runaway_loop,1,98,1,compliance_audit
train_008122,goal_drift,goal_drift,0,50,13,main_domain
train_008123,duplicated_work,conflict,0,32,7,main_domain
train_008124,goal_drift,goal_drift,1,107,14,main_domain
train_008125,conflict,conflict,0,15,4,main_domain
train_008126,goal_drift,goal_drift,0,30,10,main_domain
train_008127,clean,runaway_loop,1,37,1,main_domain
train_008128,clean,clean,1,26,7,main_domain
train_008129,deadlock,deadlock,0,30,7,compliance_audit
train_008130,goal_drift,runaway_loop,0,117,14,main_domain
train_008131,dropped_handoff,deadlock,0,28,7,main_domain
train_008132,duplicated_work,dropped_handoff,0,31,6,main_domain
train_008133,clean,clean,1,47,10,main_domain
train_008134,dropped_handoff,dropped_handoff,0,39,9,main_domain
train_008135,runaway_loop,runaway_loop,0,50,9,compliance_audit
train_008136,deadlock,clean,1,50,8,compliance_audit
train_008137,deadlock,deadlock,0,28,8,compliance_audit
train_008138,clean,clean,1,16,6,main_domain
train_008139,duplicated_work,clean,1,44,8,main_domain
train_008140,conflict,conflict,1,58,10,main_domain
train_008141,dropped_handoff,dropped_handoff,0,33,8,compliance_audit
train_008142,deadlock,deadlock,1,35,6,main_domain
train_008143,clean,clean,1,41,10,compliance_audit
train_008144,clean,clean,1,37,8,compliance_audit
train_008145,clean,clean,1,46,10,main_domain
train_008146,goal_drift,goal_drift,0,26,9,main_domain
train_008147,clean,clean,1,83,10,main_domain
train_008148,dropped_handoff,deadlock,0,51,10,main_domain
train_008149,goal_drift,goal_drift,0,43,12,compliance_audit
train_008150,dropped_handoff,dropped_handoff,0,26,7,main_domain
train_008151,duplicated_work,duplicated_work,1,42,7,main_domain
train_008152,duplicated_work,clean,1,19,4,main_domain
train_008153,clean,clean,1,32,7,main_domain
train_008154,conflict,conflict,0,32,8,main_domain
train_008155,clean,clean,1,32,7,main_domain
train_008156,dropped_handoff,dropped_handoff,0,53,10,main_domain
train_008157,conflict,conflict,1,50,7,main_domain
train_008158,duplicated_work,clean,1,20,1,main_domain
train_008159,clean,clean,1,40,10,main_domain
train_008160,clean,clean,1,43,10,compliance_audit
train_008161,duplicated_work,deadlock,0,52,7,main_domain
train_008162,goal_drift,goal_drift,0,50,14,compliance_audit
train_008163,runaway_loop,deadlock,0,68,8,compliance_audit
train_008164,goal_drift,goal_drift,0,18,9,main_domain
train_008165,dropped_handoff,dropped_handoff,0,49,10,main_domain
train_008166,runaway_loop,runaway_loop,0,60,9,main_domain
train_008167,goal_drift,goal_drift,0,55,14,main_domain
train_008168,duplicated_work,duplicated_work,0,46,9,main_domain
train_008169,clean,dropped_handoff,0,38,8,main_domain
train_008170,clean,clean,1,38,1,main_domain
train_008171,conflict,conflict,1,37,7,main_domain
train_008172,deadlock,deadlock,1,31,5,compliance_audit
train_008173,conflict,conflict,0,51,10,main_domain
train_008174,clean,clean,0,36,9,main_domain
train_008175,duplicated_work,clean,1,57,10,main_domain
train_008176,dropped_handoff,clean,1,26,8,main_domain
train_008177,duplicated_work,duplicated_work,1,60,9,main_domain
train_008178,conflict,conflict,1,39,8,main_domain
train_008179,dropped_handoff,clean,0,39,9,main_domain
train_008180,dropped_handoff,dropped_handoff,0,72,7,main_domain
train_008181,clean,clean,1,37,9,compliance_audit
train_008182,deadlock,deadlock,0,48,10,compliance_audit
train_008183,goal_drift,clean,1,58,1,compliance_audit
train_008184,runaway_loop,runaway_loop,0,51,8,compliance_audit
train_008185,clean,clean,1,47,9,compliance_audit
train_008186,conflict,conflict,1,51,9,main_domain
train_008187,runaway_loop,deadlock,0,37,7,main_domain
train_008188,clean,clean,1,49,9,compliance_audit
train_008189,clean,clean,1,22,6,main_domain
train_008190,duplicated_work,duplicated_work,1,59,10,main_domain
train_008191,runaway_loop,deadlock,0,57,9,main_domain
train_008192,deadlock,clean,1,64,9,main_domain
train_008193,clean,clean,1,35,8,main_domain
train_008194,clean,clean,1,23,1,main_domain
train_008195,clean,clean,0,45,9,main_domain
train_008196,duplicated_work,duplicated_work,0,35,1,main_domain
train_008197,conflict,conflict,0,37,1,main_domain
train_008198,clean,clean,1,30,1,compliance_audit
train_008199,conflict,conflict,0,34,10,compliance_audit
train_008200,clean,dropped_handoff,0,20,7,main_domain
train_008201,clean,clean,1,82,9,main_domain
train_008202,runaway_loop,runaway_loop,0,59,9,main_domain
train_008203,conflict,conflict,0,52,10,compliance_audit
train_008204,goal_drift,goal_drift,0,52,13,main_domain
train_008205,goal_drift,goal_drift,0,77,13,main_domain
train_008206,goal_drift,clean,1,33,10,main_domain
train_008207,runaway_loop,runaway_loop,0,46,1,main_domain
train_008208,duplicated_work,runaway_loop,1,70,1,main_domain
train_008209,conflict,conflict,1,64,7,main_domain
train_008210,conflict,runaway_loop,0,36,7,main_domain
train_008211,clean,clean,1,50,9,main_domain
train_008212,deadlock,clean,0,63,9,main_domain
train_008213,goal_drift,runaway_loop,0,55,1,main_domain
train_008214,clean,clean,1,66,10,main_domain
train_008215,goal_drift,goal_drift,0,51,12,main_domain
train_008216,goal_drift,goal_drift,0,68,15,main_domain
train_008217,runaway_loop,goal_drift,0,39,10,main_domain
train_008218,deadlock,deadlock,0,49,9,main_domain
train_008219,goal_drift,goal_drift,1,70,14,main_domain
train_008220,goal_drift,goal_drift,0,64,12,main_domain
train_008221,runaway_loop,runaway_loop,0,45,10,main_domain
train_008222,clean,clean,1,33,7,main_domain
train_008223,conflict,conflict,0,17,6,main_domain
train_008224,clean,clean,1,18,6,main_domain
train_008225,conflict,conflict,1,63,10,main_domain
train_008226,goal_drift,goal_drift,1,44,10,main_domain
train_008227,clean,clean,1,23,6,main_domain
train_008228,goal_drift,goal_drift,0,27,8,main_domain
train_008229,clean,clean,1,53,9,main_domain
train_008230,goal_drift,goal_drift,0,41,10,compliance_audit
train_008231,runaway_loop,deadlock,0,83,1,main_domain
train_008232,goal_drift,goal_drift,1,22,9,main_domain
train_008233,clean,clean,1,31,8,main_domain
train_008234,duplicated_work,clean,1,31,6,main_domain
train_008235,clean,clean,1,32,7,main_domain
train_008236,conflict,conflict,0,44,9,main_domain
train_008237,duplicated_work,duplicated_work,0,44,7,main_domain
train_008238,deadlock,deadlock,0,29,7,main_domain
train_008239,goal_drift,goal_drift,0,34,9,main_domain
train_008240,dropped_handoff,dropped_handoff,0,49,1,main_domain
train_008241,conflict,conflict,1,25,5,main_domain
train_008242,deadlock,deadlock,0,39,9,main_domain
train_008243,clean,clean,1,46,9,main_domain
train_008244,clean,clean,1,81,10,compliance_audit
train_008245,deadlock,deadlock,0,54,10,main_domain
train_008246,goal_drift,goal_drift,0,15,7,main_domain
train_008247,dropped_handoff,clean,0,40,9,main_domain
train_008248,runaway_loop,dropped_handoff,0,31,6,main_domain
train_008249,goal_drift,goal_drift,0,23,9,compliance_audit
train_008250,clean,clean,1,81,9,compliance_audit
train_008251,clean,clean,1,50,1,compliance_audit
train_008252,clean,clean,0,45,9,compliance_audit
train_008253,conflict,conflict,0,45,1,main_domain
train_008254,runaway_loop,deadlock,0,47,9,main_domain
train_008255,clean,clean,1,74,10,main_domain
train_008256,goal_drift,goal_drift,0,16,1,main_domain
train_008257,clean,clean,1,22,5,main_domain
train_008258,clean,clean,1,65,10,main_domain
train_008259,clean,clean,1,19,6,main_domain
train_008260,dropped_handoff,dropped_handoff,1,54,1,main_domain
train_008261,clean,clean,1,34,8,main_domain
train_008262,goal_drift,goal_drift,0,29,10,compliance_audit
train_008263,clean,clean,1,52,1,main_domain
train_008264,dropped_handoff,clean,1,51,10,compliance_audit
train_008265,goal_drift,dropped_handoff,0,64,11,main_domain
train_008266,dropped_handoff,dropped_handoff,0,33,7,compliance_audit
train_008267,deadlock,deadlock,0,22,7,main_domain
train_008268,clean,clean,1,32,7,compliance_audit
train_008269,clean,runaway_loop,1,49,8,main_domain
train_008270,runaway_loop,clean,1,45,10,main_domain
train_008271,clean,clean,0,79,10,main_domain
train_008272,deadlock,conflict,0,56,1,main_domain
train_008273,deadlock,deadlock,0,24,7,main_domain
train_008274,conflict,conflict,0,92,10,main_domain
train_008275,dropped_handoff,dropped_handoff,0,21,6,main_domain
train_008276,runaway_loop,runaway_loop,0,30,5,main_domain
train_008277,goal_drift,runaway_loop,0,32,12,main_domain
train_008278,deadlock,clean,1,36,8,main_domain
train_008279,deadlock,deadlock,0,56,10,main_domain
train_008280,goal_drift,goal_drift,0,24,10,main_domain
train_008281,duplicated_work,conflict,0,40,7,main_domain
train_008282,runaway_loop,runaway_loop,0,26,3,main_domain
train_008283,clean,clean,1,25,7,main_domain
train_008284,deadlock,deadlock,0,46,10,main_domain
train_008285,dropped_handoff,dropped_handoff,0,44,1,main_domain
train_008286,dropped_handoff,dropped_handoff,0,52,9,compliance_audit
train_008287,clean,clean,1,46,9,main_domain
train_008288,clean,clean,1,57,10,compliance_audit
train_008289,goal_drift,goal_drift,0,44,14,main_domain
train_008290,duplicated_work,duplicated_work,1,42,1,main_domain
train_008291,runaway_loop,clean,0,80,1,main_domain
train_008292,runaway_loop,conflict,0,52,9,main_domain
train_008293,dropped_handoff,clean,0,42,9,main_domain
train_008294,duplicated_work,clean,1,64,1,main_domain
train_008295,conflict,conflict,0,25,1,main_domain
train_008296,dropped_handoff,clean,1,57,1,compliance_audit
train_008297,duplicated_work,clean,0,71,10,compliance_audit
train_008298,clean,runaway_loop,1,50,9,main_domain
train_008299,clean,clean,0,52,7,compliance_audit
train_008300,goal_drift,goal_drift,0,37,10,main_domain
train_008301,deadlock,deadlock,0,20,5,main_domain
train_008302,runaway_loop,runaway_loop,1,58,8,compliance_audit
train_008303,duplicated_work,conflict,0,42,9,main_domain
train_008304,dropped_handoff,conflict,0,53,10,compliance_audit
train_008305,duplicated_work,runaway_loop,0,58,9,main_domain
train_008306,duplicated_work,clean,1,56,9,main_domain
train_008307,goal_drift,clean,0,65,1,main_domain
train_008308,dropped_handoff,runaway_loop,0,45,8,main_domain
train_008309,runaway_loop,conflict,0,40,1,compliance_audit
train_008310,duplicated_work,duplicated_work,1,31,1,main_domain
train_008311,duplicated_work,duplicated_work,1,53,7,main_domain
train_008312,deadlock,deadlock,0,23,4,main_domain
train_008313,clean,clean,1,52,10,compliance_audit
train_008314,clean,clean,1,53,9,main_domain
train_008315,goal_drift,goal_drift,0,54,14,main_domain
train_008316,goal_drift,goal_drift,0,10,6,main_domain
train_008317,duplicated_work,duplicated_work,1,33,7,main_domain
train_008318,clean,clean,1,53,8,main_domain
train_008319,dropped_handoff,deadlock,0,78,1,main_domain
train_008320,clean,clean,1,24,7,main_domain
train_008321,conflict,conflict,0,54,9,main_domain
train_008322,deadlock,deadlock,0,15,5,main_domain
train_008323,goal_drift,goal_drift,0,25,9,main_domain
train_008324,runaway_loop,runaway_loop,0,42,9,compliance_audit
train_008325,clean,clean,1,42,9,main_domain
train_008326,goal_drift,goal_drift,0,28,11,main_domain
train_008327,clean,clean,0,62,10,main_domain
train_008328,dropped_handoff,runaway_loop,0,93,10,main_domain
train_008329,duplicated_work,runaway_loop,1,49,8,main_domain
train_008330,duplicated_work,duplicated_work,1,63,8,main_domain
train_008331,conflict,conflict,1,37,8,main_domain
train_008332,duplicated_work,duplicated_work,1,37,8,main_domain
train_008333,duplicated_work,duplicated_work,1,36,6,main_domain
train_008334,deadlock,clean,1,35,1,main_domain
train_008335,clean,clean,1,28,7,main_domain
train_008336,runaway_loop,runaway_loop,1,80,10,main_domain
train_008337,clean,clean,1,50,10,main_domain
train_008338,clean,clean,1,51,1,compliance_audit
train_008339,goal_drift,goal_drift,1,45,12,main_domain
train_008340,clean,clean,1,44,8,main_domain
train_008341,runaway_loop,runaway_loop,0,108,10,compliance_audit
train_008342,clean,clean,1,49,1,main_domain
train_008343,duplicated_work,duplicated_work,1,28,6,main_domain
train_008344,duplicated_work,conflict,1,26,5,main_domain
train_008345,dropped_handoff,dropped_handoff,0,35,8,main_domain
train_008346,clean,clean,1,51,1,main_domain
train_008347,runaway_loop,runaway_loop,0,18,4,compliance_audit
train_008348,duplicated_work,duplicated_work,1,73,8,main_domain
train_008349,conflict,conflict,0,44,1,main_domain
train_008350,dropped_handoff,clean,1,63,8,main_domain
train_008351,runaway_loop,runaway_loop,1,19,4,main_domain
train_008352,goal_drift,clean,1,53,1,main_domain
train_008353,duplicated_work,duplicated_work,0,44,9,main_domain
train_008354,duplicated_work,duplicated_work,1,66,8,compliance_audit
train_008355,clean,clean,1,78,9,main_domain
train_008356,clean,clean,1,50,10,main_domain
train_008357,goal_drift,goal_drift,1,34,10,compliance_audit
train_008358,duplicated_work,duplicated_work,1,47,8,main_domain
train_008359,duplicated_work,duplicated_work,1,59,10,main_domain
train_008360,deadlock,deadlock,0,22,5,main_domain
train_008361,dropped_handoff,clean,0,34,9,main_domain
train_008362,clean,clean,1,36,8,main_domain
train_008363,duplicated_work,duplicated_work,1,34,1,main_domain
train_008364,runaway_loop,runaway_loop,0,82,9,main_domain
train_008365,clean,clean,1,44,8,main_domain
train_008366,runaway_loop,runaway_loop,1,53,10,main_domain
train_008367,goal_drift,goal_drift,0,58,12,compliance_audit
train_008368,duplicated_work,duplicated_work,0,37,8,main_domain
train_008369,deadlock,deadlock,0,34,7,main_domain
train_008370,clean,clean,1,25,7,main_domain
train_008371,dropped_handoff,conflict,0,55,10,main_domain
train_008372,clean,clean,1,61,8,main_domain
train_008373,duplicated_work,duplicated_work,1,29,6,main_domain
train_008374,duplicated_work,duplicated_work,1,22,4,main_domain
train_008375,deadlock,deadlock,0,37,8,compliance_audit
train_008376,goal_drift,goal_drift,0,29,8,compliance_audit
train_008377,clean,clean,1,38,8,main_domain
train_008378,deadlock,deadlock,0,61,9,main_domain
train_008379,runaway_loop,runaway_loop,1,73,10,compliance_audit
train_008380,goal_drift,goal_drift,0,35,11,main_domain
train_008381,goal_drift,goal_drift,0,46,11,compliance_audit
train_008382,clean,clean,1,21,6,compliance_audit
train_008383,clean,clean,1,18,5,main_domain
train_008384,deadlock,deadlock,0,49,1,main_domain
train_008385,clean,clean,1,54,10,compliance_audit
train_008386,runaway_loop,runaway_loop,1,59,9,main_domain
train_008387,conflict,deadlock,0,74,9,main_domain
train_008388,conflict,conflict,0,58,9,main_domain
train_008389,conflict,conflict,1,37,8,main_domain
train_008390,duplicated_work,duplicated_work,1,47,8,main_domain
train_008391,conflict,conflict,0,70,10,compliance_audit
train_008392,runaway_loop,runaway_loop,0,57,9,compliance_audit
train_008393,goal_drift,goal_drift,0,61,14,main_domain
train_008394,duplicated_work,clean,1,58,10,main_domain
train_008395,conflict,conflict,1,36,8,compliance_audit
train_008396,deadlock,deadlock,0,87,1,main_domain
train_008397,goal_drift,goal_drift,0,58,1,main_domain
train_008398,conflict,conflict,0,14,5,compliance_audit
train_008399,clean,clean,1,56,10,main_domain
train_008400,clean,clean,1,73,9,main_domain
train_008401,dropped_handoff,dropped_handoff,0,36,9,main_domain
train_008402,conflict,conflict,0,113,1,main_domain
train_008403,duplicated_work,duplicated_work,1,32,8,main_domain
train_008404,deadlock,deadlock,0,44,7,main_domain
train_008405,dropped_handoff,dropped_handoff,0,71,9,main_domain
train_008406,runaway_loop,runaway_loop,0,52,9,compliance_audit
train_008407,conflict,conflict,1,27,7,compliance_audit
train_008408,clean,clean,0,34,7,main_domain
train_008409,clean,clean,1,36,1,main_domain
train_008410,runaway_loop,runaway_loop,0,31,6,main_domain
train_008411,deadlock,deadlock,0,35,7,main_domain
train_008412,clean,clean,0,55,9,main_domain
train_008413,duplicated_work,conflict,0,76,10,compliance_audit
train_008414,clean,clean,1,41,6,compliance_audit
train_008415,runaway_loop,runaway_loop,0,38,7,main_domain
train_008416,goal_drift,goal_drift,0,18,7,main_domain
train_008417,deadlock,deadlock,0,35,5,main_domain
train_008418,conflict,conflict,0,19,6,main_domain
train_008419,goal_drift,clean,1,50,1,main_domain
train_008420,clean,clean,1,17,1,main_domain
train_008421,dropped_handoff,dropped_handoff,0,19,6,compliance_audit
train_008422,duplicated_work,duplicated_work,1,77,10,main_domain
train_008423,duplicated_work,duplicated_work,1,26,4,main_domain
train_008424,deadlock,deadlock,0,47,9,compliance_audit
train_008425,dropped_handoff,clean,0,49,8,main_domain
train_008426,deadlock,dropped_handoff,0,34,7,compliance_audit
train_008427,deadlock,conflict,0,32,8,main_domain
train_008428,duplicated_work,duplicated_work,1,35,6,main_domain
train_008429,clean,dropped_handoff,1,93,10,compliance_audit
train_008430,deadlock,deadlock,0,45,9,main_domain
train_008431,clean,clean,1,40,10,compliance_audit
train_008432,conflict,conflict,0,37,1,main_domain
train_008433,dropped_handoff,clean,0,47,9,main_domain
train_008434,conflict,conflict,0,30,6,compliance_audit
train_008435,clean,clean,1,49,9,main_domain
train_008436,runaway_loop,runaway_loop,0,79,10,compliance_audit
train_008437,goal_drift,conflict,0,21,9,main_domain
train_008438,runaway_loop,runaway_loop,0,44,7,main_domain
train_008439,clean,clean,1,51,8,main_domain
train_008440,clean,clean,1,47,8,main_domain
train_008441,dropped_handoff,dropped_handoff,0,49,9,main_domain
train_008442,goal_drift,goal_drift,0,23,11,main_domain
train_008443,goal_drift,runaway_loop,0,100,14,compliance_audit
train_008444,clean,conflict,1,59,10,compliance_audit
train_008445,duplicated_work,duplicated_work,1,40,1,main_domain
train_008446,runaway_loop,runaway_loop,0,36,6,main_domain
train_008447,clean,clean,1,88,10,main_domain
train_008448,goal_drift,goal_drift,0,25,9,main_domain
train_008449,duplicated_work,clean,0,75,9,main_domain
train_008450,goal_drift,goal_drift,0,107,13,compliance_audit
train_008451,dropped_handoff,runaway_loop,1,94,10,compliance_audit
train_008452,clean,clean,1,69,9,main_domain
train_008453,conflict,conflict,0,60,9,main_domain
train_008454,conflict,conflict,0,55,10,main_domain
train_008455,clean,clean,1,52,10,main_domain
train_008456,clean,clean,1,53,9,main_domain
train_008457,goal_drift,goal_drift,1,51,14,main_domain
train_008458,duplicated_work,conflict,1,108,10,main_domain
train_008459,clean,clean,1,64,9,main_domain
train_008460,deadlock,dropped_handoff,0,33,8,main_domain
train_008461,clean,clean,1,25,7,main_domain
train_008462,goal_drift,deadlock,1,57,1,main_domain
train_008463,conflict,conflict,0,60,10,main_domain
train_008464,clean,clean,1,46,7,main_domain
train_008465,dropped_handoff,goal_drift,0,17,8,compliance_audit
train_008466,runaway_loop,runaway_loop,0,48,9,main_domain
train_008467,conflict,conflict,1,43,1,main_domain
train_008468,clean,clean,1,51,7,main_domain
train_008469,duplicated_work,duplicated_work,1,39,9,main_domain
train_008470,goal_drift,goal_drift,0,35,11,main_domain
train_008471,deadlock,goal_drift,0,17,9,main_domain
train_008472,runaway_loop,dropped_handoff,0,29,8,main_domain
train_008473,clean,conflict,0,55,9,main_domain
train_008474,conflict,conflict,0,18,5,main_domain
train_008475,duplicated_work,dropped_handoff,0,35,7,main_domain
train_008476,dropped_handoff,dropped_handoff,1,87,10,compliance_audit
train_008477,goal_drift,deadlock,0,28,8,main_domain
train_008478,duplicated_work,duplicated_work,1,51,1,compliance_audit
train_008479,runaway_loop,runaway_loop,0,47,1,compliance_audit
train_008480,dropped_handoff,runaway_loop,0,73,10,compliance_audit
train_008481,conflict,conflict,0,30,9,main_domain
train_008482,deadlock,deadlock,0,39,8,compliance_audit
train_008483,clean,clean,1,54,10,compliance_audit
train_008484,conflict,conflict,1,52,10,main_domain
train_008485,clean,clean,1,52,1,main_domain
train_008486,clean,clean,1,23,5,main_domain
train_008487,clean,clean,1,21,6,main_domain
train_008488,deadlock,clean,0,61,10,main_domain
train_008489,duplicated_work,duplicated_work,1,50,9,main_domain
train_008490,deadlock,deadlock,0,37,1,compliance_audit
train_008491,clean,dropped_handoff,1,42,1,main_domain
train_008492,clean,clean,1,81,10,main_domain
train_008493,goal_drift,goal_drift,0,41,11,main_domain
train_008494,clean,clean,1,46,9,main_domain
train_008495,clean,clean,1,37,8,main_domain
train_008496,duplicated_work,duplicated_work,0,38,9,main_domain
train_008497,clean,dropped_handoff,0,29,1,compliance_audit
train_008498,clean,clean,1,28,7,main_domain
train_008499,duplicated_work,runaway_loop,1,31,5,compliance_audit
train_008500,conflict,conflict,1,21,5,main_domain
train_008501,deadlock,deadlock,0,37,1,main_domain
train_008502,dropped_handoff,dropped_handoff,0,52,1,compliance_audit
train_008503,dropped_handoff,deadlock,0,42,10,compliance_audit
train_008504,deadlock,deadlock,0,39,9,main_domain
train_008505,conflict,goal_drift,0,41,12,main_domain
train_008506,clean,clean,1,29,8,compliance_audit
train_008507,dropped_handoff,dropped_handoff,0,54,10,main_domain
train_008508,duplicated_work,duplicated_work,0,72,10,main_domain
train_008509,clean,clean,1,32,8,main_domain
train_008510,clean,clean,0,34,8,main_domain
train_008511,duplicated_work,goal_drift,0,67,12,main_domain
train_008512,goal_drift,goal_drift,0,23,9,main_domain
train_008513,clean,clean,1,35,8,main_domain
train_008514,deadlock,deadlock,0,33,7,main_domain
train_008515,duplicated_work,clean,0,42,9,main_domain
train_008516,conflict,conflict,1,66,1,main_domain
train_008517,dropped_handoff,dropped_handoff,1,53,7,main_domain
train_008518,goal_drift,goal_drift,0,56,12,main_domain
train_008519,clean,clean,1,69,10,compliance_audit
train_008520,runaway_loop,conflict,0,47,7,main_domain
train_008521,clean,clean,0,33,8,main_domain
train_008522,duplicated_work,duplicated_work,1,27,6,compliance_audit
train_008523,duplicated_work,duplicated_work,1,53,10,compliance_audit
train_008524,clean,clean,1,30,7,main_domain
train_008525,goal_drift,goal_drift,0,126,15,compliance_audit
train_008526,deadlock,deadlock,0,17,6,main_domain
train_008527,goal_drift,goal_drift,0,49,12,main_domain
train_008528,conflict,conflict,1,62,1,compliance_audit
train_008529,dropped_handoff,goal_drift,0,38,11,main_domain
train_008530,clean,clean,1,106,9,main_domain
train_008531,deadlock,deadlock,0,22,6,compliance_audit
train_008532,deadlock,clean,1,97,10,compliance_audit
train_008533,conflict,conflict,0,27,6,main_domain
train_008534,conflict,conflict,0,58,10,main_domain
train_008535,deadlock,deadlock,0,32,6,compliance_audit
train_008536,runaway_loop,runaway_loop,1,26,5,main_domain
train_008537,conflict,conflict,0,47,10,main_domain
train_008538,runaway_loop,runaway_loop,0,42,7,main_domain
train_008539,runaway_loop,runaway_loop,1,48,9,main_domain
train_008540,duplicated_work,clean,1,70,10,main_domain
train_008541,dropped_handoff,dropped_handoff,0,19,6,compliance_audit
train_008542,runaway_loop,runaway_loop,1,71,9,main_domain
train_008543,conflict,conflict,0,52,10,main_domain
train_008544,conflict,conflict,0,15,4,main_domain
train_008545,dropped_handoff,dropped_handoff,0,35,8,main_domain
train_008546,deadlock,dropped_handoff,0,30,8,main_domain
train_008547,runaway_loop,runaway_loop,1,48,8,main_domain
train_008548,duplicated_work,duplicated_work,1,53,10,main_domain
train_008549,clean,clean,1,20,5,main_domain
train_008550,duplicated_work,dropped_handoff,0,66,10,compliance_audit
train_008551,dropped_handoff,dropped_handoff,1,31,8,compliance_audit
train_008552,duplicated_work,duplicated_work,1,51,10,main_domain
train_008553,clean,clean,1,93,10,main_domain
train_008554,dropped_handoff,dropped_handoff,0,33,1,compliance_audit
train_008555,clean,clean,1,24,5,main_domain
train_008556,deadlock,deadlock,0,36,8,main_domain
train_008557,duplicated_work,clean,1,72,9,main_domain
train_008558,clean,clean,1,20,1,compliance_audit
train_008559,runaway_loop,runaway_loop,1,52,7,main_domain
train_008560,clean,clean,1,24,6,compliance_audit
train_008561,duplicated_work,clean,1,34,1,main_domain
train_008562,clean,clean,1,69,8,main_domain
train_008563,deadlock,deadlock,0,35,8,main_domain
train_008564,runaway_loop,runaway_loop,0,40,8,main_domain
train_008565,clean,clean,0,46,9,main_domain
train_008566,conflict,conflict,0,21,5,main_domain
train_008567,conflict,conflict,0,26,5,main_domain
train_008568,clean,clean,0,52,10,compliance_audit
train_008569,goal_drift,goal_drift,0,47,12,main_domain
train_008570,dropped_handoff,dropped_handoff,0,23,6,main_domain
train_008571,dropped_handoff,dropped_handoff,0,15,6,main_domain
train_008572,clean,clean,1,32,9,main_domain
train_008573,dropped_handoff,clean,0,82,10,compliance_audit
train_008574,clean,clean,1,19,5,main_domain
train_008575,clean,clean,1,39,1,main_domain
train_008576,clean,clean,1,40,9,main_domain
train_008577,dropped_handoff,dropped_handoff,0,53,8,main_domain
train_008578,goal_drift,conflict,0,66,1,main_domain
train_008579,duplicated_work,duplicated_work,1,48,8,main_domain
train_008580,runaway_loop,runaway_loop,1,41,7,main_domain
train_008581,goal_drift,goal_drift,0,20,7,main_domain
train_008582,dropped_handoff,dropped_handoff,1,36,7,main_domain
train_008583,deadlock,deadlock,0,31,8,main_domain
train_008584,goal_drift,goal_drift,0,36,10,main_domain
train_008585,runaway_loop,runaway_loop,0,36,7,compliance_audit
train_008586,goal_drift,goal_drift,0,27,11,main_domain
train_008587,conflict,conflict,0,23,1,compliance_audit
train_008588,clean,clean,1,32,8,main_domain
train_008589,clean,clean,1,38,9,main_domain
train_008590,deadlock,dropped_handoff,0,13,6,main_domain
train_008591,deadlock,dropped_handoff,0,59,9,main_domain
train_008592,deadlock,deadlock,0,30,7,main_domain
train_008593,runaway_loop,goal_drift,0,42,12,compliance_audit
train_008594,clean,clean,1,21,6,main_domain
train_008595,goal_drift,goal_drift,0,33,11,main_domain
train_008596,dropped_handoff,dropped_handoff,0,47,9,compliance_audit
train_008597,clean,dropped_handoff,0,86,1,main_domain
train_008598,runaway_loop,runaway_loop,0,27,5,main_domain
train_008599,runaway_loop,runaway_loop,0,29,8,main_domain
train_008600,deadlock,deadlock,0,54,10,main_domain
train_008601,runaway_loop,runaway_loop,0,71,1,main_domain
train_008602,clean,clean,1,74,8,main_domain
train_008603,clean,clean,1,83,10,main_domain
train_008604,dropped_handoff,dropped_handoff,1,46,9,main_domain
train_008605,clean,clean,1,28,1,compliance_audit
train_008606,dropped_handoff,duplicated_work,0,34,6,main_domain
train_008607,clean,clean,1,119,10,compliance_audit
train_008608,goal_drift,goal_drift,0,41,13,main_domain
train_008609,runaway_loop,runaway_loop,1,58,9,main_domain
train_008610,duplicated_work,duplicated_work,1,64,1,main_domain
train_008611,runaway_loop,runaway_loop,1,43,7,main_domain
train_008612,dropped_handoff,duplicated_work,1,69,10,main_domain
train_008613,clean,clean,1,63,1,compliance_audit
train_008614,duplicated_work,clean,1,39,7,main_domain
train_008615,duplicated_work,duplicated_work,1,91,10,main_domain
train_008616,goal_drift,deadlock,0,74,12,main_domain
train_008617,deadlock,deadlock,0,24,6,main_domain
train_008618,duplicated_work,duplicated_work,0,43,10,compliance_audit
train_008619,duplicated_work,duplicated_work,1,51,9,main_domain
train_008620,duplicated_work,clean,1,49,1,main_domain
train_008621,clean,clean,0,24,1,main_domain
train_008622,duplicated_work,duplicated_work,0,29,7,compliance_audit
train_008623,dropped_handoff,clean,1,68,9,main_domain
train_008624,duplicated_work,clean,1,23,3,main_domain
train_008625,dropped_handoff,dropped_handoff,0,101,10,main_domain
train_008626,deadlock,dropped_handoff,0,38,1,main_domain
train_008627,goal_drift,goal_drift,0,44,11,compliance_audit
train_008628,clean,clean,1,37,9,main_domain
train_008629,duplicated_work,duplicated_work,1,39,8,compliance_audit
train_008630,dropped_handoff,deadlock,0,36,9,main_domain
train_008631,dropped_handoff,clean,0,27,1,main_domain
train_008632,conflict,conflict,1,39,8,main_domain
train_008633,runaway_loop,clean,1,60,9,main_domain
train_008634,duplicated_work,duplicated_work,1,64,9,compliance_audit
train_008635,runaway_loop,runaway_loop,1,34,6,main_domain
train_008636,clean,clean,1,50,9,compliance_audit
train_008637,deadlock,deadlock,0,47,1,main_domain
train_008638,runaway_loop,runaway_loop,1,117,10,main_domain
train_008639,conflict,conflict,1,75,10,compliance_audit
train_008640,dropped_handoff,dropped_handoff,0,79,10,compliance_audit
train_008641,clean,clean,1,52,9,main_domain
train_008642,runaway_loop,runaway_loop,0,53,7,compliance_audit
train_008643,clean,clean,1,73,10,main_domain
train_008644,duplicated_work,duplicated_work,0,89,9,compliance_audit
train_008645,dropped_handoff,dropped_handoff,0,35,9,main_domain
train_008646,clean,clean,1,32,7,main_domain
train_008647,clean,clean,1,110,10,compliance_audit
train_008648,runaway_loop,clean,1,45,9,main_domain
train_008649,runaway_loop,runaway_loop,1,41,7,main_domain
train_008650,duplicated_work,duplicated_work,1,33,7,main_domain
train_008651,duplicated_work,duplicated_work,1,57,12,main_domain
train_008652,goal_drift,goal_drift,0,64,12,compliance_audit
train_008653,dropped_handoff,dropped_handoff,0,13,5,compliance_audit
train_008654,runaway_loop,runaway_loop,0,38,11,main_domain
train_008655,goal_drift,goal_drift,0,48,14,main_domain
train_008656,deadlock,deadlock,0,15,1,main_domain
train_008657,duplicated_work,clean,1,27,6,main_domain
train_008658,conflict,conflict,0,37,1,main_domain
train_008659,goal_drift,goal_drift,0,40,11,main_domain
train_008660,conflict,conflict,0,47,1,compliance_audit
train_008661,duplicated_work,clean,0,25,6,main_domain
train_008662,clean,clean,0,62,10,main_domain
train_008663,clean,clean,1,43,10,main_domain
train_008664,deadlock,runaway_loop,0,56,8,main_domain
train_008665,clean,deadlock,0,21,5,main_domain
train_008666,dropped_handoff,duplicated_work,1,62,10,main_domain
train_008667,duplicated_work,deadlock,0,83,10,main_domain
train_008668,conflict,conflict,0,35,1,compliance_audit
train_008669,conflict,conflict,1,39,7,main_domain
train_008670,clean,clean,1,30,7,main_domain
train_008671,conflict,conflict,1,30,7,main_domain
train_008672,clean,runaway_loop,0,75,1,main_domain
train_008673,clean,clean,1,40,9,compliance_audit
train_008674,deadlock,deadlock,0,16,5,main_domain
train_008675,runaway_loop,runaway_loop,1,65,10,main_domain
train_008676,dropped_handoff,dropped_handoff,0,25,8,main_domain
train_008677,dropped_handoff,deadlock,0,38,1,main_domain
train_008678,dropped_handoff,dropped_handoff,1,69,10,main_domain
train_008679,deadlock,conflict,0,69,9,main_domain
train_008680,clean,clean,1,43,8,main_domain
train_008681,dropped_handoff,clean,1,80,10,main_domain
train_008682,deadlock,deadlock,0,44,9,main_domain
train_008683,clean,clean,1,29,1,main_domain
train_008684,clean,clean,1,44,1,main_domain
train_008685,clean,clean,1,54,9,main_domain
train_008686,dropped_handoff,deadlock,0,47,9,main_domain
train_008687,runaway_loop,runaway_loop,0,58,8,compliance_audit
train_008688,runaway_loop,runaway_loop,0,43,1,main_domain
train_008689,dropped_handoff,dropped_handoff,0,31,1,main_domain
train_008690,dropped_handoff,dropped_handoff,0,38,9,compliance_audit
train_008691,clean,runaway_loop,0,101,10,compliance_audit
train_008692,runaway_loop,runaway_loop,0,29,9,main_domain
train_008693,runaway_loop,clean,0,61,10,compliance_audit
train_008694,goal_drift,goal_drift,0,58,13,main_domain
train_008695,conflict,conflict,0,37,9,main_domain
train_008696,clean,clean,0,58,9,main_domain
train_008697,clean,clean,1,23,5,main_domain
train_008698,conflict,conflict,0,75,1,compliance_audit
train_008699,goal_drift,clean,0,63,14,main_domain
train_008700,clean,dropped_handoff,0,22,6,compliance_audit
train_008701,duplicated_work,duplicated_work,1,53,9,main_domain
train_008702,duplicated_work,duplicated_work,1,50,9,main_domain
train_008703,goal_drift,goal_drift,0,21,9,main_domain
train_008704,dropped_handoff,dropped_handoff,1,37,8,main_domain
train_008705,clean,clean,0,40,9,main_domain
train_008706,clean,clean,1,34,8,main_domain
train_008707,conflict,conflict,1,59,10,main_domain
train_008708,goal_drift,goal_drift,0,90,14,main_domain
train_008709,duplicated_work,conflict,1,81,1,compliance_audit
train_008710,conflict,conflict,0,54,10,main_domain
train_008711,clean,clean,1,71,9,compliance_audit
train_008712,runaway_loop,runaway_loop,1,75,9,main_domain
train_008713,duplicated_work,deadlock,0,31,7,compliance_audit
train_008714,conflict,conflict,0,34,9,compliance_audit
train_008715,deadlock,deadlock,0,35,7,main_domain
train_008716,duplicated_work,duplicated_work,1,37,6,main_domain
train_008717,clean,clean,1,44,9,main_domain
train_008718,deadlock,goal_drift,0,42,12,compliance_audit
train_008719,clean,clean,1,47,10,main_domain
train_008720,clean,clean,1,70,1,main_domain
train_008721,conflict,conflict,1,67,8,main_domain
train_008722,runaway_loop,runaway_loop,0,47,8,main_domain
train_008723,runaway_loop,runaway_loop,0,58,8,main_domain
train_008724,deadlock,deadlock,0,31,8,main_domain
train_008725,clean,deadlock,0,32,1,main_domain
train_008726,deadlock,deadlock,0,28,7,compliance_audit
train_008727,clean,clean,1,17,5,main_domain
train_008728,goal_drift,goal_drift,1,61,11,main_domain
train_008729,goal_drift,goal_drift,0,29,10,main_domain
train_008730,clean,clean,1,31,8,compliance_audit
train_008731,dropped_handoff,dropped_handoff,1,51,9,main_domain
train_008732,clean,deadlock,1,49,7,main_domain
train_008733,runaway_loop,goal_drift,1,60,11,main_domain
train_008734,conflict,conflict,0,18,6,main_domain
train_008735,goal_drift,goal_drift,0,30,9,main_domain
train_008736,runaway_loop,deadlock,0,62,9,main_domain
train_008737,duplicated_work,duplicated_work,1,32,5,main_domain
train_008738,clean,clean,1,53,9,main_domain
train_008739,clean,clean,1,29,7,main_domain
train_008740,clean,clean,1,46,8,main_domain
train_008741,deadlock,goal_drift,0,53,13,compliance_audit
train_008742,runaway_loop,runaway_loop,0,35,6,compliance_audit
train_008743,conflict,conflict,0,46,9,compliance_audit
train_008744,goal_drift,goal_drift,0,41,10,main_domain
train_008745,clean,clean,1,53,1,compliance_audit
train_008746,deadlock,runaway_loop,0,63,10,compliance_audit
train_008747,clean,clean,0,25,7,main_domain
train_008748,deadlock,deadlock,0,43,8,main_domain
train_008749,clean,clean,1,38,7,main_domain
train_008750,duplicated_work,duplicated_work,1,54,11,compliance_audit
train_008751,clean,clean,1,67,10,main_domain
train_008752,clean,clean,1,48,1,main_domain
train_008753,deadlock,deadlock,0,28,7,main_domain
train_008754,duplicated_work,duplicated_work,0,71,1,main_domain
train_008755,clean,clean,1,53,8,compliance_audit
train_008756,dropped_handoff,goal_drift,0,59,1,main_domain
train_008757,goal_drift,goal_drift,0,83,13,main_domain
train_008758,duplicated_work,duplicated_work,1,33,1,main_domain
train_008759,duplicated_work,duplicated_work,0,47,10,main_domain
train_008760,conflict,conflict,1,49,10,main_domain
train_008761,clean,clean,1,36,9,main_domain
train_008762,duplicated_work,duplicated_work,1,29,5,compliance_audit
train_008763,goal_drift,runaway_loop,0,35,1,compliance_audit
train_008764,clean,clean,1,56,1,compliance_audit
train_008765,goal_drift,goal_drift,0,23,9,main_domain
train_008766,clean,clean,1,61,8,main_domain
train_008767,runaway_loop,runaway_loop,1,44,8,main_domain
train_008768,dropped_handoff,dropped_handoff,0,45,1,main_domain
train_008769,duplicated_work,duplicated_work,1,37,6,main_domain
train_008770,dropped_handoff,duplicated_work,1,50,10,main_domain
train_008771,deadlock,deadlock,0,12,4,main_domain
train_008772,deadlock,conflict,0,46,9,main_domain
train_008773,duplicated_work,clean,0,18,4,compliance_audit
train_008774,runaway_loop,runaway_loop,0,50,10,compliance_audit
train_008775,runaway_loop,clean,1,32,9,compliance_audit
train_008776,clean,clean,1,36,8,main_domain
train_008777,conflict,conflict,1,100,10,compliance_audit
train_008778,duplicated_work,duplicated_work,1,50,10,main_domain
train_008779,deadlock,deadlock,0,69,9,main_domain
train_008780,duplicated_work,clean,1,19,6,main_domain
train_008781,goal_drift,goal_drift,0,31,9,main_domain
train_008782,conflict,conflict,0,33,7,main_domain
train_008783,goal_drift,goal_drift,0,19,7,compliance_audit
train_008784,conflict,conflict,0,63,10,main_domain
train_008785,dropped_handoff,clean,0,59,9,main_domain
train_008786,clean,dropped_handoff,1,35,7,main_domain
train_008787,goal_drift,goal_drift,0,70,14,main_domain
train_008788,conflict,conflict,1,33,7,compliance_audit
train_008789,runaway_loop,runaway_loop,0,51,1,main_domain
train_008790,conflict,conflict,0,15,1,main_domain
train_008791,conflict,conflict,0,51,9,compliance_audit
train_008792,runaway_loop,runaway_loop,0,49,10,main_domain
train_008793,clean,clean,1,21,6,main_domain
train_008794,runaway_loop,deadlock,1,37,7,compliance_audit
train_008795,deadlock,deadlock,0,33,7,main_domain
train_008796,runaway_loop,deadlock,0,42,7,compliance_audit
train_008797,clean,clean,1,37,9,main_domain
train_008798,clean,clean,1,60,10,main_domain
train_008799,clean,clean,1,27,7,compliance_audit
train_008800,runaway_loop,runaway_loop,0,22,4,main_domain
train_008801,dropped_handoff,dropped_handoff,0,79,10,main_domain
train_008802,dropped_handoff,clean,0,32,9,main_domain
train_008803,conflict,conflict,0,25,8,main_domain
train_008804,conflict,conflict,0,71,10,compliance_audit
train_008805,clean,clean,1,30,8,main_domain
train_008806,duplicated_work,clean,1,52,10,main_domain
train_008807,runaway_loop,runaway_loop,1,81,7,compliance_audit
train_008808,conflict,clean,1,45,10,main_domain
train_008809,runaway_loop,runaway_loop,0,47,9,main_domain
train_008810,dropped_handoff,deadlock,0,44,9,main_domain
train_008811,dropped_handoff,runaway_loop,1,39,6,main_domain
train_008812,conflict,conflict,0,58,10,compliance_audit
train_008813,duplicated_work,duplicated_work,1,68,8,main_domain
train_008814,dropped_handoff,dropped_handoff,0,47,10,main_domain
train_008815,runaway_loop,runaway_loop,0,46,10,main_domain
train_008816,clean,clean,1,44,10,main_domain
train_008817,runaway_loop,deadlock,0,76,10,main_domain
train_008818,clean,clean,1,38,9,compliance_audit
train_008819,dropped_handoff,dropped_handoff,1,52,9,main_domain
train_008820,clean,clean,1,26,8,main_domain
train_008821,runaway_loop,runaway_loop,0,53,7,main_domain
train_008822,deadlock,runaway_loop,0,44,5,main_domain
train_008823,deadlock,deadlock,0,40,9,main_domain
train_008824,runaway_loop,clean,1,37,8,compliance_audit
train_008825,clean,clean,1,20,6,main_domain
train_008826,dropped_handoff,dropped_handoff,0,38,8,main_domain
train_008827,dropped_handoff,dropped_handoff,0,47,10,compliance_audit
train_008828,duplicated_work,duplicated_work,1,53,7,main_domain
train_008829,runaway_loop,runaway_loop,0,38,10,main_domain
train_008830,goal_drift,goal_drift,0,34,10,main_domain
train_008831,deadlock,runaway_loop,0,56,9,main_domain
train_008832,clean,clean,1,21,5,main_domain
train_008833,runaway_loop,runaway_loop,0,30,6,main_domain
train_008834,duplicated_work,duplicated_work,0,30,1,main_domain
train_008835,runaway_loop,runaway_loop,0,36,6,main_domain
train_008836,goal_drift,goal_drift,0,62,14,main_domain
train_008837,conflict,conflict,1,55,9,main_domain
train_008838,clean,clean,1,49,10,compliance_audit
train_008839,dropped_handoff,dropped_handoff,0,36,9,compliance_audit
train_008840,dropped_handoff,dropped_handoff,0,46,10,main_domain
train_008841,conflict,conflict,0,22,6,main_domain
train_008842,clean,clean,0,59,9,main_domain
train_008843,clean,clean,1,26,5,main_domain
train_008844,duplicated_work,goal_drift,1,59,13,compliance_audit
train_008845,runaway_loop,runaway_loop,1,35,6,compliance_audit
train_008846,duplicated_work,duplicated_work,1,91,9,compliance_audit
train_008847,conflict,conflict,0,47,9,main_domain
train_008848,deadlock,deadlock,0,33,7,main_domain
train_008849,clean,clean,1,51,10,main_domain
train_008850,dropped_handoff,dropped_handoff,0,31,1,main_domain
train_008851,duplicated_work,clean,1,46,10,main_domain
train_008852,deadlock,deadlock,0,67,8,compliance_audit
train_008853,duplicated_work,conflict,1,52,10,main_domain
train_008854,dropped_handoff,clean,0,47,9,main_domain
train_008855,clean,clean,1,15,3,compliance_audit
train_008856,conflict,conflict,1,29,5,compliance_audit
train_008857,deadlock,clean,0,48,10,main_domain
train_008858,goal_drift,goal_drift,0,48,12,main_domain
train_008859,dropped_handoff,deadlock,0,53,9,compliance_audit
train_008860,duplicated_work,duplicated_work,1,35,6,main_domain
train_008861,clean,clean,1,41,8,main_domain
train_008862,clean,clean,1,25,7,main_domain
train_008863,deadlock,deadlock,0,66,1,main_domain
train_008864,dropped_handoff,dropped_handoff,0,12,1,main_domain
train_008865,goal_drift,goal_drift,0,33,10,compliance_audit
train_008866,clean,clean,1,65,9,main_domain
train_008867,conflict,conflict,0,83,9,compliance_audit
train_008868,deadlock,deadlock,1,44,7,compliance_audit
train_008869,clean,clean,1,23,6,main_domain
train_008870,clean,clean,1,55,9,main_domain
train_008871,conflict,conflict,1,38,7,main_domain
train_008872,clean,clean,1,87,10,compliance_audit
train_008873,clean,deadlock,0,38,6,main_domain
train_008874,clean,deadlock,1,23,3,main_domain
train_008875,duplicated_work,duplicated_work,1,73,9,main_domain
train_008876,clean,dropped_handoff,0,21,5,main_domain
train_008877,runaway_loop,runaway_loop,1,43,7,compliance_audit
train_008878,goal_drift,goal_drift,0,34,11,main_domain
train_008879,duplicated_work,clean,1,39,8,main_domain
train_008880,duplicated_work,clean,1,56,9,main_domain
train_008881,clean,clean,1,17,5,main_domain
train_008882,conflict,conflict,0,43,10,compliance_audit
train_008883,duplicated_work,clean,0,38,7,main_domain
train_008884,conflict,conflict,0,38,9,main_domain
train_008885,clean,clean,1,25,7,main_domain
train_008886,runaway_loop,runaway_loop,0,53,9,main_domain
train_008887,dropped_handoff,dropped_handoff,1,34,1,main_domain
train_008888,clean,clean,1,45,10,compliance_audit
train_008889,deadlock,deadlock,0,17,5,main_domain
train_008890,clean,clean,1,91,1,main_domain
train_008891,deadlock,deadlock,0,47,9,main_domain
train_008892,duplicated_work,clean,1,34,8,main_domain
train_008893,clean,clean,1,44,8,main_domain
train_008894,deadlock,deadlock,0,21,5,compliance_audit
train_008895,runaway_loop,runaway_loop,1,58,10,main_domain
train_008896,clean,clean,1,92,10,main_domain
train_008897,duplicated_work,clean,1,43,9,main_domain
train_008898,duplicated_work,dropped_handoff,1,31,6,main_domain
train_008899,goal_drift,goal_drift,0,50,12,compliance_audit
train_008900,deadlock,deadlock,0,22,6,main_domain
train_008901,dropped_handoff,duplicated_work,1,34,9,main_domain
train_008902,conflict,conflict,1,43,7,compliance_audit
train_008903,clean,clean,1,69,10,main_domain
train_008904,goal_drift,goal_drift,0,66,13,main_domain
train_008905,deadlock,deadlock,0,38,9,main_domain
train_008906,dropped_handoff,dropped_handoff,0,30,6,main_domain
train_008907,deadlock,deadlock,0,21,4,main_domain
train_008908,duplicated_work,duplicated_work,1,53,1,main_domain
train_008909,runaway_loop,runaway_loop,0,60,9,main_domain
train_008910,runaway_loop,clean,1,50,10,main_domain
train_008911,runaway_loop,runaway_loop,0,43,10,compliance_audit
train_008912,dropped_handoff,clean,1,62,10,compliance_audit
train_008913,clean,clean,1,34,1,compliance_audit
train_008914,goal_drift,goal_drift,0,38,12,compliance_audit
train_008915,goal_drift,goal_drift,0,45,11,main_domain
train_008916,goal_drift,duplicated_work,1,28,8,compliance_audit
train_008917,dropped_handoff,duplicated_work,1,40,6,main_domain
train_008918,conflict,conflict,0,43,9,main_domain
train_008919,clean,deadlock,1,31,6,main_domain
train_008920,deadlock,deadlock,0,61,9,compliance_audit
train_008921,clean,clean,1,30,8,compliance_audit
train_008922,duplicated_work,clean,1,34,7,main_domain
train_008923,goal_drift,goal_drift,0,104,13,compliance_audit
train_008924,conflict,conflict,1,51,9,main_domain
train_008925,conflict,conflict,1,30,8,main_domain
train_008926,conflict,conflict,0,50,10,main_domain
train_008927,duplicated_work,duplicated_work,1,36,9,main_domain
train_008928,goal_drift,goal_drift,0,42,13,main_domain
train_008929,dropped_handoff,dropped_handoff,0,14,5,main_domain
train_008930,goal_drift,goal_drift,0,51,14,main_domain
train_008931,deadlock,clean,1,34,7,main_domain
train_008932,clean,clean,1,27,5,compliance_audit
train_008933,clean,clean,1,61,10,compliance_audit
train_008934,duplicated_work,duplicated_work,1,36,7,compliance_audit
train_008935,clean,clean,1,42,10,compliance_audit
train_008936,runaway_loop,runaway_loop,0,31,6,compliance_audit
train_008937,dropped_handoff,dropped_handoff,0,13,4,main_domain
train_008938,clean,clean,1,48,8,main_domain
train_008939,dropped_handoff,dropped_handoff,0,35,7,main_domain
train_008940,clean,clean,1,41,8,main_domain
train_008941,duplicated_work,clean,0,57,10,main_domain
train_008942,deadlock,deadlock,0,27,7,main_domain
train_008943,clean,clean,0,54,9,main_domain
train_008944,clean,dropped_handoff,0,45,8,main_domain
train_008945,runaway_loop,runaway_loop,0,54,8,compliance_audit
train_008946,clean,clean,0,35,1,main_domain
train_008947,deadlock,deadlock,0,46,10,main_domain
train_008948,goal_drift,goal_drift,0,57,13,main_domain
train_008949,clean,clean,1,20,5,main_domain
train_008950,duplicated_work,duplicated_work,1,19,5,main_domain
train_008951,duplicated_work,duplicated_work,1,76,9,compliance_audit
train_008952,deadlock,clean,0,75,10,main_domain
train_008953,deadlock,dropped_handoff,0,37,8,compliance_audit
train_008954,clean,clean,1,33,1,main_domain
train_008955,clean,clean,1,40,8,compliance_audit
train_008956,conflict,conflict,0,34,7,compliance_audit
train_008957,dropped_handoff,dropped_handoff,0,30,7,compliance_audit
train_008958,clean,clean,1,31,8,main_domain
train_008959,dropped_handoff,dropped_handoff,0,52,9,compliance_audit
train_008960,conflict,conflict,0,39,8,main_domain
train_008961,runaway_loop,runaway_loop,0,56,7,compliance_audit
train_008962,dropped_handoff,dropped_handoff,0,23,7,main_domain
train_008963,clean,clean,1,49,10,main_domain
train_008964,clean,clean,1,51,9,main_domain
train_008965,clean,clean,1,79,10,compliance_audit
train_008966,deadlock,goal_drift,0,68,11,main_domain
train_008967,conflict,runaway_loop,0,94,10,compliance_audit
train_008968,dropped_handoff,dropped_handoff,0,39,8,main_domain
train_008969,clean,clean,1,18,5,main_domain
train_008970,runaway_loop,runaway_loop,0,42,6,main_domain
train_008971,deadlock,runaway_loop,0,37,9,main_domain
train_008972,runaway_loop,runaway_loop,0,41,1,compliance_audit
train_008973,goal_drift,goal_drift,0,38,11,main_domain
train_008974,conflict,conflict,1,67,9,main_domain
train_008975,dropped_handoff,dropped_handoff,0,16,1,compliance_audit
train_008976,clean,clean,1,53,9,compliance_audit
train_008977,clean,clean,1,24,7,main_domain
train_008978,clean,dropped_handoff,0,45,9,main_domain
train_008979,conflict,conflict,0,35,1,compliance_audit
train_008980,clean,clean,1,40,9,main_domain
train_008981,goal_drift,goal_drift,0,71,12,main_domain
train_008982,clean,deadlock,0,66,10,main_domain
train_008983,duplicated_work,conflict,0,46,1,main_domain
train_008984,conflict,conflict,1,61,10,main_domain
train_008985,clean,clean,1,37,9,main_domain
train_008986,duplicated_work,duplicated_work,1,53,8,compliance_audit
train_008987,conflict,conflict,0,33,6,main_domain
train_008988,dropped_handoff,conflict,0,73,10,main_domain
train_008989,goal_drift,clean,0,45,12,main_domain
train_008990,goal_drift,goal_drift,0,33,11,compliance_audit
train_008991,conflict,conflict,0,17,4,compliance_audit
train_008992,clean,clean,1,61,10,main_domain
train_008993,clean,clean,1,65,8,main_domain
train_008994,goal_drift,goal_drift,0,22,9,main_domain
train_008995,clean,clean,1,58,9,main_domain
train_008996,dropped_handoff,dropped_handoff,0,26,7,main_domain
train_008997,conflict,conflict,0,15,5,main_domain
train_008998,clean,clean,1,26,7,main_domain
train_008999,duplicated_work,duplicated_work,1,28,5,main_domain
train_009000,clean,deadlock,0,62,1,compliance_audit
train_009001,clean,clean,1,45,9,compliance_audit
train_009002,dropped_handoff,dropped_handoff,0,41,6,main_domain
train_009003,deadlock,goal_drift,0,32,10,compliance_audit
train_009004,runaway_loop,runaway_loop,1,34,1,main_domain
train_009005,conflict,conflict,0,36,1,compliance_audit
train_009006,duplicated_work,dropped_handoff,0,24,7,main_domain
train_009007,duplicated_work,deadlock,0,39,6,compliance_audit
train_009008,runaway_loop,clean,0,42,8,compliance_audit
train_009009,runaway_loop,runaway_loop,0,44,7,main_domain
train_009010,deadlock,deadlock,0,93,1,main_domain
train_009011,dropped_handoff,dropped_handoff,0,40,7,compliance_audit
train_009012,conflict,conflict,1,60,9,compliance_audit
train_009013,dropped_handoff,clean,0,45,8,main_domain
train_009014,deadlock,conflict,0,94,10,main_domain
train_009015,conflict,conflict,0,39,8,main_domain
train_009016,runaway_loop,clean,1,58,9,main_domain
train_009017,runaway_loop,runaway_loop,0,47,8,main_domain
train_009018,runaway_loop,clean,0,47,10,compliance_audit
train_009019,clean,clean,1,37,7,main_domain
train_009020,clean,clean,0,43,8,compliance_audit
train_009021,clean,clean,1,40,1,compliance_audit
train_009022,duplicated_work,duplicated_work,0,41,9,main_domain
train_009023,dropped_handoff,duplicated_work,1,22,6,main_domain
train_009024,dropped_handoff,dropped_handoff,0,14,6,compliance_audit
train_009025,conflict,conflict,0,21,5,main_domain
train_009026,duplicated_work,duplicated_work,1,51,9,compliance_audit
train_009027,clean,clean,1,44,6,main_domain
train_009028,clean,clean,1,43,7,compliance_audit
train_009029,runaway_loop,goal_drift,0,127,14,compliance_audit
train_009030,deadlock,clean,0,107,10,main_domain
train_009031,dropped_handoff,dropped_handoff,0,37,1,main_domain
train_009032,goal_drift,goal_drift,0,40,10,main_domain
train_009033,dropped_handoff,dropped_handoff,0,24,8,main_domain
train_009034,clean,dropped_handoff,0,44,9,compliance_audit
train_009035,clean,clean,1,41,9,main_domain
train_009036,deadlock,deadlock,0,20,5,main_domain
train_009037,deadlock,deadlock,0,48,10,main_domain
train_009038,duplicated_work,duplicated_work,1,51,10,main_domain
train_009039,conflict,conflict,0,45,7,main_domain
train_009040,runaway_loop,conflict,0,45,9,main_domain
train_009041,conflict,conflict,1,49,9,compliance_audit
train_009042,goal_drift,goal_drift,0,29,11,main_domain
train_009043,conflict,conflict,0,47,9,main_domain
train_009044,deadlock,dropped_handoff,0,55,9,main_domain
train_009045,clean,clean,1,36,7,main_domain
train_009046,dropped_handoff,runaway_loop,0,27,6,main_domain
train_009047,clean,dropped_handoff,0,79,9,compliance_audit
train_009048,dropped_handoff,dropped_handoff,0,37,9,main_domain
train_009049,dropped_handoff,runaway_loop,0,69,10,compliance_audit
train_009050,conflict,conflict,1,46,8,main_domain
train_009051,runaway_loop,runaway_loop,0,67,10,main_domain
train_009052,clean,clean,1,25,6,main_domain
train_009053,conflict,conflict,1,49,9,main_domain
train_009054,runaway_loop,runaway_loop,0,96,9,main_domain
train_009055,clean,clean,1,22,6,main_domain
train_009056,deadlock,deadlock,0,46,10,main_domain
train_009057,clean,clean,1,48,9,main_domain
train_009058,clean,clean,0,80,9,compliance_audit
train_009059,dropped_handoff,dropped_handoff,0,39,9,compliance_audit
train_009060,dropped_handoff,conflict,0,52,10,compliance_audit
train_009061,goal_drift,clean,1,40,1,compliance_audit
train_009062,clean,clean,1,18,6,main_domain
train_009063,clean,clean,1,73,1,main_domain
train_009064,dropped_handoff,dropped_handoff,0,39,9,compliance_audit
train_009065,runaway_loop,runaway_loop,1,37,6,main_domain
train_009066,clean,clean,1,55,10,compliance_audit
train_009067,duplicated_work,duplicated_work,1,37,6,main_domain
train_009068,deadlock,deadlock,0,44,8,main_domain
train_009069,dropped_handoff,clean,1,41,10,main_domain
train_009070,duplicated_work,clean,1,79,10,main_domain
train_009071,goal_drift,goal_drift,0,22,9,main_domain
train_009072,clean,clean,1,25,6,main_domain
train_009073,dropped_handoff,conflict,0,41,9,compliance_audit
train_009074,clean,clean,1,42,10,main_domain
train_009075,runaway_loop,dropped_handoff,0,32,8,main_domain
train_009076,dropped_handoff,dropped_handoff,0,21,6,main_domain
train_009077,deadlock,deadlock,0,64,10,compliance_audit
train_009078,conflict,conflict,0,36,9,main_domain
train_009079,conflict,conflict,0,46,10,compliance_audit
train_009080,clean,clean,1,76,10,main_domain
train_009081,clean,clean,1,56,1,main_domain
train_009082,goal_drift,goal_drift,0,78,15,main_domain
train_009083,dropped_handoff,dropped_handoff,0,29,8,main_domain
train_009084,duplicated_work,duplicated_work,1,94,1,main_domain
train_009085,runaway_loop,runaway_loop,0,58,10,compliance_audit
train_009086,runaway_loop,runaway_loop,1,69,9,main_domain
train_009087,duplicated_work,conflict,1,35,7,main_domain
train_009088,clean,clean,1,44,9,main_domain
train_009089,dropped_handoff,dropped_handoff,0,22,5,compliance_audit
train_009090,conflict,conflict,0,35,1,main_domain
train_009091,clean,clean,1,31,7,main_domain
train_009092,clean,clean,1,49,9,main_domain
train_009093,conflict,conflict,0,26,1,main_domain
train_009094,conflict,dropped_handoff,0,14,4,main_domain
train_009095,duplicated_work,duplicated_work,1,66,9,main_domain
train_009096,deadlock,clean,1,35,8,main_domain
train_009097,runaway_loop,runaway_loop,0,56,8,main_domain
train_009098,deadlock,deadlock,0,43,8,compliance_audit
train_009099,goal_drift,goal_drift,0,35,11,compliance_audit
train_009100,goal_drift,conflict,0,38,11,compliance_audit
train_009101,duplicated_work,clean,0,36,8,compliance_audit
train_009102,runaway_loop,runaway_loop,0,57,9,main_domain
train_009103,clean,clean,1,69,10,main_domain
train_009104,conflict,conflict,1,52,12,main_domain
train_009105,dropped_handoff,duplicated_work,1,59,8,main_domain
train_009106,runaway_loop,runaway_loop,0,59,10,main_domain
train_009107,conflict,conflict,0,43,8,main_domain
train_009108,duplicated_work,duplicated_work,1,79,10,main_domain
train_009109,conflict,clean,1,26,6,main_domain
train_009110,clean,clean,1,39,9,main_domain
train_009111,deadlock,deadlock,0,24,7,main_domain
train_009112,clean,clean,1,32,9,main_domain
train_009113,duplicated_work,duplicated_work,0,28,6,main_domain
train_009114,clean,clean,1,36,8,main_domain
train_009115,clean,clean,1,43,10,main_domain
train_009116,clean,clean,1,47,10,main_domain
train_009117,goal_drift,goal_drift,1,69,15,main_domain
train_009118,deadlock,deadlock,0,38,7,main_domain
train_009119,runaway_loop,runaway_loop,0,63,7,main_domain
train_009120,clean,clean,1,29,6,compliance_audit
train_009121,clean,clean,1,40,8,main_domain
train_009122,duplicated_work,duplicated_work,0,34,6,compliance_audit
train_009123,duplicated_work,duplicated_work,1,75,10,main_domain
train_009124,conflict,conflict,1,53,9,main_domain
train_009125,clean,clean,1,35,6,main_domain
train_009126,conflict,conflict,1,35,7,compliance_audit
train_009127,clean,clean,1,41,8,main_domain
train_009128,runaway_loop,runaway_loop,0,68,8,main_domain
train_009129,conflict,conflict,1,69,10,main_domain
train_009130,dropped_handoff,dropped_handoff,0,36,6,compliance_audit
train_009131,goal_drift,goal_drift,0,60,12,main_domain
train_009132,conflict,conflict,0,32,1,main_domain
train_009133,goal_drift,goal_drift,0,50,12,main_domain
train_009134,goal_drift,goal_drift,0,51,14,main_domain
train_009135,deadlock,clean,0,56,9,main_domain
train_009136,goal_drift,runaway_loop,0,29,9,main_domain
train_009137,duplicated_work,clean,1,34,1,main_domain
train_009138,goal_drift,goal_drift,0,64,13,main_domain
train_009139,dropped_handoff,dropped_handoff,0,19,6,main_domain
train_009140,clean,clean,1,66,9,main_domain
train_009141,deadlock,conflict,0,21,6,main_domain
train_009142,duplicated_work,duplicated_work,1,37,8,main_domain
train_009143,clean,clean,1,54,9,main_domain
train_009144,conflict,conflict,0,54,9,main_domain
train_009145,duplicated_work,duplicated_work,0,23,5,main_domain
train_009146,dropped_handoff,dropped_handoff,0,21,7,main_domain
train_009147,dropped_handoff,dropped_handoff,0,38,9,compliance_audit
train_009148,clean,clean,1,41,9,main_domain
train_009149,dropped_handoff,deadlock,0,35,7,main_domain
train_009150,duplicated_work,duplicated_work,1,66,10,main_domain
train_009151,deadlock,deadlock,0,50,10,compliance_audit
train_009152,duplicated_work,duplicated_work,1,41,1,main_domain
train_009153,clean,clean,0,47,9,compliance_audit
train_009154,runaway_loop,runaway_loop,0,44,8,main_domain
train_009155,duplicated_work,duplicated_work,1,26,5,main_domain
train_009156,dropped_handoff,deadlock,0,62,1,main_domain
train_009157,dropped_handoff,dropped_handoff,0,49,8,main_domain
train_009158,deadlock,deadlock,0,23,6,compliance_audit
train_009159,goal_drift,goal_drift,0,49,13,main_domain
train_009160,duplicated_work,conflict,0,32,7,main_domain
train_009161,clean,clean,1,50,10,main_domain
train_009162,conflict,conflict,0,26,7,compliance_audit
train_009163,deadlock,clean,1,57,9,main_domain
train_009164,duplicated_work,clean,1,28,1,main_domain
train_009165,clean,clean,1,14,4,compliance_audit
train_009166,duplicated_work,duplicated_work,1,40,7,main_domain
train_009167,clean,clean,1,30,8,main_domain
train_009168,clean,clean,1,29,7,main_domain
train_009169,goal_drift,goal_drift,0,66,1,main_domain
train_009170,goal_drift,goal_drift,1,45,14,compliance_audit
train_009171,deadlock,deadlock,0,28,1,main_domain
train_009172,conflict,conflict,0,64,10,main_domain
train_009173,runaway_loop,runaway_loop,0,70,10,main_domain
train_009174,duplicated_work,duplicated_work,1,53,9,compliance_audit
train_009175,deadlock,clean,0,49,10,main_domain
train_009176,conflict,conflict,1,44,7,main_domain
train_009177,dropped_handoff,conflict,0,31,1,main_domain
train_009178,duplicated_work,duplicated_work,1,31,8,main_domain
train_009179,duplicated_work,clean,1,79,10,main_domain
train_009180,clean,clean,1,58,9,main_domain
train_009181,runaway_loop,runaway_loop,0,49,9,main_domain
train_009182,clean,clean,1,40,8,compliance_audit
train_009183,clean,clean,1,30,7,main_domain
train_009184,clean,clean,1,70,1,main_domain
train_009185,clean,clean,1,59,9,main_domain
train_009186,conflict,conflict,1,43,8,compliance_audit
train_009187,clean,clean,1,46,10,main_domain
train_009188,goal_drift,goal_drift,0,79,13,main_domain
train_009189,clean,clean,1,50,10,main_domain
train_009190,clean,clean,0,50,10,main_domain
train_009191,deadlock,deadlock,0,26,6,main_domain
train_009192,deadlock,clean,1,50,9,main_domain
train_009193,dropped_handoff,clean,1,42,9,main_domain
train_009194,runaway_loop,runaway_loop,1,41,6,main_domain
train_009195,deadlock,clean,0,38,1,main_domain
train_009196,dropped_handoff,dropped_handoff,1,41,6,main_domain
train_009197,clean,dropped_handoff,1,27,7,main_domain
train_009198,dropped_handoff,runaway_loop,1,58,8,main_domain
train_009199,goal_drift,goal_drift,0,100,13,main_domain
train_009200,goal_drift,goal_drift,0,36,9,main_domain
train_009201,runaway_loop,runaway_loop,0,43,8,main_domain
train_009202,runaway_loop,runaway_loop,0,49,1,main_domain
train_009203,dropped_handoff,runaway_loop,0,46,10,main_domain
train_009204,clean,clean,0,46,10,main_domain
train_009205,clean,clean,1,32,8,compliance_audit
train_009206,goal_drift,goal_drift,0,49,12,compliance_audit
train_009207,deadlock,deadlock,0,69,9,main_domain
train_009208,duplicated_work,duplicated_work,1,65,9,main_domain
train_009209,deadlock,dropped_handoff,0,20,6,main_domain
train_009210,goal_drift,goal_drift,0,56,15,compliance_audit
train_009211,deadlock,deadlock,0,26,5,main_domain
train_009212,clean,clean,1,40,9,main_domain
train_009213,dropped_handoff,dropped_handoff,1,52,10,main_domain
train_009214,clean,clean,1,34,1,main_domain
train_009215,clean,clean,1,52,7,main_domain
train_009216,runaway_loop,runaway_loop,1,52,6,main_domain
train_009217,clean,clean,1,43,8,compliance_audit
train_009218,clean,clean,1,36,8,compliance_audit
train_009219,duplicated_work,duplicated_work,0,34,9,compliance_audit
train_009220,deadlock,conflict,0,29,8,main_domain
train_009221,deadlock,deadlock,0,69,10,main_domain
train_009222,goal_drift,goal_drift,0,37,9,main_domain
train_009223,duplicated_work,duplicated_work,1,49,8,main_domain
train_009224,dropped_handoff,clean,0,71,10,main_domain
train_009225,conflict,conflict,1,44,10,compliance_audit
train_009226,duplicated_work,clean,1,37,8,main_domain
train_009227,deadlock,conflict,0,33,1,main_domain
train_009228,deadlock,deadlock,0,26,1,main_domain
train_009229,dropped_handoff,runaway_loop,0,39,7,compliance_audit
train_009230,goal_drift,clean,0,51,1,main_domain
train_009231,goal_drift,goal_drift,0,43,13,main_domain
train_009232,deadlock,goal_drift,0,46,13,main_domain
train_009233,goal_drift,goal_drift,0,81,13,compliance_audit
train_009234,dropped_handoff,goal_drift,0,22,9,main_domain
train_009235,clean,clean,1,30,8,main_domain
train_009236,dropped_handoff,clean,1,48,10,main_domain
train_009237,dropped_handoff,clean,0,37,9,main_domain
train_009238,clean,clean,1,58,9,main_domain
train_009239,clean,clean,1,38,8,main_domain
train_009240,conflict,conflict,0,57,9,main_domain
train_009241,goal_drift,goal_drift,0,41,13,main_domain
train_009242,runaway_loop,goal_drift,0,51,11,compliance_audit
train_009243,duplicated_work,duplicated_work,0,26,1,main_domain
train_009244,dropped_handoff,goal_drift,0,39,12,main_domain
train_009245,deadlock,conflict,1,65,10,compliance_audit
train_009246,runaway_loop,runaway_loop,0,76,10,compliance_audit
train_009247,deadlock,clean,0,59,1,main_domain
train_009248,dropped_handoff,clean,1,67,1,compliance_audit
train_009249,clean,clean,1,37,8,main_domain
train_009250,goal_drift,goal_drift,0,19,10,compliance_audit
train_009251,clean,clean,1,23,1,main_domain
train_009252,conflict,conflict,0,44,8,main_domain
train_009253,runaway_loop,runaway_loop,0,86,9,main_domain
train_009254,clean,clean,1,43,1,compliance_audit
train_009255,clean,clean,1,27,6,main_domain
train_009256,dropped_handoff,dropped_handoff,0,36,8,compliance_audit
train_009257,clean,clean,0,37,10,compliance_audit
train_009258,goal_drift,goal_drift,1,37,12,main_domain
train_009259,clean,clean,1,56,9,main_domain
train_009260,duplicated_work,duplicated_work,1,58,9,main_domain
train_009261,clean,clean,1,58,10,compliance_audit
train_009262,dropped_handoff,dropped_handoff,0,59,10,main_domain
train_009263,runaway_loop,runaway_loop,0,70,10,main_domain
train_009264,conflict,conflict,0,25,5,main_domain
train_009265,clean,clean,1,93,10,main_domain
train_009266,duplicated_work,duplicated_work,0,30,7,main_domain
train_009267,clean,clean,1,63,10,main_domain
train_009268,clean,clean,1,40,9,main_domain
train_009269,runaway_loop,clean,1,74,10,main_domain
train_009270,runaway_loop,runaway_loop,0,68,10,main_domain
train_009271,runaway_loop,goal_drift,0,42,13,main_domain
train_009272,clean,clean,1,30,7,main_domain
train_009273,clean,clean,1,27,5,main_domain
train_009274,clean,clean,0,63,9,main_domain
train_009275,runaway_loop,conflict,0,39,8,main_domain
train_009276,goal_drift,goal_drift,0,36,11,main_domain
train_009277,dropped_handoff,dropped_handoff,1,54,7,main_domain
train_009278,runaway_loop,deadlock,0,82,10,compliance_audit
train_009279,clean,clean,1,22,1,main_domain
train_009280,dropped_handoff,deadlock,1,129,1,main_domain
train_009281,duplicated_work,duplicated_work,1,107,10,main_domain
train_009282,runaway_loop,dropped_handoff,0,34,1,main_domain
train_009283,clean,clean,1,30,7,main_domain
train_009284,clean,clean,1,42,9,main_domain
train_009285,runaway_loop,runaway_loop,0,54,9,compliance_audit
train_009286,conflict,conflict,1,48,10,compliance_audit
train_009287,goal_drift,goal_drift,0,33,10,compliance_audit
train_009288,conflict,conflict,0,71,1,main_domain
train_009289,duplicated_work,goal_drift,0,59,12,main_domain
train_009290,duplicated_work,deadlock,0,63,10,compliance_audit
train_009291,goal_drift,goal_drift,0,84,13,main_domain
train_009292,clean,clean,1,44,9,main_domain
train_009293,conflict,conflict,1,26,6,main_domain
train_009294,conflict,conflict,0,56,10,main_domain
train_009295,clean,clean,1,28,6,main_domain
train_009296,deadlock,deadlock,0,49,10,main_domain
train_009297,clean,clean,1,37,7,main_domain
train_009298,clean,clean,1,77,9,main_domain
train_009299,clean,clean,1,26,7,main_domain
train_009300,runaway_loop,runaway_loop,0,77,10,compliance_audit
train_009301,clean,clean,1,29,7,main_domain
train_009302,conflict,conflict,1,69,10,compliance_audit
train_009303,runaway_loop,runaway_loop,0,34,8,compliance_audit
train_009304,dropped_handoff,clean,1,47,10,main_domain
train_009305,clean,dropped_handoff,0,29,1,main_domain
train_009306,duplicated_work,clean,1,72,10,main_domain
train_009307,dropped_handoff,dropped_handoff,1,35,8,main_domain
train_009308,deadlock,clean,0,37,10,main_domain
train_009309,runaway_loop,clean,1,54,9,main_domain
train_009310,conflict,conflict,0,48,8,compliance_audit
train_009311,dropped_handoff,conflict,0,32,8,main_domain
train_009312,deadlock,deadlock,0,37,8,main_domain
train_009313,conflict,conflict,1,41,1,main_domain
train_009314,runaway_loop,runaway_loop,1,56,8,main_domain
train_009315,dropped_handoff,deadlock,0,33,7,compliance_audit
train_009316,clean,clean,1,27,1,main_domain
train_009317,goal_drift,clean,1,47,1,main_domain
train_009318,runaway_loop,goal_drift,1,71,12,main_domain
train_009319,runaway_loop,clean,1,74,8,main_domain
train_009320,dropped_handoff,clean,1,46,8,main_domain
train_009321,clean,clean,1,23,5,main_domain
train_009322,runaway_loop,conflict,0,42,6,main_domain
train_009323,clean,clean,1,29,8,main_domain
train_009324,dropped_handoff,dropped_handoff,0,27,7,main_domain
train_009325,dropped_handoff,clean,1,37,6,main_domain
train_009326,conflict,clean,1,33,8,compliance_audit
train_009327,duplicated_work,duplicated_work,1,39,9,main_domain
train_009328,goal_drift,goal_drift,0,25,10,main_domain
train_009329,clean,clean,1,20,3,compliance_audit
train_009330,runaway_loop,runaway_loop,0,36,1,compliance_audit
train_009331,clean,clean,1,48,9,main_domain
train_009332,clean,clean,1,47,10,main_domain
train_009333,conflict,conflict,0,25,8,main_domain
train_009334,deadlock,dropped_handoff,0,59,1,main_domain
train_009335,clean,clean,1,19,1,main_domain
train_009336,dropped_handoff,dropped_handoff,0,49,10,main_domain
train_009337,clean,clean,1,36,7,main_domain
train_009338,deadlock,deadlock,0,25,7,main_domain
train_009339,goal_drift,goal_drift,1,92,13,compliance_audit
train_009340,deadlock,deadlock,0,15,6,compliance_audit
train_009341,runaway_loop,runaway_loop,0,48,1,compliance_audit
train_009342,clean,clean,1,47,9,main_domain
train_009343,clean,clean,1,78,10,main_domain
train_009344,dropped_handoff,conflict,0,112,9,compliance_audit
train_009345,deadlock,deadlock,0,26,6,compliance_audit
train_009346,conflict,conflict,1,42,8,main_domain
train_009347,goal_drift,goal_drift,0,38,11,main_domain
train_009348,clean,clean,1,39,9,compliance_audit
train_009349,clean,runaway_loop,0,30,6,main_domain
train_009350,clean,clean,1,19,6,main_domain
train_009351,goal_drift,conflict,0,48,11,main_domain
train_009352,dropped_handoff,clean,0,45,10,main_domain
train_009353,clean,clean,1,29,7,main_domain
train_009354,clean,clean,1,31,1,main_domain
train_009355,clean,clean,0,31,8,main_domain
train_009356,conflict,deadlock,0,41,1,main_domain
train_009357,conflict,conflict,1,69,9,main_domain
train_009358,duplicated_work,duplicated_work,0,35,6,main_domain
train_009359,goal_drift,deadlock,0,32,1,compliance_audit
train_009360,goal_drift,goal_drift,0,44,12,main_domain
train_009361,clean,clean,1,56,10,main_domain
train_009362,deadlock,deadlock,0,50,9,main_domain
train_009363,clean,goal_drift,0,24,1,main_domain
train_009364,runaway_loop,dropped_handoff,0,35,1,compliance_audit
train_009365,conflict,conflict,0,27,8,main_domain
train_009366,dropped_handoff,deadlock,0,36,10,main_domain
train_009367,goal_drift,deadlock,0,22,1,main_domain
train_009368,clean,clean,1,28,7,main_domain
train_009369,conflict,conflict,1,29,6,main_domain
train_009370,duplicated_work,duplicated_work,1,27,1,compliance_audit
train_009371,deadlock,deadlock,1,58,9,main_domain
train_009372,dropped_handoff,clean,1,53,10,main_domain
train_009373,clean,clean,1,32,8,compliance_audit
train_009374,clean,clean,1,43,8,main_domain
train_009375,runaway_loop,runaway_loop,0,44,8,main_domain
train_009376,goal_drift,goal_drift,1,58,12,compliance_audit
train_009377,deadlock,goal_drift,0,69,11,main_domain
train_009378,goal_drift,goal_drift,0,47,13,main_domain
train_009379,conflict,conflict,0,42,9,main_domain
train_009380,conflict,conflict,0,81,10,main_domain
train_009381,duplicated_work,duplicated_work,1,31,8,main_domain
train_009382,clean,clean,1,38,8,compliance_audit
train_009383,duplicated_work,clean,1,39,6,main_domain
train_009384,runaway_loop,deadlock,0,43,7,main_domain
train_009385,deadlock,deadlock,0,35,8,main_domain
train_009386,deadlock,deadlock,0,18,5,main_domain
train_009387,deadlock,clean,0,49,10,compliance_audit
train_009388,goal_drift,goal_drift,0,96,12,main_domain
train_009389,conflict,dropped_handoff,0,46,8,main_domain
train_009390,conflict,conflict,0,24,6,main_domain
train_009391,clean,clean,1,64,1,main_domain
train_009392,goal_drift,runaway_loop,0,20,7,main_domain
train_009393,deadlock,runaway_loop,0,45,10,compliance_audit
train_009394,clean,clean,1,75,1,main_domain
train_009395,clean,clean,1,37,8,compliance_audit
train_009396,runaway_loop,runaway_loop,1,46,7,main_domain
train_009397,clean,clean,1,52,10,main_domain
train_009398,dropped_handoff,dropped_handoff,0,48,9,compliance_audit
train_009399,goal_drift,goal_drift,0,71,12,main_domain
train_009400,clean,clean,1,57,9,compliance_audit
train_009401,clean,clean,1,38,8,main_domain
train_009402,runaway_loop,clean,1,34,8,main_domain
train_009403,goal_drift,conflict,0,67,13,compliance_audit
train_009404,clean,clean,1,64,8,main_domain
train_009405,conflict,conflict,1,36,1,main_domain
train_009406,dropped_handoff,dropped_handoff,0,57,9,main_domain
train_009407,clean,clean,1,31,7,main_domain
train_009408,goal_drift,goal_drift,0,35,12,main_domain
train_009409,conflict,conflict,1,35,1,main_domain
train_009410,runaway_loop,runaway_loop,0,37,6,main_domain
train_009411,duplicated_work,duplicated_work,1,33,6,compliance_audit
train_009412,conflict,conflict,1,27,5,main_domain
train_009413,runaway_loop,runaway_loop,0,36,5,compliance_audit
train_009414,runaway_loop,runaway_loop,0,42,1,main_domain
train_009415,clean,clean,0,23,6,compliance_audit
train_009416,conflict,conflict,0,27,6,main_domain
train_009417,runaway_loop,runaway_loop,0,28,1,main_domain
train_009418,runaway_loop,clean,1,59,8,main_domain
train_009419,deadlock,goal_drift,0,31,12,main_domain
train_009420,goal_drift,goal_drift,0,49,12,compliance_audit
train_009421,goal_drift,goal_drift,1,99,14,main_domain
train_009422,duplicated_work,duplicated_work,0,40,9,main_domain
train_009423,duplicated_work,runaway_loop,0,59,9,compliance_audit
train_009424,deadlock,deadlock,0,49,10,main_domain
train_009425,dropped_handoff,clean,0,43,10,main_domain
train_009426,dropped_handoff,goal_drift,0,27,9,main_domain
train_009427,clean,clean,1,32,8,main_domain
train_009428,deadlock,conflict,0,35,9,main_domain
train_009429,dropped_handoff,dropped_handoff,0,16,1,compliance_audit
train_009430,conflict,conflict,0,33,7,main_domain
train_009431,goal_drift,goal_drift,0,24,10,main_domain
train_009432,duplicated_work,duplicated_work,1,80,9,main_domain
train_009433,deadlock,deadlock,0,34,7,main_domain
train_009434,deadlock,runaway_loop,0,33,6,compliance_audit
train_009435,clean,clean,1,66,9,main_domain
train_009436,clean,clean,1,27,7,main_domain
train_009437,goal_drift,goal_drift,0,40,1,main_domain
train_009438,duplicated_work,duplicated_work,1,51,9,main_domain
train_009439,clean,clean,0,49,10,compliance_audit
train_009440,clean,clean,1,32,7,main_domain
train_009441,duplicated_work,duplicated_work,1,67,10,main_domain
train_009442,duplicated_work,duplicated_work,1,42,8,main_domain
train_009443,clean,dropped_handoff,0,23,7,main_domain
train_009444,dropped_handoff,clean,1,60,10,main_domain
train_009445,dropped_handoff,dropped_handoff,0,36,1,main_domain
train_009446,conflict,conflict,1,36,9,main_domain
train_009447,runaway_loop,runaway_loop,1,42,6,main_domain
train_009448,runaway_loop,runaway_loop,0,42,8,main_domain
train_009449,duplicated_work,duplicated_work,1,59,9,main_domain
train_009450,goal_drift,goal_drift,0,39,1,main_domain
train_009451,duplicated_work,duplicated_work,1,44,6,compliance_audit
train_009452,clean,clean,1,28,7,main_domain
train_009453,duplicated_work,duplicated_work,0,50,8,main_domain
train_009454,clean,clean,1,40,1,main_domain
train_009455,deadlock,deadlock,0,39,8,main_domain
train_009456,deadlock,deadlock,0,65,9,main_domain
train_009457,duplicated_work,duplicated_work,1,35,9,main_domain
train_009458,runaway_loop,runaway_loop,0,30,9,main_domain
train_009459,runaway_loop,duplicated_work,1,49,8,main_domain
train_009460,clean,clean,1,78,10,main_domain
train_009461,clean,clean,1,63,1,compliance_audit
train_009462,clean,clean,1,56,10,compliance_audit
train_009463,clean,dropped_handoff,0,22,6,main_domain
train_009464,clean,clean,0,41,1,main_domain
train_009465,deadlock,deadlock,0,35,8,main_domain
train_009466,clean,clean,1,38,1,main_domain
train_009467,conflict,runaway_loop,0,24,5,main_domain
train_009468,dropped_handoff,clean,1,47,8,main_domain
train_009469,duplicated_work,duplicated_work,0,43,8,main_domain
train_009470,dropped_handoff,clean,1,35,1,main_domain
train_009471,dropped_handoff,deadlock,0,53,10,compliance_audit
train_009472,clean,clean,1,69,10,compliance_audit
train_009473,clean,clean,1,79,10,compliance_audit
train_009474,clean,clean,1,49,6,main_domain
train_009475,clean,clean,1,68,9,compliance_audit
train_009476,deadlock,deadlock,0,34,8,main_domain
train_009477,clean,clean,1,29,5,main_domain
train_009478,clean,clean,1,37,1,main_domain
train_009479,goal_drift,goal_drift,0,49,13,main_domain
train_009480,goal_drift,goal_drift,0,34,13,main_domain
train_009481,runaway_loop,runaway_loop,1,22,4,main_domain
train_009482,goal_drift,goal_drift,1,51,1,main_domain
train_009483,runaway_loop,runaway_loop,0,20,4,compliance_audit
train_009484,clean,clean,0,43,7,main_domain
train_009485,runaway_loop,runaway_loop,0,51,8,compliance_audit
train_009486,goal_drift,goal_drift,0,29,12,main_domain
train_009487,deadlock,deadlock,0,25,6,compliance_audit
train_009488,clean,clean,1,27,8,main_domain
train_009489,conflict,conflict,0,22,6,compliance_audit
train_009490,clean,clean,1,68,1,main_domain
train_009491,goal_drift,goal_drift,0,16,1,main_domain
train_009492,runaway_loop,runaway_loop,0,53,9,compliance_audit
train_009493,runaway_loop,runaway_loop,0,47,9,compliance_audit
train_009494,deadlock,deadlock,0,28,6,main_domain
train_009495,clean,clean,1,53,10,main_domain
train_009496,duplicated_work,duplicated_work,1,52,10,main_domain
train_009497,goal_drift,goal_drift,0,66,11,compliance_audit
train_009498,clean,clean,1,37,8,compliance_audit
train_009499,clean,clean,1,47,9,main_domain
train_009500,runaway_loop,runaway_loop,0,80,9,main_domain
train_009501,runaway_loop,runaway_loop,0,41,6,main_domain
train_009502,goal_drift,goal_drift,0,15,8,main_domain
train_009503,dropped_handoff,deadlock,0,26,1,main_domain
train_009504,clean,clean,1,48,10,compliance_audit
train_009505,clean,clean,1,55,9,main_domain
train_009506,goal_drift,dropped_handoff,0,25,9,main_domain
train_009507,conflict,conflict,1,67,9,main_domain
train_009508,conflict,conflict,0,70,8,main_domain
train_009509,clean,clean,1,49,10,compliance_audit
train_009510,conflict,conflict,1,61,8,main_domain
train_009511,goal_drift,runaway_loop,0,34,10,main_domain
train_009512,conflict,conflict,0,36,9,main_domain
train_009513,clean,clean,1,73,1,main_domain
train_009514,duplicated_work,duplicated_work,1,50,8,main_domain
train_009515,conflict,conflict,0,73,9,main_domain
train_009516,runaway_loop,runaway_loop,1,35,7,main_domain
train_009517,conflict,conflict,1,48,8,main_domain
train_009518,duplicated_work,clean,1,33,5,main_domain
train_009519,dropped_handoff,runaway_loop,0,39,9,main_domain
train_009520,conflict,conflict,0,42,10,main_domain
train_009521,clean,clean,1,30,7,main_domain
train_009522,deadlock,clean,0,66,10,compliance_audit
train_009523,deadlock,deadlock,0,46,9,main_domain
train_009524,duplicated_work,duplicated_work,1,46,9,main_domain
train_009525,clean,clean,1,31,8,main_domain
train_009526,deadlock,clean,1,60,9,main_domain
train_009527,runaway_loop,runaway_loop,0,69,10,compliance_audit
train_009528,clean,clean,1,26,7,main_domain
train_009529,deadlock,deadlock,0,32,6,main_domain
train_009530,goal_drift,goal_drift,0,26,9,main_domain
train_009531,duplicated_work,duplicated_work,1,47,7,main_domain
train_009532,runaway_loop,runaway_loop,0,66,10,main_domain
train_009533,conflict,conflict,0,24,6,main_domain
train_009534,deadlock,clean,0,33,6,main_domain
train_009535,goal_drift,runaway_loop,0,36,11,compliance_audit
train_009536,dropped_handoff,clean,0,32,7,main_domain
train_009537,clean,clean,0,61,10,compliance_audit
train_009538,dropped_handoff,dropped_handoff,0,22,7,main_domain
train_009539,conflict,conflict,0,20,6,main_domain
train_009540,goal_drift,goal_drift,0,37,12,main_domain
train_009541,runaway_loop,runaway_loop,0,66,8,main_domain
train_009542,goal_drift,goal_drift,0,43,14,main_domain
train_009543,goal_drift,goal_drift,0,36,13,main_domain
train_009544,dropped_handoff,dropped_handoff,0,39,10,compliance_audit
train_009545,runaway_loop,runaway_loop,0,92,9,main_domain
train_009546,deadlock,clean,0,47,10,main_domain
train_009547,clean,clean,1,114,1,compliance_audit
train_009548,dropped_handoff,duplicated_work,1,41,8,main_domain
train_009549,runaway_loop,runaway_loop,0,68,9,compliance_audit
train_009550,dropped_handoff,dropped_handoff,1,44,9,main_domain
train_009551,runaway_loop,runaway_loop,0,33,6,main_domain
train_009552,clean,clean,1,58,10,main_domain
train_009553,duplicated_work,duplicated_work,1,52,9,main_domain
train_009554,runaway_loop,goal_drift,1,59,12,main_domain
train_009555,clean,clean,1,31,6,compliance_audit
train_009556,goal_drift,goal_drift,0,98,14,main_domain
train_009557,goal_drift,goal_drift,1,56,12,main_domain
train_009558,runaway_loop,runaway_loop,0,35,7,main_domain
train_009559,clean,runaway_loop,1,84,10,main_domain
train_009560,duplicated_work,runaway_loop,0,28,5,main_domain
train_009561,clean,clean,0,53,9,main_domain
train_009562,goal_drift,clean,1,45,12,main_domain
train_009563,clean,clean,1,49,9,main_domain
train_009564,runaway_loop,runaway_loop,1,47,7,main_domain
train_009565,goal_drift,goal_drift,0,75,14,main_domain
train_009566,goal_drift,goal_drift,0,37,11,main_domain
train_009567,conflict,conflict,0,45,9,main_domain
train_009568,conflict,conflict,1,66,9,compliance_audit
train_009569,clean,clean,1,46,7,main_domain
train_009570,runaway_loop,runaway_loop,0,40,8,main_domain
train_009571,deadlock,deadlock,0,16,5,compliance_audit
train_009572,clean,clean,1,51,9,compliance_audit
train_009573,clean,clean,1,66,9,compliance_audit
train_009574,dropped_handoff,clean,0,22,6,compliance_audit
train_009575,conflict,conflict,0,57,9,main_domain
train_009576,clean,clean,0,39,8,main_domain
train_009577,dropped_handoff,deadlock,0,61,10,main_domain
train_009578,goal_drift,goal_drift,0,31,11,main_domain
train_009579,clean,clean,1,75,9,compliance_audit
train_009580,dropped_handoff,goal_drift,0,73,1,main_domain
train_009581,runaway_loop,runaway_loop,1,48,7,compliance_audit
train_009582,deadlock,runaway_loop,1,80,1,compliance_audit
train_009583,deadlock,deadlock,0,60,10,compliance_audit
train_009584,clean,clean,0,75,10,main_domain
train_009585,deadlock,clean,1,37,8,main_domain
train_009586,clean,clean,1,41,9,compliance_audit
train_009587,clean,clean,1,39,8,main_domain
train_009588,dropped_handoff,conflict,0,64,10,compliance_audit
train_009589,dropped_handoff,dropped_handoff,0,38,8,main_domain
train_009590,clean,clean,1,66,8,main_domain
train_009591,goal_drift,goal_drift,0,36,10,compliance_audit
train_009592,clean,dropped_handoff,0,42,7,main_domain
train_009593,clean,clean,1,29,7,main_domain
train_009594,runaway_loop,runaway_loop,0,37,7,main_domain
train_009595,deadlock,deadlock,1,49,9,main_domain
train_009596,goal_drift,goal_drift,0,19,1,main_domain
train_009597,conflict,clean,0,50,1,main_domain
train_009598,goal_drift,goal_drift,0,18,10,main_domain
train_009599,runaway_loop,runaway_loop,0,38,1,main_domain
train_009600,goal_drift,goal_drift,0,44,13,main_domain
train_009601,duplicated_work,duplicated_work,0,29,8,compliance_audit
train_009602,runaway_loop,runaway_loop,0,42,8,main_domain
train_009603,goal_drift,goal_drift,0,14,7,main_domain
train_009604,duplicated_work,goal_drift,1,68,15,compliance_audit
train_009605,conflict,conflict,0,50,8,main_domain
train_009606,deadlock,dropped_handoff,0,63,10,main_domain
train_009607,clean,clean,1,27,6,main_domain
train_009608,clean,clean,1,25,5,compliance_audit
train_009609,dropped_handoff,dropped_handoff,0,39,9,main_domain
train_009610,clean,clean,1,65,9,main_domain
train_009611,deadlock,deadlock,0,18,1,compliance_audit
train_009612,duplicated_work,duplicated_work,1,49,1,compliance_audit
train_009613,deadlock,deadlock,0,47,9,main_domain
train_009614,clean,clean,1,77,10,main_domain
train_009615,clean,clean,1,33,6,main_domain
train_009616,goal_drift,goal_drift,0,36,11,main_domain
train_009617,dropped_handoff,dropped_handoff,0,20,7,main_domain
train_009618,conflict,conflict,0,39,10,main_domain
train_009619,dropped_handoff,dropped_handoff,0,35,9,main_domain
train_009620,clean,clean,1,28,7,compliance_audit
train_009621,dropped_handoff,deadlock,0,32,1,main_domain
train_009622,dropped_handoff,dropped_handoff,0,34,7,main_domain
train_009623,clean,clean,1,17,4,main_domain
train_009624,goal_drift,goal_drift,1,57,10,main_domain
train_009625,clean,clean,1,33,8,main_domain
train_009626,clean,clean,1,53,9,compliance_audit
train_009627,conflict,conflict,0,30,7,main_domain
train_009628,conflict,conflict,0,42,10,compliance_audit
train_009629,runaway_loop,runaway_loop,1,50,8,main_domain
train_009630,goal_drift,goal_drift,0,44,12,main_domain
train_009631,duplicated_work,duplicated_work,1,64,1,main_domain
train_009632,deadlock,deadlock,0,55,8,main_domain
train_009633,runaway_loop,runaway_loop,0,80,9,compliance_audit
train_009634,conflict,conflict,0,30,7,main_domain
train_009635,deadlock,goal_drift,0,74,14,main_domain
train_009636,goal_drift,goal_drift,0,33,10,main_domain
train_009637,clean,clean,1,59,9,main_domain
train_009638,dropped_handoff,dropped_handoff,0,14,1,main_domain
train_009639,clean,clean,1,22,4,compliance_audit
train_009640,conflict,conflict,1,70,9,compliance_audit
train_009641,conflict,conflict,0,49,8,main_domain
train_009642,clean,clean,1,36,8,main_domain
train_009643,goal_drift,goal_drift,0,46,10,main_domain
train_009644,clean,clean,1,23,6,main_domain
train_009645,runaway_loop,runaway_loop,0,46,9,main_domain
train_009646,runaway_loop,runaway_loop,1,62,9,main_domain
train_009647,conflict,conflict,0,17,5,compliance_audit
train_009648,goal_drift,goal_drift,0,23,9,main_domain
train_009649,dropped_handoff,dropped_handoff,1,26,7,main_domain
train_009650,clean,clean,1,30,8,main_domain
train_009651,runaway_loop,runaway_loop,0,38,5,main_domain
train_009652,conflict,conflict,0,62,10,main_domain
train_009653,runaway_loop,runaway_loop,0,67,10,main_domain
train_009654,dropped_handoff,runaway_loop,0,60,9,main_domain
train_009655,clean,clean,1,50,10,main_domain
train_009656,clean,clean,1,38,9,main_domain
train_009657,runaway_loop,runaway_loop,0,41,9,compliance_audit
train_009658,clean,clean,1,24,6,main_domain
train_009659,deadlock,dropped_handoff,0,53,1,compliance_audit
train_009660,runaway_loop,conflict,0,72,1,main_domain
train_009661,clean,clean,1,80,10,main_domain
train_009662,deadlock,clean,0,36,6,main_domain
train_009663,conflict,deadlock,0,55,8,main_domain
train_009664,goal_drift,goal_drift,0,66,12,main_domain
train_009665,clean,clean,1,53,8,main_domain
train_009666,conflict,conflict,0,15,4,main_domain
train_009667,clean,clean,1,33,7,main_domain
train_009668,clean,clean,0,32,9,main_domain
train_009669,clean,duplicated_work,0,54,9,main_domain
train_009670,dropped_handoff,dropped_handoff,0,27,1,main_domain
train_009671,clean,clean,1,63,9,main_domain
train_009672,clean,clean,1,46,8,compliance_audit
train_009673,dropped_handoff,dropped_handoff,0,31,1,compliance_audit
train_009674,conflict,conflict,1,52,10,main_domain
train_009675,runaway_loop,runaway_loop,1,59,8,main_domain
train_009676,deadlock,clean,1,81,10,main_domain
train_009677,goal_drift,goal_drift,0,28,11,main_domain
train_009678,conflict,conflict,0,51,8,main_domain
train_009679,clean,clean,0,48,8,main_domain
train_009680,clean,clean,1,54,10,main_domain
train_009681,clean,clean,1,54,9,main_domain
train_009682,conflict,conflict,0,42,10,compliance_audit
train_009683,duplicated_work,duplicated_work,1,43,8,main_domain
train_009684,clean,dropped_handoff,0,48,8,compliance_audit
train_009685,goal_drift,goal_drift,0,38,10,main_domain
train_009686,conflict,conflict,0,29,7,main_domain
train_009687,clean,clean,1,15,5,main_domain
train_009688,runaway_loop,runaway_loop,0,28,6,main_domain
train_009689,deadlock,deadlock,0,17,5,main_domain
train_009690,clean,clean,0,50,8,main_domain
train_009691,deadlock,deadlock,0,13,4,main_domain
train_009692,duplicated_work,duplicated_work,1,31,6,main_domain
train_009693,clean,clean,0,40,1,main_domain
train_009694,clean,deadlock,0,26,6,main_domain
train_009695,clean,clean,1,39,8,main_domain
train_009696,dropped_handoff,deadlock,0,42,1,compliance_audit
train_009697,dropped_handoff,deadlock,0,61,8,main_domain
train_009698,runaway_loop,runaway_loop,0,87,10,main_domain
train_009699,clean,clean,1,45,8,compliance_audit
train_009700,runaway_loop,runaway_loop,0,36,7,main_domain
train_009701,clean,clean,1,65,9,compliance_audit
train_009702,duplicated_work,duplicated_work,1,25,5,compliance_audit
train_009703,goal_drift,goal_drift,0,43,13,main_domain
train_009704,conflict,runaway_loop,0,45,8,main_domain
train_009705,duplicated_work,duplicated_work,1,22,6,main_domain
train_009706,runaway_loop,runaway_loop,0,30,6,compliance_audit
train_009707,deadlock,dropped_handoff,0,68,9,main_domain
train_009708,deadlock,clean,0,56,10,main_domain
train_009709,deadlock,conflict,0,116,10,compliance_audit
train_009710,runaway_loop,runaway_loop,0,16,5,main_domain
train_009711,clean,clean,1,37,8,compliance_audit
train_009712,conflict,conflict,1,30,7,main_domain
train_009713,goal_drift,goal_drift,0,42,12,main_domain
train_009714,clean,clean,1,26,1,main_domain
train_009715,dropped_handoff,runaway_loop,0,49,8,compliance_audit
train_009716,clean,clean,1,53,8,main_domain
train_009717,conflict,conflict,0,27,1,main_domain
train_009718,goal_drift,goal_drift,0,21,1,compliance_audit
train_009719,deadlock,deadlock,1,47,9,compliance_audit
train_009720,duplicated_work,duplicated_work,1,66,10,main_domain
train_009721,clean,clean,1,23,1,main_domain
train_009722,goal_drift,clean,1,35,1,main_domain
train_009723,deadlock,clean,1,40,8,main_domain
train_009724,runaway_loop,runaway_loop,0,62,9,main_domain
train_009725,deadlock,conflict,0,68,10,main_domain
train_009726,conflict,conflict,0,36,7,compliance_audit
train_009727,clean,clean,1,35,7,main_domain
train_009728,clean,clean,1,69,10,main_domain
train_009729,dropped_handoff,clean,0,32,7,compliance_audit
train_009730,duplicated_work,conflict,0,27,7,main_domain
train_009731,clean,clean,1,24,1,main_domain
train_009732,conflict,conflict,1,97,8,main_domain
train_009733,dropped_handoff,dropped_handoff,0,42,9,compliance_audit
train_009734,duplicated_work,clean,0,27,5,main_domain
train_009735,clean,clean,0,48,8,main_domain
train_009736,dropped_handoff,clean,1,77,1,main_domain
train_009737,goal_drift,goal_drift,0,73,13,main_domain
train_009738,clean,clean,1,27,7,main_domain
train_009739,duplicated_work,deadlock,0,40,8,main_domain
train_009740,dropped_handoff,dropped_handoff,0,25,6,main_domain
train_009741,runaway_loop,runaway_loop,0,25,7,compliance_audit
train_009742,clean,clean,1,85,10,main_domain
train_009743,conflict,conflict,1,56,9,main_domain
train_009744,goal_drift,goal_drift,1,41,11,main_domain
train_009745,deadlock,dropped_handoff,0,72,1,compliance_audit
train_009746,duplicated_work,dropped_handoff,0,43,8,main_domain
train_009747,dropped_handoff,dropped_handoff,0,21,7,main_domain
train_009748,clean,clean,1,40,9,compliance_audit
train_009749,clean,clean,1,39,8,main_domain
train_009750,deadlock,clean,1,23,5,main_domain
train_009751,clean,clean,1,30,7,main_domain
train_009752,clean,clean,1,43,9,main_domain
train_009753,clean,clean,1,51,10,main_domain
train_009754,duplicated_work,deadlock,0,49,8,main_domain
train_009755,goal_drift,goal_drift,0,55,12,compliance_audit
train_009756,goal_drift,goal_drift,1,68,12,main_domain
train_009757,runaway_loop,clean,1,56,9,compliance_audit
train_009758,runaway_loop,goal_drift,0,21,1,main_domain
train_009759,deadlock,clean,0,44,9,compliance_audit
train_009760,dropped_handoff,dropped_handoff,0,39,8,main_domain
train_009761,goal_drift,goal_drift,0,80,15,main_domain
train_009762,clean,clean,1,55,9,main_domain
train_009763,deadlock,clean,0,30,1,main_domain
train_009764,runaway_loop,runaway_loop,0,47,7,main_domain
train_009765,dropped_handoff,deadlock,0,29,1,main_domain
train_009766,conflict,goal_drift,1,47,8,main_domain
train_009767,deadlock,conflict,0,80,8,compliance_audit
train_009768,goal_drift,duplicated_work,1,78,1,compliance_audit
train_009769,clean,clean,1,57,10,main_domain
train_009770,conflict,conflict,1,44,8,main_domain
train_009771,duplicated_work,duplicated_work,1,63,9,main_domain
train_009772,clean,clean,1,26,6,main_domain
train_009773,runaway_loop,goal_drift,0,51,11,main_domain
train_009774,deadlock,conflict,0,53,1,main_domain
train_009775,duplicated_work,deadlock,0,113,10,main_domain
train_009776,clean,clean,1,15,4,main_domain
train_009777,deadlock,deadlock,0,81,8,main_domain
train_009778,deadlock,deadlock,0,32,7,main_domain
train_009779,clean,clean,1,25,6,main_domain
train_009780,conflict,conflict,0,65,9,compliance_audit
train_009781,goal_drift,goal_drift,1,54,13,compliance_audit
train_009782,conflict,conflict,1,23,5,compliance_audit
train_009783,deadlock,runaway_loop,1,91,10,compliance_audit
train_009784,clean,clean,1,61,10,main_domain
train_009785,dropped_handoff,dropped_handoff,1,68,9,compliance_audit
train_009786,conflict,conflict,1,32,7,main_domain
train_009787,duplicated_work,duplicated_work,0,38,9,compliance_audit
train_009788,clean,clean,0,63,9,compliance_audit
train_009789,clean,clean,1,46,9,compliance_audit
train_009790,clean,duplicated_work,0,55,10,main_domain
train_009791,runaway_loop,duplicated_work,1,41,9,main_domain
train_009792,clean,clean,1,56,8,main_domain
train_009793,goal_drift,goal_drift,0,40,12,main_domain
train_009794,clean,clean,1,57,10,main_domain
train_009795,goal_drift,goal_drift,0,70,12,main_domain
train_009796,deadlock,deadlock,0,24,5,main_domain
train_009797,clean,dropped_handoff,0,21,7,compliance_audit
train_009798,deadlock,duplicated_work,0,23,8,main_domain
train_009799,clean,clean,1,46,9,main_domain
train_009800,dropped_handoff,conflict,1,28,6,compliance_audit
train_009801,conflict,conflict,1,36,7,main_domain
train_009802,goal_drift,goal_drift,0,48,13,main_domain
train_009803,clean,clean,1,48,9,main_domain
train_009804,deadlock,deadlock,0,31,6,main_domain
train_009805,conflict,conflict,1,30,6,main_domain
train_009806,dropped_handoff,dropped_handoff,0,35,8,main_domain
train_009807,goal_drift,goal_drift,0,14,9,main_domain
train_009808,clean,clean,1,38,9,main_domain
train_009809,deadlock,deadlock,0,32,7,main_domain
train_009810,duplicated_work,duplicated_work,1,76,10,compliance_audit
train_009811,runaway_loop,runaway_loop,1,31,7,main_domain
train_009812,clean,clean,1,33,7,main_domain
train_009813,dropped_handoff,deadlock,0,24,7,compliance_audit
train_009814,runaway_loop,runaway_loop,0,64,10,main_domain
train_009815,deadlock,deadlock,0,35,8,main_domain
train_009816,runaway_loop,runaway_loop,1,57,9,main_domain
train_009817,goal_drift,goal_drift,0,27,10,main_domain
train_009818,goal_drift,duplicated_work,1,36,1,main_domain
train_009819,clean,clean,1,29,8,compliance_audit
train_009820,clean,clean,1,48,8,compliance_audit
train_009821,goal_drift,goal_drift,0,35,11,main_domain
train_009822,runaway_loop,deadlock,0,48,9,compliance_audit
train_009823,dropped_handoff,runaway_loop,0,26,6,main_domain
train_009824,duplicated_work,duplicated_work,1,30,7,main_domain
train_009825,conflict,conflict,0,41,1,main_domain
train_009826,clean,dropped_handoff,0,26,7,compliance_audit
train_009827,clean,clean,1,35,8,main_domain
train_009828,dropped_handoff,dropped_handoff,0,39,6,main_domain
train_009829,runaway_loop,runaway_loop,0,56,8,main_domain
train_009830,duplicated_work,duplicated_work,0,50,8,compliance_audit
train_009831,runaway_loop,runaway_loop,1,59,10,main_domain
train_009832,deadlock,clean,0,74,9,main_domain
train_009833,dropped_handoff,clean,1,32,7,main_domain
train_009834,goal_drift,goal_drift,0,32,10,compliance_audit
train_009835,dropped_handoff,dropped_handoff,0,40,10,main_domain
train_009836,clean,clean,1,27,8,main_domain
train_009837,deadlock,deadlock,0,30,7,main_domain
train_009838,goal_drift,runaway_loop,0,32,9,main_domain
train_009839,clean,clean,1,42,7,main_domain
train_009840,clean,clean,1,28,8,compliance_audit
train_009841,clean,runaway_loop,1,41,1,compliance_audit
train_009842,clean,clean,1,48,9,main_domain
train_009843,dropped_handoff,dropped_handoff,0,38,7,main_domain
train_009844,clean,deadlock,0,73,10,compliance_audit
train_009845,dropped_handoff,dropped_handoff,0,37,8,main_domain
train_009846,runaway_loop,runaway_loop,1,40,7,compliance_audit
train_009847,clean,clean,1,77,10,compliance_audit
train_009848,duplicated_work,duplicated_work,1,42,7,compliance_audit
train_009849,deadlock,deadlock,0,31,5,main_domain
train_009850,duplicated_work,duplicated_work,1,105,10,compliance_audit
train_009851,goal_drift,deadlock,0,26,1,main_domain
train_009852,dropped_handoff,deadlock,0,33,8,main_domain
train_009853,clean,clean,1,65,9,main_domain
train_009854,conflict,conflict,0,48,10,main_domain
train_009855,clean,clean,0,37,8,main_domain
train_009856,dropped_handoff,clean,1,42,1,compliance_audit
train_009857,duplicated_work,duplicated_work,0,41,8,main_domain
train_009858,duplicated_work,deadlock,0,21,5,main_domain
train_009859,clean,clean,1,48,9,main_domain
train_009860,clean,clean,1,82,10,main_domain
train_009861,runaway_loop,conflict,0,67,10,main_domain
train_009862,goal_drift,goal_drift,0,32,14,main_domain
train_009863,deadlock,clean,1,97,10,main_domain
train_009864,runaway_loop,clean,1,81,9,main_domain
train_009865,deadlock,deadlock,0,60,10,compliance_audit
train_009866,duplicated_work,duplicated_work,1,36,9,main_domain
train_009867,runaway_loop,runaway_loop,0,48,8,main_domain
train_009868,clean,clean,1,25,7,compliance_audit
train_009869,clean,clean,1,17,6,main_domain
train_009870,clean,clean,1,18,5,main_domain
train_009871,duplicated_work,duplicated_work,1,94,9,main_domain
train_009872,clean,clean,1,52,10,main_domain
train_009873,runaway_loop,runaway_loop,1,46,10,main_domain
train_009874,deadlock,deadlock,1,21,7,main_domain
train_009875,conflict,conflict,0,41,8,main_domain
train_009876,clean,clean,1,81,1,main_domain
train_009877,conflict,conflict,0,57,10,main_domain
train_009878,duplicated_work,runaway_loop,0,42,6,main_domain
train_009879,goal_drift,goal_drift,1,23,8,compliance_audit
train_009880,conflict,conflict,0,27,8,main_domain
train_009881,conflict,conflict,0,43,10,main_domain
train_009882,conflict,conflict,1,52,9,main_domain
train_009883,deadlock,deadlock,0,48,9,main_domain
train_009884,clean,clean,1,31,8,main_domain
train_009885,duplicated_work,duplicated_work,1,60,9,main_domain
train_009886,dropped_handoff,dropped_handoff,0,14,1,main_domain
train_009887,goal_drift,goal_drift,0,21,8,compliance_audit
train_009888,dropped_handoff,conflict,0,21,8,main_domain
train_009889,duplicated_work,conflict,1,112,9,main_domain
train_009890,dropped_handoff,clean,0,23,7,main_domain
train_009891,runaway_loop,runaway_loop,1,47,1,main_domain
train_009892,clean,duplicated_work,0,32,7,main_domain
train_009893,duplicated_work,dropped_handoff,0,46,9,compliance_audit
train_009894,runaway_loop,dropped_handoff,0,17,6,compliance_audit
train_009895,clean,clean,1,79,10,compliance_audit
train_009896,goal_drift,goal_drift,0,37,12,main_domain
train_009897,deadlock,deadlock,0,21,5,compliance_audit
train_009898,dropped_handoff,goal_drift,0,32,12,main_domain
train_009899,dropped_handoff,dropped_handoff,0,68,10,compliance_audit
train_009900,conflict,conflict,0,31,7,compliance_audit
train_009901,conflict,conflict,0,56,9,main_domain
train_009902,deadlock,clean,0,36,9,main_domain
train_009903,clean,clean,1,100,10,main_domain
train_009904,runaway_loop,deadlock,0,58,9,main_domain
train_009905,deadlock,dropped_handoff,0,33,9,compliance_audit
train_009906,dropped_handoff,dropped_handoff,0,23,6,main_domain
train_009907,clean,clean,1,33,7,main_domain
train_009908,duplicated_work,clean,1,30,7,main_domain
train_009909,clean,clean,1,34,7,main_domain
train_009910,duplicated_work,dropped_handoff,1,68,10,compliance_audit
train_009911,goal_drift,goal_drift,0,60,12,main_domain
train_009912,goal_drift,goal_drift,0,25,7,main_domain
train_009913,runaway_loop,runaway_loop,0,25,6,main_domain
train_009914,clean,clean,1,49,10,compliance_audit
train_009915,goal_drift,goal_drift,0,29,10,compliance_audit
train_009916,dropped_handoff,clean,0,25,1,compliance_audit
train_009917,runaway_loop,clean,1,36,8,compliance_audit
train_009918,goal_drift,goal_drift,0,30,11,compliance_audit
train_009919,goal_drift,goal_drift,0,28,11,main_domain
train_009920,conflict,conflict,0,57,1,main_domain
train_009921,runaway_loop,runaway_loop,0,57,8,main_domain
train_009922,goal_drift,goal_drift,0,58,13,main_domain
train_009923,clean,clean,1,41,9,main_domain
train_009924,clean,clean,1,99,10,compliance_audit
train_009925,goal_drift,goal_drift,0,50,12,main_domain
train_009926,clean,clean,1,23,5,main_domain
train_009927,goal_drift,goal_drift,0,83,13,main_domain
train_009928,duplicated_work,duplicated_work,1,52,9,main_domain
train_009929,deadlock,clean,0,31,9,main_domain
train_009930,clean,clean,1,57,10,main_domain
train_009931,deadlock,deadlock,0,31,8,main_domain
train_009932,clean,clean,1,22,1,compliance_audit
train_009933,runaway_loop,deadlock,0,90,10,main_domain
train_009934,conflict,conflict,0,74,1,compliance_audit
train_009935,runaway_loop,runaway_loop,0,27,7,main_domain
train_009936,clean,clean,1,38,1,main_domain
train_009937,goal_drift,goal_drift,0,37,11,compliance_audit
train_009938,dropped_handoff,clean,0,39,8,main_domain
train_009939,deadlock,deadlock,0,87,8,main_domain
train_009940,duplicated_work,runaway_loop,1,61,7,compliance_audit
train_009941,dropped_handoff,clean,1,44,8,main_domain
train_009942,clean,clean,1,70,9,main_domain
train_009943,deadlock,conflict,0,40,10,compliance_audit
train_009944,clean,clean,1,44,10,main_domain
train_009945,dropped_handoff,runaway_loop,0,52,1,compliance_audit
train_009946,clean,clean,1,55,10,main_domain
train_009947,clean,clean,0,59,10,main_domain
train_009948,deadlock,conflict,1,48,1,compliance_audit
train_009949,clean,clean,1,41,9,main_domain
train_009950,clean,clean,1,17,4,main_domain
train_009951,runaway_loop,runaway_loop,0,56,9,main_domain
train_009952,goal_drift,goal_drift,0,26,10,compliance_audit
train_009953,deadlock,deadlock,0,47,9,main_domain
train_009954,conflict,conflict,0,57,9,main_domain
train_009955,clean,clean,0,42,8,main_domain
train_009956,runaway_loop,clean,0,81,10,main_domain
train_009957,clean,clean,1,34,7,main_domain
train_009958,conflict,conflict,0,28,7,main_domain
train_009959,conflict,conflict,1,77,1,main_domain
train_009960,runaway_loop,runaway_loop,0,36,6,compliance_audit
train_009961,clean,clean,1,36,7,compliance_audit
train_009962,conflict,conflict,0,34,7,main_domain
train_009963,clean,clean,1,37,1,main_domain
train_009964,runaway_loop,deadlock,0,49,7,main_domain
train_009965,conflict,conflict,1,40,9,main_domain
train_009966,deadlock,clean,0,51,8,main_domain
train_009967,deadlock,clean,0,46,9,main_domain
train_009968,runaway_loop,runaway_loop,1,49,8,compliance_audit
train_009969,deadlock,conflict,0,20,4,main_domain
train_009970,deadlock,deadlock,0,91,10,main_domain
train_009971,dropped_handoff,dropped_handoff,1,91,10,main_domain
train_009972,dropped_handoff,deadlock,0,27,5,main_domain
train_009973,clean,clean,1,21,6,main_domain
train_009974,clean,clean,1,18,1,compliance_audit
train_009975,clean,clean,1,46,8,main_domain
train_009976,deadlock,clean,0,63,1,main_domain
train_009977,runaway_loop,runaway_loop,0,47,10,compliance_audit
train_009978,deadlock,deadlock,0,52,9,main_domain
train_009979,duplicated_work,conflict,0,51,9,main_domain
train_009980,dropped_handoff,dropped_handoff,0,57,10,main_domain
train_009981,deadlock,deadlock,0,55,10,compliance_audit
train_009982,deadlock,clean,1,98,9,main_domain
train_009983,duplicated_work,duplicated_work,1,64,9,compliance_audit
train_009984,clean,clean,1,77,10,main_domain
train_009985,goal_drift,clean,1,34,1,main_domain
train_009986,duplicated_work,duplicated_work,1,45,10,main_domain
train_009987,duplicated_work,clean,0,25,7,compliance_audit
train_009988,clean,clean,1,34,8,compliance_audit
train_009989,clean,clean,1,46,8,main_domain
train_009990,goal_drift,clean,1,34,1,main_domain
train_009991,dropped_handoff,dropped_handoff,0,45,7,main_domain
train_009992,clean,clean,1,43,7,compliance_audit
train_009993,deadlock,dropped_handoff,0,71,10,compliance_audit
train_009994,clean,clean,1,38,8,main_domain
train_009995,clean,clean,1,68,10,main_domain
train_009996,clean,clean,1,31,7,compliance_audit
train_009997,duplicated_work,goal_drift,0,90,14,main_domain
train_009998,clean,clean,1,15,5,compliance_audit
train_009999,clean,clean,1,37,1,main_domain
